author,commits,prs,comments,reviews,raw_score,score,tier,overall_rank,tier_rank,percentile
potiuk,0,5249,10408,352,74362,100,core,1,1,100.0
kaxil,3,2044,5540,12,31571,100,core,2,2,99.99
ashb,0,1020,8045,5,26305,100,core,3,3,99.98
Jarek Potiuk,4505,0,0,0,22525,100,core,4,4,99.96
uranusjr,0,712,6484,110,20418,100,core,5,5,99.95
jedcunningham,0,853,4296,66,17320,100,core,6,6,99.94
mik-laj,0,930,3523,1,16349,100,core,7,7,99.93
amoghrajesh,0,881,3269,24,15420,100,core,8,8,99.92
dstandish,38,786,2942,41,14057,100,core,9,9,99.91
eladkal,275,691,2572,159,13906,100,core,10,10,99.89
ephraimbuddy,0,830,2446,37,13303,100,core,11,11,99.88
pierrejeambrun,47,617,2719,8,11867,100,core,12,12,99.87
jscheffl,0,747,2011,25,11567,100,core,13,13,99.86
Lee-W,0,511,2905,59,11097,100,core,14,14,99.85
vincbeck,13,572,2307,72,10615,100,core,15,15,99.84
dependabot[bot],282,911,0,0,10520,100,core,16,16,99.82
Taragolis,0,581,1894,163,10087,100,core,17,17,99.81
bbovenzi,0,624,1645,19,9587,100,core,18,18,99.8
Kaxil Naik,1908,0,0,0,9540,100,core,19,19,99.79
github-actions[bot],0,920,0,0,9200,100,core,20,20,99.78
turbaszek,0,391,2208,3,8335,100,core,21,21,99.77
Maxime Beauchemin,1334,0,0,0,6670,100,core,22,22,99.75
hussein-awala,0,408,774,106,5946,100,core,23,23,99.74
o-nikolas,1,221,1814,32,5939,100,core,24,24,99.73
ferruzzi,0,235,1690,24,5802,100,core,25,25,99.72
gopidesupavan,3,438,603,0,5601,100,core,26,26,99.71
Ash Berlin-Taylor,929,0,0,0,4645,100,core,27,27,99.7
josh-fell,23,213,1035,10,4345,100,core,28,28,99.68
Kamil Breguła,821,0,0,0,4105,100,core,29,29,99.67
Jed Cunningham,782,0,0,0,3910,100,core,30,30,99.66
Amogh Desai,778,0,0,0,3890,100,core,31,31,99.65
sunank200,0,171,904,15,3563,100,core,32,32,99.64
bugraoz93,0,227,633,0,3536,100,core,33,33,99.63
jason810496,0,157,980,0,3530,100,core,34,34,99.61
bolkedebruin,100,223,281,17,3343,100,core,35,35,99.6
shahar1,0,185,683,9,3243,100,core,36,36,99.59
Ephraim Anierobi,635,0,0,0,3175,100,core,37,37,99.58
Tzu-ping Chung,620,0,0,0,3100,100,core,38,38,99.57
Daniel Standish,618,0,0,0,3090,100,core,39,39,99.55
feluelle,0,109,989,0,3068,100,core,40,40,99.54
Jens Scheffler,596,0,0,0,2980,100,core,41,41,99.53
rawwar,0,209,408,5,2921,100,core,42,42,99.52
XD-DENG,6,212,375,0,2900,100,core,43,43,99.5
Brent Bovenzi,580,0,0,0,2900,100,core,43,43,99.5
vatsrahul1001,70,162,458,1,2889,100,core,45,45,99.48
kacpermuda,0,200,353,22,2772,100,core,46,46,99.47
Andrey Anshin,536,0,0,0,2680,100,core,47,47,99.46
utkarsharma2,0,152,522,20,2624,100,core,48,48,99.45
Vincent,507,0,0,0,2535,100,core,49,49,99.44
dimberman,2,169,403,0,2506,100,core,50,50,99.43
guan404ming,0,178,342,0,2464,100,core,51,51,99.41
mistercrunch,0,237,0,0,2370,100,core,52,52,99.4
tirkarthi,0,179,255,4,2312,100,core,53,53,99.39
Pierre Jeambrun,459,0,0,0,2295,100,core,54,54,99.38
BasPH,26,137,386,0,2272,100,core,55,55,99.37
pankajkoti,0,84,605,59,2227,100,core,56,56,99.36
pankajastro,4,112,462,44,2196,100,core,57,57,99.34
Bolke de Bruin,436,0,0,0,2180,100,core,58,58,99.33
VladaZakharova,101,108,271,5,2142,100,core,59,59,99.32
dirrao,2,144,194,95,2123,100,core,60,60,99.31
Wei Lee,408,0,0,0,2040,100,core,61,61,99.3
jlowin,128,133,0,0,1970,100,core,62,62,99.29
mobuchowski,0,109,414,13,1957,100,core,63,63,99.27
dabla,0,130,312,5,1939,100,core,64,64,99.26
GPK,380,0,0,0,1900,100,core,65,65,99.25
vandonr-amz,0,97,408,15,1831,100,core,66,66,99.24
Elad Kalif,366,0,0,0,1830,100,core,67,67,99.23
Maxime,364,0,0,0,1820,100,core,68,68,99.22
Hussein Awala,359,0,0,0,1795,100,core,69,69,99.2
Bowrna,73,93,192,20,1739,100,core,70,70,99.19
raphaelauv,87,114,73,3,1730,100,core,71,71,99.18
phanikumv,0,83,367,28,1648,100,core,72,72,99.17
jhtimmins,4,116,217,0,1614,100,core,73,73,99.16
romsharon98,0,112,174,6,1486,100,core,74,74,99.14
TobKed,46,88,182,0,1474,100,core,75,75,99.13
eumiro,0,134,50,0,1440,100,core,76,76,99.12
Dev-iL,49,60,285,0,1415,100,core,77,77,99.11
Fokko,0,122,94,0,1408,100,core,78,78,99.1
ryanahamilton,0,97,216,1,1405,100,core,79,79,99.09
syedahsn,17,72,242,33,1388,100,core,80,80,99.07
dheerajturaga,0,107,140,0,1350,100,core,81,81,99.06
choo121600,0,112,105,0,1330,100,core,82,82,99.05
MaksYermak,11,98,120,1,1278,100,core,83,83,99.04
shubhamraj-git,0,87,148,0,1166,100,core,84,84,99.03
moiseenkov,0,94,97,6,1152,100,core,85,85,99.02
zhongjiajie,13,69,181,1,1120,100,core,86,86,99.0
jbampton,0,111,4,0,1118,100,core,87,87,98.99
D. Ferruzzi,219,0,0,0,1095,100,core,88,88,98.98
aritra24,0,65,221,0,1092,100,core,89,89,98.97
houqp,0,69,187,0,1064,100,core,90,90,98.96
michalslowikowski00,0,62,214,0,1048,100,core,91,91,98.95
feng-tao,0,102,6,0,1032,100,core,92,92,98.93
sekikn,0,102,3,0,1026,100,core,93,93,98.92
Tomek Urbaszek,201,0,0,0,1005,100,core,94,94,98.91
RNHTTR,0,63,174,3,987,100,core,95,95,98.9
msumit,0,79,90,0,970,100,core,96,96,98.88
Kacper Muda,194,0,0,0,970,100,core,96,96,98.88
subkanthi,0,66,148,0,956,100,core,98,98,98.86
r39132,45,73,0,0,955,100,core,99,99,98.85
SamWheating,0,59,177,0,944,100,core,100,100,98.84
Jeremiah Lowin,188,0,0,0,940,100,core,101,101,98.82
AutomationDev85,48,56,70,0,940,100,core,101,101,98.82
RoyLee1224,0,64,145,0,930,100,core,103,103,98.81
Niko Oliveira,180,0,0,0,900,100,core,104,104,98.79
Bugra Ozturk,176,0,0,0,880,100,core,105,105,98.78
jmcarp,0,86,10,0,880,100,core,105,105,98.78
Aakcht,55,55,27,0,879,100,core,107,107,98.76
rich7420,25,70,19,0,863,100,core,108,108,98.75
Josh Fell,169,0,0,0,845,100,core,109,109,98.73
pingzh,0,65,95,0,840,100,core,110,110,98.72
Prab-27,0,57,132,0,834,100,core,111,111,98.71
yuqian90,31,42,125,0,825,100,core,112,112,98.7
Chris Riccomini,160,0,0,0,800,100,core,113,113,98.69
milton0825,2,73,29,0,798,100,core,114,114,98.67
henry3260,0,69,54,0,798,100,core,114,114,98.67
Karthikeyan Singaravelan,159,0,0,0,795,100,core,116,116,98.65
KoviAnusha,0,58,104,0,788,100,core,117,117,98.64
JDarDagran,11,41,139,14,785,100,core,118,118,98.63
kazanzhy,0,53,121,0,772,100,core,119,119,98.62
Shahar Epstein,149,0,0,0,745,100,core,120,120,98.61
ramitkataria,0,41,164,0,738,100,core,121,121,98.59
chenglongyan,0,71,13,0,736,100,core,122,122,98.58
olegkachur-e,43,47,20,0,725,100,core,123,123,98.57
malthe,0,54,86,0,712,100,core,124,124,98.56
bkossakowska,3,50,87,4,701,100,core,125,125,98.55
xinbinhuang,0,37,163,0,696,100,core,126,126,98.54
Guan Ming(Wesley) Chiu,139,0,0,0,695,100,core,127,127,98.52
aoen,10,59,26,0,692,100,core,128,128,98.51
mhenc,25,33,118,0,691,100,core,129,129,98.5
Arthur Wiedmer,137,0,0,0,685,100,core,130,130,98.49
khalidmammadov,0,58,47,0,674,100,core,131,131,98.48
bdsoha,0,59,41,0,672,100,core,132,132,98.47
Ankit Chaurasia,134,0,0,0,670,100,core,133,133,98.45
jroachgolf84,1,48,88,0,661,100,core,134,134,98.44
chethanuk,0,62,15,0,650,100,core,135,135,98.42
Kalyan R,130,0,0,0,650,100,core,135,135,98.42
saguziel,0,63,8,0,646,100,core,137,137,98.41
tooptoop4,25,42,49,0,643,100,core,138,138,98.4
Gopal Dirisala,127,0,0,0,635,100,core,139,139,98.38
xBis7,0,11,261,0,632,100,active,140,1,98.37
Fokko Driesprong,126,0,0,0,630,100,core,141,140,98.36
Tomek,125,0,0,0,625,100,core,142,141,98.35
Nataneljpwd,11,15,209,0,623,100,core,143,142,98.34
Miroslav Šedivý,121,0,0,0,605,100,core,144,143,98.32
Miretpl,0,41,92,0,594,100,core,145,144,98.31
alexott,0,29,152,0,594,100,core,145,144,98.31
Daniel Imberman,115,0,0,0,575,100,core,147,146,98.28
Adaverse,0,35,108,3,575,100,core,147,146,98.28
kyungjunleeme,0,46,56,0,572,100,core,149,148,98.27
JavierLopezT,20,33,65,0,560,100,core,150,149,98.25
blag,17,26,103,0,551,100,core,151,150,98.24
David Blain,110,0,0,0,550,100,core,152,151,98.23
sjyangkevin,0,28,131,0,542,100,core,153,152,98.22
baolsen,0,33,105,0,540,100,core,154,153,98.21
Siddharth Anand,106,0,0,0,530,100,core,155,154,98.2
ellisms,23,24,60,18,529,100,core,156,155,98.18
LIU ZHE YOU,105,0,0,0,525,100,core,157,156,98.17
xchwan,0,46,27,0,514,100,core,158,157,98.16
kevinhongzl,0,47,19,0,508,100,core,159,158,98.15
nailo2c,0,44,32,0,504,100,core,160,159,98.14
Pankaj Singh,99,0,0,0,495,100,core,161,160,98.13
ghost,0,48,0,0,480,100,core,162,161,98.11
Raphaël Vandon,96,0,0,0,480,100,core,162,161,98.11
bhirsz,0,28,99,0,478,100,core,164,163,98.09
Copilot,0,0,238,0,476,100,observer,165,1,98.08
Utkarsh Sharma,95,0,0,0,475,100,core,166,164,98.07
criccomini,0,47,2,0,474,100,core,167,165,98.06
Kengo Seki,94,0,0,0,470,100,core,168,166,98.04
John Bampton,94,0,0,0,470,100,core,168,166,98.04
ryanyuan,0,43,18,0,466,100,core,170,168,98.02
rom sharon,92,0,0,0,460,100,core,171,169,98.0
Maksim,92,0,0,0,460,100,core,171,169,98.0
ryw,0,44,9,0,458,100,core,173,171,97.98
Crowiant,0,39,34,0,458,100,core,173,171,97.98
dondaum,0,32,58,7,457,100,core,175,173,97.96
vchiapaikeo,0,38,38,0,456,100,core,176,174,97.95
Ryan Hamilton,91,0,0,0,455,100,core,177,175,97.93
lwyszomi,0,34,56,1,455,100,core,177,175,97.93
PApostol,28,29,12,0,454,100,core,179,177,97.91
TJaniF,0,24,102,1,447,100,core,180,178,97.9
max,89,0,0,0,445,100,core,181,179,97.89
Xiaodong,89,0,0,0,445,100,core,181,179,97.89
Xiaodong DENG,87,0,0,0,435,100,core,183,181,97.86
Dheeraj Turaga,87,0,0,0,435,100,core,183,181,97.86
Maciej Obuchowski,86,0,0,0,430,100,core,185,183,97.84
Sumit Maheshwari,86,0,0,0,430,100,core,185,183,97.84
Owen-CH-Leung,0,30,62,1,427,100,core,187,185,97.82
pateash,0,29,68,0,426,100,core,188,186,97.81
Arunodoy18,0,41,6,0,422,100,core,189,187,97.8
vikramkoka,0,28,68,0,416,100,core,190,188,97.79
edithturn,3,31,45,0,415,100,core,191,189,97.77
Yeonguk Choo,83,0,0,0,415,100,core,191,189,97.77
dominikhei,7,32,28,0,411,100,core,193,191,97.75
Shubham Raj,82,0,0,0,410,100,core,194,192,97.74
fritz-astronomer,19,28,17,0,409,100,core,195,193,97.73
jx2lee,0,28,64,0,408,100,core,196,194,97.71
Jorricks,0,24,84,0,408,100,core,196,194,97.71
James Timmins,81,0,0,0,405,100,core,198,196,97.69
majorosdonat,24,26,10,0,400,100,core,199,197,97.67
skudriashev,0,40,0,0,400,100,core,199,197,97.67
steveahnahn,0,35,23,0,396,100,core,201,199,97.66
prabhusneha,0,20,96,0,392,100,core,202,200,97.64
KevinYang21,0,37,11,0,392,100,core,202,200,97.64
blcksrx,0,33,30,0,390,100,core,204,202,97.62
Pankaj Koti,78,0,0,0,390,100,core,204,202,97.62
hankehly,0,19,99,0,388,100,active,206,2,97.6
ahmadtfarhan,0,5,168,0,386,100,active,207,3,97.59
norm,0,25,66,0,382,100,core,208,204,97.57
omkar-foss,0,22,80,0,380,100,core,209,205,97.56
jgao54,2,37,0,0,380,100,core,209,205,97.56
e-galan,0,18,54,30,378,100,active,211,4,97.54
Phani Kumar,74,0,0,0,370,100,core,212,207,97.53
andrewgodwin,0,24,64,0,368,100,core,213,208,97.52
Joshua Carp,73,0,0,0,365,100,core,214,209,97.5
HsiuChuanHsu,0,28,42,0,364,100,core,215,210,97.49
shohamy7,20,22,22,0,364,100,core,215,210,97.49
insomnes,0,31,25,0,360,100,core,217,212,97.46
artwr,0,36,0,0,360,100,core,217,212,97.46
SameerMesiah97,9,18,67,0,359,100,core,219,214,97.45
josix,0,29,34,0,358,100,core,220,215,97.43
Bas Harenslak,71,0,0,0,355,100,core,221,216,97.42
bharanidharan14,1,12,115,0,355,100,active,221,5,97.42
ecodina,18,25,7,0,354,100,core,223,217,97.39
ecerulm,0,27,42,0,354,100,core,223,217,97.39
coopergillan,0,26,44,2,354,100,core,223,217,97.39
nathadfield,1,27,24,10,353,100,core,226,220,97.36
junnplus,0,29,28,0,346,100,core,227,221,97.35
OmairK,0,21,64,0,338,100,core,228,222,97.34
Felix Uellendall,67,0,0,0,335,100,core,229,223,97.33
Acehaidrey,0,27,30,0,330,100,core,230,224,97.32
Rahul Vats,65,0,0,0,325,100,core,231,225,97.3
Sid Anand,65,0,0,0,325,100,core,231,225,97.3
0lai0,0,31,7,0,324,100,core,233,227,97.28
collinmcnulty,0,24,41,0,322,100,core,234,228,97.27
kunaljubce,0,26,30,0,320,100,core,235,229,97.26
Kanthi,63,0,0,0,315,100,core,236,230,97.25
bhavaniravi,0,29,12,0,314,100,core,237,231,97.24
molcay,0,26,26,0,312,100,core,238,232,97.22
yangyulely,15,22,7,0,309,100,core,239,233,97.21
jaketf,0,16,74,0,308,100,active,240,6,97.2
phi-friday,13,15,37,4,301,100,core,241,234,97.19
NielsZeilemaker,0,30,0,0,300,100,core,242,235,97.18
RosterIn,9,13,61,0,297,100,core,243,236,97.16
john-jac,14,17,28,0,296,100,core,244,237,97.15
Dan Davydov,59,0,0,0,295,100,core,245,238,97.14
snjypl,0,27,11,0,292,100,core,246,239,97.12
Jasperora,0,24,26,0,292,100,core,246,239,97.12
sc250072,0,17,56,2,288,100,active,248,7,97.11
Kevin Yang,57,0,0,0,285,100,core,249,241,97.09
"LI,JHE-CHEN",57,0,0,0,285,100,core,249,241,97.09
robinedwards,0,24,22,0,284,100,core,251,243,97.07
perry2of5,14,16,25,0,280,100,core,252,244,97.05
hterik,0,16,60,0,280,100,active,252,8,97.05
Joffreybvn,0,20,37,2,280,100,core,252,244,97.05
cmarteepants,0,26,9,0,278,100,core,255,246,97.02
Aritra Basu,55,0,0,0,275,100,core,256,247,97.0
Chenglong Yan,55,0,0,0,275,100,core,256,247,97.0
Joy Gao,55,0,0,0,275,100,core,256,247,97.0
wolfier,0,22,23,0,266,100,core,259,250,96.97
r-richmond,12,19,8,0,266,100,core,259,250,96.97
Ping Zhang,53,0,0,0,265,100,core,261,252,96.95
karenbraganz,0,21,27,0,264,100,core,262,253,96.94
anitakar,0,15,56,0,262,100,active,263,9,96.93
Sam Wheating,52,0,0,0,260,100,core,264,254,96.92
m1racoli,0,16,39,7,259,100,active,265,10,96.91
aneesh-joseph,0,14,56,0,252,100,active,266,11,96.9
ffinfo,0,25,0,0,250,100,core,267,255,96.86
wjddn279,0,21,20,0,250,100,core,267,255,96.86
pgagnon,0,20,25,0,250,100,core,267,255,96.86
casassg,0,4,105,0,250,100,contributor,267,1,96.86
drdenzy,0,21,20,0,250,100,core,267,255,96.86
tatiana,0,10,69,3,247,100,active,272,12,96.83
mingdaoy,16,16,3,0,246,100,core,273,259,96.81
Dov Benyomin Sohacheski,49,0,0,0,245,100,core,274,260,96.8
howardyoo,0,10,72,0,244,100,active,275,13,96.78
prdai,0,11,67,0,244,100,active,275,13,96.78
kosteev,0,10,72,0,244,100,active,275,13,96.78
dolfinus,0,20,20,0,240,100,core,278,261,96.75
boraberke,0,21,11,0,232,100,core,279,262,96.74
dhuang,0,22,6,0,232,100,core,279,262,96.74
Chao-Han Tsai,46,0,0,0,230,100,core,281,264,96.7
Jiajie Zhong,46,0,0,0,230,100,core,281,264,96.7
Dmytro Kazanzhy,46,0,0,0,230,100,core,281,264,96.7
chethanuk-plutoflume,46,0,0,0,230,100,core,281,264,96.7
Alex Guziel,46,0,0,0,230,100,core,281,264,96.7
rootcss,0,17,28,0,226,100,active,286,16,96.66
kandharvishnu,9,16,10,0,225,100,core,287,269,96.65
wojsamjan,0,20,11,0,222,100,core,288,270,96.63
github-advanced-security[bot],0,0,111,0,222,100,observer,288,2,96.63
seanghaeli,0,18,21,0,222,100,active,288,17,96.63
QP Hou,44,0,0,0,220,100,core,291,271,96.59
ldct,0,22,0,0,220,100,core,291,271,96.59
Khalid Mammadov,44,0,0,0,220,100,core,291,271,96.59
Ryan Hatter,43,0,0,0,215,100,core,294,274,96.55
Malthe Borch,43,0,0,0,215,100,core,294,274,96.55
Tao Feng,43,0,0,0,215,100,core,294,274,96.55
Zhen-Lun (Kevin) Hong,43,0,0,0,215,100,core,294,274,96.55
justinpakzad,0,18,17,0,214,100,active,298,18,96.52
tanelk,0,15,31,0,212,100,active,299,19,96.5
mariotaddeucci,0,18,16,0,212,100,active,299,19,96.5
Michał Słowikowski,42,0,0,0,210,100,core,301,278,96.47
wrp,0,21,0,0,210,100,core,301,278,96.47
alexvanboxel,0,21,0,0,210,100,core,301,278,96.47
tedmiston,0,21,0,0,210,100,core,301,278,96.47
pawelgrochowicz,12,13,9,0,208,100,core,305,282,96.44
zachliu,0,15,27,0,204,100,active,306,21,96.42
seelmann,0,20,2,0,204,100,core,306,283,96.42
VBhojawala,0,16,22,0,204,100,active,306,21,96.42
Swalloow,4,15,16,0,202,100,active,309,23,96.39
davlum,5,11,33,0,201,100,active,310,24,96.38
Anusha Kovi,40,0,0,0,200,100,core,311,284,96.33
Ramit Kataria,40,0,0,0,200,100,core,311,284,96.33
ambika-garg,2,12,35,0,200,100,active,311,25,96.33
Henry Chen,40,0,0,0,200,100,core,311,284,96.33
gwax,0,20,0,0,200,100,core,311,284,96.33
astahlman,0,20,0,0,200,100,core,311,284,96.33
abridgett,0,20,0,0,200,100,core,311,284,96.33
leahecole,0,16,19,0,198,100,active,318,26,96.29
OmerJog,10,12,13,0,196,100,core,319,290,96.27
harishkrao,0,6,68,0,196,100,active,319,27,96.27
Beata Kossakowska,39,0,0,0,195,100,core,321,291,96.25
marcosmarxm,0,7,62,0,194,100,active,322,28,96.21
vemikhaylov,0,14,27,0,194,100,active,322,28,96.21
alexkruc,0,11,42,0,194,100,active,322,28,96.21
frankcash,0,16,17,0,194,100,active,322,28,96.21
mlgruby,0,15,22,0,194,100,active,322,28,96.21
michaelmicheal,0,16,17,0,194,100,active,322,28,96.21
zach-overflow,0,11,41,0,192,100,active,328,34,96.16
karunpoudel,10,12,11,0,192,100,core,328,292,96.16
avkirilishin,0,17,6,3,191,100,active,330,35,96.14
uzhastik,11,11,13,0,191,100,core,330,293,96.14
mustafagok,0,12,35,0,190,100,active,332,36,96.08
fenglu-db,0,19,0,0,190,100,active,332,36,96.08
fredthomsen,0,16,15,0,190,100,active,332,36,96.08
Pratiksha,38,0,0,0,190,100,core,332,294,96.08
Tao feng,38,0,0,0,190,100,core,332,294,96.08
gtoonstra,16,11,0,0,190,100,core,332,294,96.08
ishiis,10,11,15,0,190,100,core,332,294,96.08
KamranImaaz,0,16,15,0,190,100,active,332,36,96.08
RachitSharma2001,7,9,31,0,187,100,active,340,40,96.03
gyli,0,9,48,0,186,100,active,341,41,96.0
topherinternational,0,15,18,0,186,100,active,341,41,96.0
francescomucio,0,11,38,0,186,100,active,341,41,96.0
Srabasti,0,15,18,0,186,100,active,341,41,96.0
Ry Walker,37,0,0,0,185,100,core,345,298,95.97
deedmitrij,10,11,12,0,184,100,core,346,299,95.95
CYarros10,0,16,12,0,184,100,active,346,45,95.95
denimalpaca,0,12,32,0,184,100,active,346,45,95.95
Przemysław Mirowski,36,0,0,0,180,100,core,349,300,95.92
verdan,0,18,0,0,180,100,active,349,47,95.92
DjVinnii,0,15,14,0,178,100,active,351,48,95.89
simi,0,15,14,0,178,100,active,351,48,95.89
KatalKavya96,0,17,3,0,176,100,active,353,50,95.88
Nitochkin,35,0,0,0,175,100,core,354,301,95.86
Satoshi-Sh,0,13,14,5,173,100,active,355,51,95.85
FloChehab,1,14,14,0,173,100,active,355,51,95.85
arjunanan6,0,15,11,0,172,100,active,357,53,95.81
eskarimov,0,9,41,0,172,100,active,357,53,95.81
mjpieters,0,11,31,0,172,100,active,357,53,95.81
Pei-Cheng-Yu,0,11,31,0,172,100,active,357,53,95.81
olchas,0,8,46,0,172,100,active,357,53,95.81
Aaron Chen,34,0,0,0,170,100,core,362,302,95.74
edgarRd,0,17,0,0,170,100,active,362,58,95.74
dazza-codes,0,7,50,0,170,100,active,362,58,95.74
Victor Chiapaikeo,34,0,0,0,170,100,core,362,302,95.74
gmsantos,0,15,10,0,170,100,active,362,58,95.74
Tobiasz Kędzierski,34,0,0,0,170,100,core,362,302,95.74
Jake Roach,34,0,0,0,170,100,core,362,302,95.74
simonprydden,10,11,4,0,168,100,core,369,306,95.69
Khrol,0,14,13,0,166,100,active,370,61,95.67
jsjasonseba,0,14,13,0,166,100,active,370,61,95.67
Stanislav Kudriashev,33,0,0,0,165,100,core,372,307,95.64
Akash Sharma,33,0,0,0,165,100,core,372,307,95.64
Xch1,33,0,0,0,165,100,core,372,307,95.64
madison-ookla,0,12,22,0,164,100,active,375,63,95.6
Subham-KRLX,0,15,7,0,164,100,active,375,63,95.6
22quinn,0,13,17,0,164,100,active,375,63,95.6
anshuksi282-ksolves,2,12,17,0,164,100,active,375,63,95.6
mrkm4ntr,0,16,1,0,162,100,active,379,67,95.55
randr97,0,10,31,0,162,100,active,379,67,95.55
ms32035,0,14,11,0,162,100,active,379,67,95.55
arnoldmr01,6,8,26,0,162,100,active,379,67,95.55
alexbegg,0,12,21,0,162,100,active,379,67,95.55
pgvishnuram,8,10,10,0,160,100,active,384,72,95.48
patrickleotardif,0,16,0,0,160,100,active,384,72,95.48
Niko,32,0,0,0,160,100,core,384,310,95.48
Sebastian Daum,32,0,0,0,160,100,core,384,310,95.48
pavansharma36,0,13,15,0,160,100,active,384,72,95.48
andriisoldatenko,0,15,5,0,160,100,active,384,72,95.48
abhishekbhakat,0,13,15,0,160,100,active,384,72,95.48
chipmyersjr,9,9,12,0,159,100,active,391,77,95.43
ianbuss,0,9,34,0,158,100,active,392,78,95.41
edwardwang888,0,9,34,0,158,100,active,392,78,95.41
darkag,7,10,11,0,157,100,active,394,80,95.4
humit0,0,14,8,0,156,100,active,395,81,95.37
flolas,0,11,23,0,156,100,active,395,81,95.37
Melodie97,0,13,13,0,156,100,active,395,81,95.37
okirialbert,0,13,13,0,156,100,active,395,81,95.37
Łukasz Wyszomirski,31,0,0,0,155,100,core,399,312,95.33
mtustin-handy,9,11,0,0,155,100,core,399,312,95.33
anishgirianish,4,12,7,0,154,100,active,401,85,95.31
kurtqq,6,11,6,0,152,100,active,402,86,95.29
wolvery,0,11,21,0,152,100,active,402,86,95.29
aoelvp94,0,6,46,0,152,100,active,402,86,95.29
Kyungjun Lee,30,0,0,0,150,100,core,405,314,95.26
Bisk1,0,11,20,0,150,100,active,405,89,95.26
Ryan Yuan,30,0,0,0,150,100,core,405,314,95.26
retornam,7,9,12,0,149,100,active,408,90,95.23
Brunda10,3,10,16,0,147,100,active,409,91,95.22
dylanbstorey,0,6,43,0,146,100,active,410,92,95.2
mnojek,0,6,43,0,146,100,active,410,92,95.2
oscarhernandezrodriguez,0,0,73,0,146,100,observer,410,3,95.2
Felix,29,0,0,0,145,100,core,413,316,95.16
Xinbin Huang,29,0,0,0,145,100,core,413,316,95.16
Alex Ott,29,0,0,0,145,100,core,413,316,95.16
aaltay,0,1,67,0,144,100,contributor,416,2,95.13
abhijeets25012-tech,2,11,12,0,144,100,active,416,94,95.13
ahidalgob,0,5,42,3,143,100,active,418,95,95.11
sunkickr,0,11,16,0,142,100,active,419,96,95.07
dnskr,0,13,6,0,142,100,active,419,96,95.07
pcandoalmeida,0,9,26,0,142,100,active,419,96,95.07
AetherUnbound,0,14,1,0,142,100,active,419,96,95.07
argibbs,0,7,36,0,142,100,active,419,96,95.07
dacort,0,5,46,0,142,100,active,419,96,95.07
LipuFei,0,11,16,0,142,100,active,419,96,95.07
xnuinside,0,14,0,0,140,100,active,426,103,94.98
IKholopov,0,9,25,0,140,100,active,426,103,94.98
dejii,0,11,15,0,140,100,active,426,103,94.98
harjeevanmaan,0,12,10,0,140,100,active,426,103,94.98
asnir,10,9,0,0,140,100,active,426,103,94.98
danielvdende,0,14,0,0,140,100,active,426,103,94.98
onestn,0,13,5,0,140,100,active,426,103,94.98
Abhishek-kumar-ISM,0,12,10,0,140,100,active,426,103,94.98
JCoder01,7,10,2,0,139,100,active,434,111,94.92
odaneau-astro,1,10,17,0,139,100,active,434,111,94.92
gaurav7261,6,7,19,0,138,100,active,436,113,94.9
Jakub Dardzinski,27,0,0,0,135,100,core,437,319,94.87
bangjiehan,9,9,0,0,135,100,active,437,114,94.87
Patrick Leo Tardif,27,0,0,0,135,100,core,437,319,94.87
Rimas Silkaitis,27,0,0,0,135,100,core,437,319,94.87
arjav1528,0,11,12,0,134,100,active,441,115,94.84
uplsh580,0,13,2,0,134,100,active,441,115,94.84
rohan472000,0,10,15,1,133,100,active,443,117,94.81
FHoffmannCode,1,3,49,0,133,100,contributor,443,3,94.81
atrbgithub,5,9,9,0,133,100,active,443,117,94.81
ad-m,0,3,51,0,132,100,contributor,446,4,94.78
drajguru,0,12,3,2,132,100,active,446,119,94.78
csp33,0,11,9,1,131,100,active,448,120,94.76
Owen Leung,26,0,0,0,130,100,core,449,322,94.68
Syed Hussaain,26,0,0,0,130,100,core,449,322,94.68
IAL32,0,10,15,0,130,100,active,449,121,94.68
ricky-chaoju,0,11,10,0,130,100,active,449,121,94.68
Vikram Koka,26,0,0,0,130,100,core,449,322,94.68
marengaz,8,9,0,0,130,100,active,449,121,94.68
jieyao-MilestoneHub,0,7,30,0,130,100,active,449,121,94.68
Kalyan,26,0,0,0,130,100,core,449,322,94.68
andreahlert,0,11,10,0,130,100,active,449,121,94.68
YingboWang,0,9,20,0,130,100,active,449,121,94.68
Noremac201,0,13,0,0,130,100,active,449,121,94.68
Bhavani Ravi,26,0,0,0,130,100,core,449,322,94.68
Constance Martineau,26,0,0,0,130,100,core,449,322,94.68
apilaskowski,0,7,30,0,130,100,active,449,121,94.68
tnk-ysk,7,8,7,0,129,100,active,463,129,94.58
dzhigimont,0,8,23,1,129,100,active,463,129,94.58
joppevos,0,9,19,0,128,100,active,465,131,94.56
akki,0,7,29,0,128,100,active,465,131,94.56
fweilun,7,8,6,0,127,100,active,467,133,94.54
csm10495,0,10,13,0,126,100,active,468,134,94.52
aaron-wolmutt,0,8,23,0,126,100,active,468,134,94.52
EricGao888,0,11,8,0,126,100,active,468,134,94.52
mtagle,0,12,2,0,124,100,active,471,137,94.46
BobDu,0,11,7,0,124,100,active,471,137,94.46
igorborgest,0,5,37,0,124,100,active,471,137,94.46
vijayasarathib,0,12,2,0,124,100,active,471,137,94.46
kgw7401,0,11,7,0,124,100,active,471,137,94.46
MrGeorgeOwl,0,7,27,0,124,100,active,471,137,94.46
rsg17,1,7,24,0,123,100,active,477,143,94.42
shubham22,0,0,61,0,122,100,observer,478,4,94.39
fdemiane,0,10,11,0,122,100,active,478,144,94.39
OscarLigthart,0,10,11,0,122,100,active,478,144,94.39
AlexisBRENON,0,10,11,0,122,100,active,478,144,94.39
Mikhail Dengin,24,0,0,0,120,100,core,482,328,94.32
Syed Hussain,24,0,0,0,120,100,core,482,328,94.32
thoralf-gutierrez,0,12,0,0,120,100,active,482,147,94.32
Bjorn Olsen,24,0,0,0,120,100,core,482,328,94.32
drewsonne,0,12,0,0,120,100,active,482,147,94.32
Andrew Godwin,24,0,0,0,120,100,core,482,328,94.32
hardeybisey,0,10,10,0,120,100,active,482,147,94.32
serkef,0,9,15,0,120,100,active,482,147,94.32
chirodip98,0,7,24,0,118,100,active,490,151,94.26
cjames23,0,4,39,0,118,100,contributor,490,5,94.26
iharsh02,0,7,24,0,118,100,active,490,151,94.26
nrnavaneet,0,11,3,0,116,100,active,493,153,94.24
Adrian Bridgett,23,0,0,0,115,100,core,494,332,94.2
Wei-Yu Chen,23,0,0,0,115,100,core,494,332,94.2
Mark Norman Francis,23,0,0,0,115,100,core,494,332,94.2
suiting-young,5,7,10,0,115,100,active,494,154,94.2
mans2singh,7,8,0,0,115,100,active,494,154,94.2
Bartłomiej Hirsz,23,0,0,0,115,100,core,494,332,94.2
Narendra-Neerukonda,4,9,2,0,114,100,active,500,156,94.11
ckljohn,0,11,2,0,114,100,active,500,156,94.11
poorvirohidekar,0,9,12,0,114,100,active,500,156,94.11
Brooke-white,0,1,52,0,114,100,contributor,500,6,94.11
dwreeves,0,8,17,0,114,100,active,500,156,94.11
jlaneve,0,10,7,0,114,100,active,500,156,94.11
natanweinberger,4,4,27,0,114,100,active,500,156,94.11
jrderuiter,0,10,7,0,114,100,active,500,156,94.11
joaopamaral,0,9,12,0,114,100,active,500,156,94.11
codecae,7,7,4,0,113,100,active,509,164,94.04
j-y-matsubara,3,5,24,0,113,100,active,509,164,94.04
fhoda,0,10,6,0,112,100,active,511,166,94.0
fpopic,0,10,6,0,112,100,active,511,166,94.0
KesharwaniArpita,0,10,6,0,112,100,active,511,166,94.0
rahul-madaan,0,7,21,0,112,100,active,511,166,94.0
itayB,0,10,6,0,112,100,active,511,166,94.0
okayhooni,0,10,4,1,111,100,active,516,171,93.96
nhuantho,5,7,8,0,111,100,active,516,171,93.96
oboki,5,6,13,0,111,100,active,516,171,93.96
normster,0,11,0,0,110,100,active,519,174,93.84
sarutak,0,6,25,0,110,100,active,519,174,93.84
Krishna Puttaswamy,22,0,0,0,110,100,core,519,336,93.84
Josix,22,0,0,0,110,100,core,519,336,93.84
bharathpalaksha,0,11,0,0,110,100,active,519,174,93.84
Lohith625,0,9,10,0,110,100,active,519,174,93.84
GUAN-HAO HUANG,22,0,0,0,110,100,core,519,336,93.84
Steve Ahn,22,0,0,0,110,100,core,519,336,93.84
Kunal Bhattacharya,22,0,0,0,110,100,core,519,336,93.84
ChenChen Lai,22,0,0,0,110,100,core,519,336,93.84
erdos2n,0,9,10,0,110,100,active,519,174,93.84
Ashish Patel,22,0,0,0,110,100,core,519,336,93.84
Jun,22,0,0,0,110,100,core,519,336,93.84
patricker,0,10,5,0,110,100,active,519,174,93.84
andscoop,0,11,0,0,110,100,active,519,174,93.84
mvfc,0,9,10,0,110,100,active,519,174,93.84
geraj1010,1,7,17,0,109,100,active,535,182,93.74
lucafuji,0,7,19,0,108,100,active,536,183,93.71
valentinDruzhinin,0,9,9,0,108,100,active,536,183,93.71
yunchipang,0,10,4,0,108,100,active,536,183,93.71
JulesTriomphe,6,7,4,0,108,100,active,536,183,93.71
suii2210,0,10,4,0,108,100,active,536,183,93.71
amichai07,2,4,28,0,106,100,active,541,188,93.67
mingshi-wang,0,6,23,0,106,100,active,541,188,93.67
Ajay9704,1,8,10,0,105,100,active,543,190,93.62
roitvt,1,3,35,0,105,100,contributor,543,7,93.62
ohadmata,1,8,10,0,105,100,active,543,190,93.62
haoliang7,1,10,0,0,105,100,active,543,190,93.62
Bora Berke Sahin,21,0,0,0,105,100,core,543,344,93.62
mateuslatrova,3,8,2,2,105,100,active,543,190,93.62
hsrocks,0,4,32,0,104,100,contributor,549,8,93.57
zacharya19,0,5,27,0,104,100,active,549,194,93.57
shreyaskj-0710,2,6,16,0,102,100,active,551,195,93.53
rajaths010494,0,7,16,0,102,100,active,551,195,93.53
KevYuen,0,10,1,0,102,100,active,551,195,93.53
V0lantis,0,9,6,0,102,100,active,551,195,93.53
sungwy,0,9,6,0,102,100,active,551,195,93.53
Mike Kerzhner,20,0,0,0,100,100,core,556,345,93.39
andyxhadji,0,10,0,0,100,100,active,556,200,93.39
Cooper Gillan,20,0,0,0,100,100,core,556,345,93.39
Ruben Laguna,20,0,0,0,100,100,core,556,345,93.39
Jorrick Sleijster,20,0,0,0,100,100,core,556,345,93.39
wileeam,0,10,0,0,100,100,active,556,200,93.39
William Pursell,20,0,0,0,100,100,core,556,345,93.39
underyx,0,10,0,0,100,100,active,556,200,93.39
stamixthereal,0,6,20,0,100,100,active,556,200,93.39
Guan-Ming (Wesley) Chiu,20,0,0,0,100,100,core,556,345,93.39
Lzzz666,0,10,0,0,100,100,active,556,200,93.39
caxefaizan,6,7,0,0,100,100,active,556,200,93.39
jaymasiwal,4,8,0,0,100,100,active,556,200,93.39
sarth-akvaish,0,9,5,0,100,100,active,556,200,93.39
allisonwang,0,10,0,0,100,100,active,556,200,93.39
PNL0,0,2,40,0,100,100,contributor,556,9,93.39
Alex Van Boxel,20,0,0,0,100,100,core,556,345,93.39
youngyjd,0,10,0,0,100,100,active,556,200,93.39
jmelot,0,5,25,0,100,100,active,556,200,93.39
boushphong,1,8,7,0,99,99,active,575,211,93.26
Eason09053360,1,9,2,0,99,99,active,575,211,93.26
arkadiuszbach,3,8,2,0,99,99,active,575,211,93.26
casra-developers,2,3,29,0,98,98,active,578,214,93.22
luoyuliuyin,4,6,9,0,98,98,active,578,214,93.22
johnhoran,0,6,19,0,98,98,active,578,214,93.22
Pyasma,0,7,14,0,98,98,active,578,214,93.22
potix2,0,4,29,0,98,98,contributor,578,10,93.22
nevcohen,1,1,41,0,97,97,contributor,583,11,93.18
mikaeld,0,7,13,0,96,96,active,584,218,93.12
Asquator,0,4,28,0,96,96,contributor,584,12,93.12
gitstart-airflow,0,9,3,0,96,96,active,584,218,93.12
merobi-hub,0,8,8,0,96,96,active,584,218,93.12
stijndehaes,0,7,13,0,96,96,active,584,218,93.12
dimon222,0,6,18,0,96,96,active,584,218,93.12
isaiahiruoha,0,8,8,0,96,96,active,584,218,93.12
obarisk,0,6,18,0,96,96,active,584,218,93.12
wolfdn,0,9,3,0,96,96,active,584,218,93.12
michalmisiewicz,0,7,13,0,96,96,active,584,218,93.12
Tamara Janina Fingerlin,19,0,0,0,95,95,active,594,227,93.01
Ace Haidrey,19,0,0,0,95,95,active,594,227,93.01
Steven Yvinec-Kruyk,19,0,0,0,95,95,active,594,227,93.01
SubhamSinghal,5,6,5,0,95,95,active,594,227,93.01
Nathan Hadfield,19,0,0,0,95,95,active,594,227,93.01
Collin McNulty,19,0,0,0,95,95,active,594,227,93.01
Li Xuanji,19,0,0,0,95,95,active,594,227,93.01
M. Olcay Tercanlı,19,0,0,0,95,95,active,594,227,93.01
Patrick Tardif,19,0,0,0,95,95,active,594,227,93.01
rkarish,0,8,7,0,94,94,active,603,236,92.92
haseebmalik18,0,9,2,0,94,94,active,603,236,92.92
flvndh,4,6,7,0,94,94,active,603,236,92.92
amarlearning,0,5,22,0,94,94,active,603,236,92.92
enchant3dmango,0,6,17,0,94,94,active,603,236,92.92
mrk-andreev,0,4,26,0,92,92,contributor,608,13,92.84
SasanAhmadi,0,6,16,0,92,92,active,608,241,92.84
david30907d,0,5,21,0,92,92,active,608,241,92.84
auvipy,0,8,6,0,92,92,active,608,241,92.84
Usiel,0,7,11,0,92,92,active,608,241,92.84
MatrixManAtYrService,2,8,1,0,92,92,active,608,241,92.84
AngryHelper,0,4,26,0,92,92,contributor,608,13,92.84
dungdm93,0,6,16,0,92,92,active,608,241,92.84
sidshas03,0,7,11,0,92,92,active,608,241,92.84
harishkesavarao,0,4,26,0,92,92,contributor,608,13,92.84
Dawnpool,5,5,8,0,91,91,active,618,248,92.77
kukigai,3,5,13,0,91,91,active,618,248,92.77
cclauss,2,8,0,0,90,90,active,620,250,92.64
vincentkoc,0,8,5,0,90,90,active,620,250,92.64
zstan,0,9,0,0,90,90,active,620,250,92.64
sid88in,0,9,0,0,90,90,active,620,250,92.64
tanujdargan,0,7,10,0,90,90,active,620,250,92.64
Philippe Gagnon,18,0,0,0,90,90,active,620,250,92.64
Omkar P,18,0,0,0,90,90,active,620,250,92.64
ese,0,9,0,0,90,90,active,620,250,92.64
pdebelak,0,9,0,0,90,90,active,620,250,92.64
DerekHeldtWerle,4,5,10,0,90,90,active,620,250,92.64
sprzedwojski,0,9,0,0,90,90,active,620,250,92.64
ratb3rt,0,8,5,0,90,90,active,620,250,92.64
Dominik,18,0,0,0,90,90,active,620,250,92.64
Peter van 't Hof,18,0,0,0,90,90,active,620,250,92.64
Robin Edwards,18,0,0,0,90,90,active,620,250,92.64
Qingping Hou,18,0,0,0,90,90,active,620,250,92.64
Svend Vanderveken,18,0,0,0,90,90,active,620,250,92.64
mdediana,0,7,10,0,90,90,active,620,250,92.64
George Leslie-Waksman,18,0,0,0,90,90,active,620,250,92.64
Lee2532,1,8,2,0,89,89,active,639,269,92.51
kalluripradeep,1,7,7,0,89,89,active,639,269,92.51
vanka56,1,6,12,0,89,89,active,639,269,92.51
mschickensoup,1,1,37,0,89,89,contributor,639,16,92.51
loucyx,0,1,39,0,88,88,contributor,643,17,92.46
theaadya,0,7,9,0,88,88,active,643,272,92.46
chiuinggum,0,7,9,0,88,88,active,643,272,92.46
millin,0,7,9,0,88,88,active,643,272,92.46
herlambang,4,6,4,0,88,88,active,643,272,92.46
peter-volkov,3,5,11,0,87,87,active,648,276,92.42
andreaspeters,0,1,38,0,86,86,contributor,649,18,92.36
ronaldorcampos,0,8,3,0,86,86,active,649,277,92.36
NBardelot,0,8,3,0,86,86,active,649,277,92.36
mahammi,0,7,8,0,86,86,active,649,277,92.36
yuseok89,4,6,3,0,86,86,active,649,277,92.36
albundy83,0,6,13,0,86,86,active,649,277,92.36
gmcrocetti,0,8,3,0,86,86,active,649,277,92.36
dima-asana,2,7,3,0,86,86,active,649,277,92.36
dannyl1u,0,8,3,0,86,86,active,649,277,92.36
Stefan Seelmann,17,0,0,0,85,85,active,658,285,92.26
Eugene,17,0,0,0,85,85,active,658,285,92.26
Andrew Stahlman,17,0,0,0,85,85,active,658,285,92.26
Jonathan Parks,17,0,0,0,85,85,active,658,285,92.26
Sneha Prabhu,17,0,0,0,85,85,active,658,285,92.26
Hank Ehly,17,0,0,0,85,85,active,658,285,92.26
sanjayp,17,0,0,0,85,85,active,658,285,92.26
wmorris75,3,7,0,0,85,85,active,658,285,92.26
samuelkhtu,3,4,15,0,85,85,active,658,285,92.26
bjankie1,0,7,7,0,84,84,active,667,294,92.15
vikrantkumar-max,2,7,2,0,84,84,active,667,294,92.15
renzepost,0,7,7,0,84,84,active,667,294,92.15
dimonchik-suvorov,0,7,7,0,84,84,active,667,294,92.15
melugoyal,0,6,12,0,84,84,active,667,294,92.15
SuccessMoses,0,7,7,0,84,84,active,667,294,92.15
paolaperaza,0,1,37,0,84,84,contributor,667,19,92.15
aviemzur,0,4,22,0,84,84,contributor,667,19,92.15
softyoungha,0,5,17,0,84,84,active,667,294,92.15
mandeepzemo,2,7,2,0,84,84,active,667,294,92.15
mgorsk1,3,5,9,0,83,83,active,677,302,92.08
rafalh,0,7,6,0,82,82,active,678,303,92.03
dossett,0,7,6,0,82,82,active,678,303,92.03
yehoshuadimarsky,0,7,6,0,82,82,active,678,303,92.03
alex-astronomer,0,5,16,0,82,82,active,678,303,92.03
swiftomkar,0,6,11,0,82,82,active,678,303,92.03
lzdanski,0,5,13,2,82,82,active,678,303,92.03
brouberol,0,8,1,0,82,82,active,678,303,92.03
pauldalewilliams,0,6,11,0,82,82,active,678,303,92.03
zkan,1,6,8,0,81,81,active,686,311,91.97
albertocalderari,1,6,8,0,81,81,active,686,311,91.97
vijaysbhat,0,8,0,0,80,80,active,688,313,91.79
rishkarajgi,0,2,30,0,80,80,contributor,688,21,91.79
kimminw00,0,8,0,0,80,80,active,688,313,91.79
whynick1,0,7,5,0,80,80,active,688,313,91.79
Edith Puclla,16,0,0,0,80,80,active,688,313,91.79
mis98zb,0,4,20,0,80,80,contributor,688,21,91.79
brandonwillard,0,7,5,0,80,80,active,688,313,91.79
mingrammer,0,8,0,0,80,80,active,688,313,91.79
scrambldchannel,0,8,0,0,80,80,active,688,313,91.79
Omair Khan,16,0,0,0,80,80,active,688,313,91.79
nritholtz,0,8,0,0,80,80,active,688,313,91.79
pavelhlushchanka,0,6,10,0,80,80,active,688,313,91.79
johnarnold,0,8,0,0,80,80,active,688,313,91.79
gsakkis,0,8,0,0,80,80,active,688,313,91.79
bryanyang0528,0,8,0,0,80,80,active,688,313,91.79
btallman,0,8,0,0,80,80,active,688,313,91.79
Abdur-rahmaanJ,0,7,5,0,80,80,active,688,313,91.79
yyhecust,0,6,10,0,80,80,active,688,313,91.79
stephen-bracken,2,5,10,0,80,80,active,688,313,91.79
alexandermalyga,0,6,10,0,80,80,active,688,313,91.79
Daniel Huang,16,0,0,0,80,80,active,688,313,91.79
vedantlodha,0,7,5,0,80,80,active,688,313,91.79
tquazi,0,5,15,0,80,80,active,688,313,91.79
match-gabeflores,0,8,0,0,80,80,active,688,313,91.79
Alan Ma,16,0,0,0,80,80,active,688,313,91.79
dominic-lcw,0,6,10,0,80,80,active,688,313,91.79
Wojciech Januszek,16,0,0,0,80,80,active,688,313,91.79
BrianLii,0,5,15,0,80,80,active,688,313,91.79
higrys,0,8,0,0,80,80,active,688,313,91.79
ReadytoRocc,0,5,14,0,78,78,active,717,340,91.56
leonsmith,0,7,4,0,78,78,active,717,340,91.56
zeotuan,4,5,4,0,78,78,active,717,340,91.56
subhash-0000,2,6,4,0,78,78,active,717,340,91.56
LeonZhao28,0,4,19,0,78,78,contributor,717,23,91.56
kesem0811,4,5,4,0,78,78,active,717,340,91.56
yermalov-here,0,7,4,0,78,78,active,717,340,91.56
notatallshaw,0,7,4,0,78,78,active,717,340,91.56
pragnareddye,0,4,19,0,78,78,contributor,717,23,91.56
hamedhsn,0,3,24,0,78,78,contributor,717,23,91.56
msoni1369,0,7,2,1,77,77,active,727,347,91.49
jithin-sukumar,0,6,8,0,76,76,active,728,348,91.44
shivanshs9,0,6,8,0,76,76,active,728,348,91.44
steveyz-astro,0,6,8,0,76,76,active,728,348,91.44
andyjianzhou,0,3,23,0,76,76,contributor,728,26,91.44
oyarushe,0,7,3,0,76,76,active,728,348,91.44
ying-w,0,6,8,0,76,76,active,728,348,91.44
shaikshakeel,0,4,18,0,76,76,contributor,728,26,91.44
AryanK1511,0,7,3,0,76,76,active,728,348,91.44
mai-nakagawa,0,4,18,0,76,76,contributor,728,26,91.44
Gary Hsu,15,0,0,0,75,75,active,737,354,91.27
vfoucault,3,6,0,0,75,75,active,737,354,91.27
Aaron Keys,15,0,0,0,75,75,active,737,354,91.27
Moira Tagle,15,0,0,0,75,75,active,737,354,91.27
andy-g14,3,6,0,0,75,75,active,737,354,91.27
withnale,1,7,0,0,75,75,active,737,354,91.27
Jason(Zhe-You) Liu,15,0,0,0,75,75,active,737,354,91.27
awelsh93,5,5,0,0,75,75,active,737,354,91.27
kapil-malik,1,7,0,0,75,75,active,737,354,91.27
Taylor D. Edmiston,15,0,0,0,75,75,active,737,354,91.27
Vincent Kling,15,0,0,0,75,75,active,737,354,91.27
Fred Thomsen,15,0,0,0,75,75,active,737,354,91.27
Satyasheel,15,0,0,0,75,75,active,737,354,91.27
Michael Petro,15,0,0,0,75,75,active,737,354,91.27
Maxim Martynov,15,0,0,0,75,75,active,737,354,91.27
Gabriel Machado,15,0,0,0,75,75,active,737,354,91.27
dilshadshaik3031,1,7,0,0,75,75,active,737,354,91.27
Joffrey Bienvenu,15,0,0,0,75,75,active,737,354,91.27
Edgar Rodriguez,15,0,0,0,75,75,active,737,354,91.27
jpyen,4,5,2,0,74,74,active,756,373,91.08
JPonte,0,5,12,0,74,74,active,756,373,91.08
GrumpyCat51,0,6,7,0,74,74,active,756,373,91.08
shaniyaclement,0,5,12,0,74,74,active,756,373,91.08
sean-rose,0,7,2,0,74,74,active,756,373,91.08
cjsekl,2,5,7,0,74,74,active,756,373,91.08
vsoch,0,3,22,0,74,74,contributor,756,29,91.08
davidcaron,0,7,2,0,74,74,active,756,373,91.08
sudeepgupta90,0,5,12,0,74,74,active,756,373,91.08
Anush008,0,3,10,8,74,74,contributor,756,29,91.08
chrishronek,0,4,17,0,74,74,contributor,756,29,91.08
marcusianlevine,0,7,2,0,74,74,active,756,373,91.08
dlamblin,0,3,19,2,74,74,contributor,756,29,91.08
ayush3singh,3,5,4,0,73,73,active,769,382,91.0
idantepper,0,6,6,0,72,72,active,770,383,90.96
kahlstrm,0,5,11,0,72,72,active,770,383,90.96
dferguson992,0,5,11,0,72,72,active,770,383,90.96
sharingan-no-kakashi,0,5,11,0,72,72,active,770,383,90.96
BShraman,0,6,6,0,72,72,active,770,383,90.96
aa3pankaj,0,6,6,0,72,72,active,770,383,90.96
Desdroid,4,5,1,0,72,72,active,770,383,90.96
MatthewRBruce,3,3,13,0,71,71,active,777,390,90.91
plypaul,0,7,0,0,70,70,active,778,391,90.73
Mario Taddeucci,14,0,0,0,70,70,active,778,391,90.73
humit,14,0,0,0,70,70,active,778,391,90.73
gschuurman,0,6,5,0,70,70,active,778,391,90.73
ronfung,0,7,0,0,70,70,active,778,391,90.73
dan-sf,4,5,0,0,70,70,active,778,391,90.73
punx120,2,4,10,0,70,70,active,778,391,90.73
hongbozeng,0,7,0,0,70,70,active,778,391,90.73
Shekhar Singh,14,0,0,0,70,70,active,778,391,90.73
kunalyogenshah,2,6,0,0,70,70,active,778,391,90.73
Prasanth345,0,5,10,0,70,70,active,778,391,90.73
ttanay,0,7,0,0,70,70,active,778,391,90.73
arvindp25,4,4,5,0,70,70,active,778,391,90.73
MRLab12,0,5,10,0,70,70,active,778,391,90.73
alekseiloginov,0,2,25,0,70,70,contributor,778,33,90.73
holdenk,0,7,0,0,70,70,active,778,391,90.73
robin-miller-ow,0,7,0,0,70,70,active,778,391,90.73
jj.lee,14,0,0,0,70,70,active,778,391,90.73
sdiazb,0,7,0,0,70,70,active,778,391,90.73
imroc,0,7,0,0,70,70,active,778,391,90.73
exploy,0,7,0,0,70,70,active,778,391,90.73
cloneluke,0,7,0,0,70,70,active,778,391,90.73
antonimaciej,0,7,0,0,70,70,active,778,391,90.73
illop,0,7,0,0,70,70,active,778,391,90.73
kik-kik,2,6,0,0,70,70,active,778,391,90.73
Kevin Yuen,14,0,0,0,70,70,active,778,391,90.73
TheF1rstPancake,0,7,0,0,70,70,active,778,391,90.73
berislavlopac,0,7,0,0,70,70,active,778,391,90.73
morrme,4,4,5,0,70,70,active,778,391,90.73
chaimt,0,7,0,0,70,70,active,778,391,90.73
Shlomit-B,3,4,7,0,69,69,active,808,420,90.54
Sinsin1367,1,6,2,0,69,69,active,808,420,90.54
dbarrundiag,0,3,19,0,68,68,contributor,810,34,90.48
ipeluffo,0,6,4,0,68,68,active,810,422,90.48
stuart23,0,6,4,0,68,68,active,810,422,90.48
dinigo,0,6,4,0,68,68,active,810,422,90.48
ciancolo,0,5,9,0,68,68,active,810,422,90.48
starone99,0,4,14,0,68,68,contributor,810,34,90.48
OyinOlamide,0,6,4,0,68,68,active,810,422,90.48
KKcorps,0,5,9,0,68,68,active,810,422,90.48
curiousjazz77,1,6,1,0,67,67,active,818,428,90.42
davidfgcorreia,3,4,6,0,67,67,active,818,428,90.42
yimingpeng,0,5,8,0,66,66,active,820,430,90.34
thejens,0,3,18,0,66,66,contributor,820,36,90.34
maxnathaniel,0,5,8,0,66,66,active,820,430,90.34
tswast,0,6,3,0,66,66,active,820,430,90.34
szczeles,0,6,3,0,66,66,active,820,430,90.34
ImpressionableRaccoon,0,6,3,0,66,66,active,820,430,90.34
ivan-afonichkin,0,6,3,0,66,66,active,820,430,90.34
ulsc,0,3,18,0,66,66,contributor,820,36,90.34
amolsr,0,6,3,0,66,66,active,820,430,90.34
phstudy,0,5,8,0,66,66,active,820,430,90.34
lokeshlal,0,5,8,0,66,66,active,820,430,90.34
caddac,0,5,8,0,66,66,active,820,430,90.34
viiccwen,0,4,13,0,66,66,contributor,820,36,90.34
Hossein Torabi,13,0,0,0,65,65,active,833,440,90.17
Griffin Qiu,13,0,0,0,65,65,active,833,440,90.17
Igor Khrol,13,0,0,0,65,65,active,833,440,90.17
Jeongwoo Do,13,0,0,0,65,65,active,833,440,90.17
Jason,13,0,0,0,65,65,active,833,440,90.17
Verdan Mahmood,13,0,0,0,65,65,active,833,440,90.17
Karen Braganza,13,0,0,0,65,65,active,833,440,90.17
ron819,3,5,0,0,65,65,active,833,440,90.17
Tanel Kiis,13,0,0,0,65,65,active,833,440,90.17
suhail-zemoso,1,6,0,0,65,65,active,833,440,90.17
wongwill86,7,3,0,0,65,65,active,833,440,90.17
Zach Liu,13,0,0,0,65,65,active,833,440,90.17
antonlin1,3,5,0,0,65,65,active,833,440,90.17
Daniel van der Ende,13,0,0,0,65,65,active,833,440,90.17
thibault ketterer,13,0,0,0,65,65,active,833,440,90.17
Cedrik Neumann,13,0,0,0,65,65,active,833,440,90.17
GuzikJakub,0,6,2,0,64,64,active,849,456,89.95
agupta01,0,3,17,0,64,64,contributor,849,39,89.95
Abhishekmishra2808,0,6,2,0,64,64,active,849,456,89.95
Adityamalik123,0,5,7,0,64,64,active,849,456,89.95
noeunkim,0,4,12,0,64,64,contributor,849,39,89.95
stegololz,0,3,17,0,64,64,contributor,849,39,89.95
morooshka,2,2,17,0,64,64,contributor,849,39,89.95
rchojn,0,5,7,0,64,64,active,849,456,89.95
yk5,0,6,2,0,64,64,active,849,456,89.95
mrichman,0,2,22,0,64,64,contributor,849,39,89.95
luyangliuable,0,5,7,0,64,64,active,849,456,89.95
wanlce,0,5,7,0,64,64,active,849,456,89.95
SaumilPatel03,0,6,2,0,64,64,active,849,456,89.95
nullhack,0,5,7,0,64,64,active,849,456,89.95
aaronfowles,0,6,2,0,64,64,active,849,456,89.95
chrismclennon,0,6,2,0,64,64,active,849,456,89.95
Seokyun-Ha,0,3,17,0,64,64,contributor,849,39,89.95
aeroyorch,0,6,2,0,64,64,active,849,456,89.95
freget,2,4,7,0,64,64,active,849,456,89.95
peloyeje,0,5,7,0,64,64,active,849,456,89.95
doiken,3,4,4,0,63,63,active,869,470,89.83
baryluk,0,4,11,0,62,62,contributor,870,45,89.74
zuku1985,4,4,1,0,62,62,active,870,471,89.74
rossturk,0,4,11,0,62,62,contributor,870,45,89.74
tanjinP,0,4,11,0,62,62,contributor,870,45,89.74
msb217,0,4,11,0,62,62,contributor,870,45,89.74
uncletoxa,0,5,6,0,62,62,active,870,471,89.74
petedejoy,0,5,6,0,62,62,active,870,471,89.74
ajbosco,0,6,1,0,62,62,active,870,471,89.74
alizmhdi,0,6,1,0,62,62,active,870,471,89.74
h5chauhan,0,6,1,0,62,62,active,870,471,89.74
repl-chris,0,4,11,0,62,62,contributor,870,45,89.74
ddelange,0,5,6,0,62,62,active,870,471,89.74
aditya0yadav,0,6,1,0,62,62,active,870,471,89.74
ArshiaZr,0,3,16,0,62,62,contributor,870,45,89.74
hubert-pietron,3,4,3,0,61,61,active,884,479,89.64
TakawaAkirayo,1,2,18,0,61,61,contributor,884,51,89.64
guptarohit,0,4,3,5,61,61,contributor,884,51,89.64
jeffkpayne,0,6,0,0,60,60,active,887,480,89.32
alexchen8,0,6,0,0,60,60,active,887,480,89.32
aliceabe,2,5,0,0,60,60,active,887,480,89.32
aarochuk,0,6,0,0,60,60,active,887,480,89.32
alamashir,0,6,0,0,60,60,active,887,480,89.32
boittega,0,4,10,0,60,60,contributor,887,53,89.32
tuanchris,0,6,0,0,60,60,active,887,480,89.32
rodrigc,0,6,0,0,60,60,active,887,480,89.32
xuganyu96,0,4,10,0,60,60,contributor,887,53,89.32
phanindhra876,0,6,0,0,60,60,active,887,480,89.32
sann3,0,6,0,0,60,60,active,887,480,89.32
troychen728,0,6,0,0,60,60,active,887,480,89.32
khyurri,0,5,5,0,60,60,active,887,480,89.32
Josef Šimánek,12,0,0,0,60,60,active,887,480,89.32
aminghadersohi,0,6,0,0,60,60,active,887,480,89.32
jonathanshir,0,3,15,0,60,60,contributor,887,53,89.32
thibault-ketterer,0,6,0,0,60,60,active,887,480,89.32
ArgentFalcon,0,6,0,0,60,60,active,887,480,89.32
yangaws,4,4,0,0,60,60,active,887,480,89.32
chronitis,0,6,0,0,60,60,active,887,480,89.32
ivica-k,0,2,20,0,60,60,contributor,887,53,89.32
jstern,0,3,15,0,60,60,contributor,887,53,89.32
zikun,12,0,0,0,60,60,active,887,480,89.32
kppullin,0,6,0,0,60,60,active,887,480,89.32
jhsenjaliya,0,6,0,0,60,60,active,887,480,89.32
Mustafa Gök,12,0,0,0,60,60,active,887,480,89.32
mykola-shyshov,0,5,5,0,60,60,active,887,480,89.32
zeroam,0,5,5,0,60,60,active,887,480,89.32
soltanianalytics,0,5,5,0,60,60,active,887,480,89.32
Srabasti Banerjee,12,0,0,0,60,60,active,887,480,89.32
TrevorEdwards,0,6,0,0,60,60,active,887,480,89.32
Alex Begg,12,0,0,0,60,60,active,887,480,89.32
Vijayasarathi Balasubramanian,12,0,0,0,60,60,active,887,480,89.32
Sangarshanan,0,4,10,0,60,60,contributor,887,53,89.32
danielhoherd,0,5,5,0,60,60,active,887,480,89.32
syvineckruyk,0,6,0,0,60,60,active,887,480,89.32
ramandumcs,0,6,0,0,60,60,active,887,480,89.32
johnslavik,0,4,10,0,60,60,contributor,887,53,89.32
anirudhbagri,0,6,0,0,60,60,active,887,480,89.32
Seltsamsel,0,5,5,0,60,60,active,887,480,89.32
VVildVVolf,0,5,5,0,60,60,active,887,480,89.32
nwalens,0,2,20,0,60,60,contributor,887,53,89.32
paolo-moriello,0,4,10,0,60,60,contributor,887,53,89.32
ubermen,2,5,0,0,60,60,active,887,480,89.32
Justin Pakzad,12,0,0,0,60,60,active,887,480,89.32
alealandreev,0,6,0,0,60,60,active,887,480,89.32
fenglu-g,12,0,0,0,60,60,active,887,480,89.32
Sean Ghaeli,12,0,0,0,60,60,active,887,480,89.32
Rustix69,0,6,0,0,60,60,active,887,480,89.32
suman-himanshu,2,5,0,0,60,60,active,887,480,89.32
kianelbo,0,6,0,0,60,60,active,887,480,89.32
mfjackson,0,6,0,0,60,60,active,887,480,89.32
Avihais12344,1,2,17,0,59,59,contributor,939,62,88.99
cccs-seb,3,4,2,0,59,59,active,939,523,88.99
joshowen,0,4,5,3,59,59,contributor,939,62,88.99
maahir22,1,2,17,0,59,59,contributor,939,62,88.99
barrywhart,0,4,9,0,58,58,contributor,943,65,88.91
ianstanton,0,4,9,0,58,58,contributor,943,65,88.91
hsnprsd,0,5,4,0,58,58,active,943,524,88.91
amirmor1,0,5,4,0,58,58,active,943,524,88.91
Fury0508,0,5,4,0,58,58,active,943,524,88.91
tfindlay-au,0,1,24,0,58,58,contributor,943,65,88.91
davido912,2,4,4,0,58,58,active,943,524,88.91
slycyberguy,0,4,9,0,58,58,contributor,943,65,88.91
Tagar,0,4,9,0,58,58,contributor,943,65,88.91
mispecto,0,5,4,0,58,58,active,943,524,88.91
michaeljs-c,3,3,6,0,57,57,active,953,529,88.85
VijayantSoni,0,2,18,0,56,56,contributor,954,70,88.77
AmarEL,0,5,3,0,56,56,active,954,530,88.77
yesemsanthoshkumar,0,2,18,0,56,56,contributor,954,70,88.77
kolfild26,0,4,8,0,56,56,contributor,954,70,88.77
eejbyfeldt,0,5,3,0,56,56,active,954,530,88.77
Sonins,2,3,8,0,56,56,active,954,530,88.77
kristopherkane,0,5,3,0,56,56,active,954,530,88.77
dashton90,0,4,8,0,56,56,contributor,954,70,88.77
fgalind1,0,3,13,0,56,56,contributor,954,70,88.77
dmedora,2,4,3,0,56,56,active,954,530,88.77
inytar,2,4,3,0,56,56,active,954,530,88.77
purnachandergit,0,5,3,0,56,56,active,954,530,88.77
lindsable,2,3,8,0,56,56,active,954,530,88.77
Andrii Soldatenko,11,0,0,0,55,55,active,967,538,88.53
statwonk,7,2,0,0,55,55,active,967,538,88.53
Daniel Dyląg,11,0,0,0,55,55,active,967,538,88.53
Jan Omar,11,0,0,0,55,55,active,967,538,88.53
Shintaro Murakami,11,0,0,0,55,55,active,967,538,88.53
morgendave,3,4,0,0,55,55,active,967,538,88.53
Cameron Moberg,11,0,0,0,55,55,active,967,538,88.53
Bence Nagy,11,0,0,0,55,55,active,967,538,88.53
Wonseok Yang,11,0,0,0,55,55,active,967,538,88.53
Niels Zeilemaker,11,0,0,0,55,55,active,967,538,88.53
Frank Cash,11,0,0,0,55,55,active,967,538,88.53
pyerbiz,1,5,0,0,55,55,active,967,538,88.53
Christian Yarros,11,0,0,0,55,55,active,967,538,88.53
andylamp,1,1,20,0,55,55,contributor,967,75,88.53
enisnazif,3,4,0,0,55,55,active,967,538,88.53
John Cheng,11,0,0,0,55,55,active,967,538,88.53
Denis Krivenko,11,0,0,0,55,55,active,967,538,88.53
Chao-Hung Wan,11,0,0,0,55,55,active,967,538,88.53
milanvdm,3,4,0,0,55,55,active,967,538,88.53
YingyingPeng22,1,5,0,0,55,55,active,967,538,88.53
Thoralf Gutierrez,11,0,0,0,55,55,active,967,538,88.53
mucio,11,0,0,0,55,55,active,967,538,88.53
Leah E. Cole,11,0,0,0,55,55,active,967,538,88.53
Pavan Sharma,11,0,0,0,55,55,active,967,538,88.53
Alex Kruchkov,11,0,0,0,55,55,active,967,538,88.53
Vladimir Mikhaylov,11,0,0,0,55,55,active,967,538,88.53
Matthew Bowden,11,0,0,0,55,55,active,967,538,88.53
Topher Anderson,11,0,0,0,55,55,active,967,538,88.53
FanatoniQ,0,3,12,0,54,54,contributor,995,76,88.28
ajitg25,0,4,7,0,54,54,contributor,995,76,88.28
ignaski,2,2,12,0,54,54,contributor,995,76,88.28
sanchalitorpe-source,0,5,2,0,54,54,active,995,565,88.28
RikHeijdens,0,4,7,0,54,54,contributor,995,76,88.28
BBQing,2,3,7,0,54,54,active,995,565,88.28
itayweb,0,4,7,0,54,54,contributor,995,76,88.28
vuppalli,0,5,2,0,54,54,active,995,565,88.28
Hasan-J,0,4,7,0,54,54,contributor,995,76,88.28
tnyz,0,5,2,0,54,54,active,995,565,88.28
ShakaibKhan,0,4,7,0,54,54,contributor,995,76,88.28
danarwix,0,4,7,0,54,54,contributor,995,76,88.28
maggesssss,2,3,7,0,54,54,active,995,565,88.28
LaPetiteSouris,0,2,17,0,54,54,contributor,995,76,88.28
jkramer-ginkgo,3,3,4,0,53,53,active,1009,570,88.19
JKrehling,1,4,4,0,53,53,active,1009,570,88.19
tiopi,0,5,1,0,52,52,active,1011,572,88.06
darwinyip,0,5,1,0,52,52,active,1011,572,88.06
Ohashiro,0,4,6,0,52,52,contributor,1011,85,88.06
piffall,0,5,1,0,52,52,active,1011,572,88.06
dauinh,0,4,6,0,52,52,contributor,1011,85,88.06
rustikk,2,4,1,0,52,52,active,1011,572,88.06
shahbazaamir,0,5,1,0,52,52,active,1011,572,88.06
villasv,0,5,1,0,52,52,active,1011,572,88.06
lidalei,0,4,6,0,52,52,contributor,1011,85,88.06
cruseakshay,0,3,11,0,52,52,contributor,1011,85,88.06
Sharashchandra,0,4,6,0,52,52,contributor,1011,85,88.06
roykoand,0,5,1,0,52,52,active,1011,572,88.06
domagojrazum,2,3,6,0,52,52,active,1011,572,88.06
vsimon,0,5,1,0,52,52,active,1011,572,88.06
rino0601,0,4,6,0,52,52,contributor,1011,85,88.06
seunggabi,0,5,1,0,52,52,active,1011,572,88.06
rahulgoyal2987,2,3,6,0,52,52,active,1011,572,88.06
astro-anand,0,4,6,0,52,52,contributor,1011,85,88.06
tiokim,0,5,1,0,52,52,active,1011,572,88.06
buxizhizhoum,1,3,8,0,51,51,contributor,1030,92,87.93
guptamyr,1,1,18,0,51,51,contributor,1030,92,87.93
pmalafosse,3,3,3,0,51,51,active,1030,584,87.93
benjamingrenier,2,4,0,0,50,50,active,1033,585,87.56
ysktir,0,5,0,0,50,50,active,1033,585,87.56
Bob Du,10,0,0,0,50,50,active,1033,585,87.56
marcusrehm,0,5,0,0,50,50,active,1033,585,87.56
neil90-db,0,5,0,0,50,50,active,1033,585,87.56
george-miller,0,5,0,0,50,50,active,1033,585,87.56
Cplo,0,5,0,0,50,50,active,1033,585,87.56
Carlos Sánchez Páez,10,0,0,0,50,50,active,1033,585,87.56
jbalogh,0,5,0,0,50,50,active,1033,585,87.56
danmactough,0,5,0,0,50,50,active,1033,585,87.56
zbstof,0,5,0,0,50,50,active,1033,585,87.56
yu-iskw,0,5,0,0,50,50,active,1033,585,87.56
mrshu,0,5,0,0,50,50,active,1033,585,87.56
andy-d,0,5,0,0,50,50,active,1033,585,87.56
dakshin-k,0,4,5,0,50,50,contributor,1033,94,87.56
David Koenitzer,10,0,0,0,50,50,active,1033,585,87.56
sjednac,0,5,0,0,50,50,active,1033,585,87.56
HTErik,10,0,0,0,50,50,active,1033,585,87.56
tiranux,2,3,5,0,50,50,active,1033,585,87.56
Aleksey Kirilishin,10,0,0,0,50,50,active,1033,585,87.56
patsak,0,5,0,0,50,50,active,1033,585,87.56
hugoprudente,0,5,0,0,50,50,active,1033,585,87.56
larryzhu2018,0,1,20,0,50,50,contributor,1033,94,87.56
jyotidhiman0610,0,5,0,0,50,50,active,1033,585,87.56
askeys,0,5,0,0,50,50,active,1033,585,87.56
john-bodley,0,5,0,0,50,50,active,1033,585,87.56
eeshugerman,0,5,0,0,50,50,active,1033,585,87.56
mehmax,2,3,5,0,50,50,active,1033,585,87.56
evgenii-prusov,0,4,5,0,50,50,contributor,1033,94,87.56
yohei1126,0,5,0,0,50,50,active,1033,585,87.56
jomar83,0,5,0,0,50,50,active,1033,585,87.56
andrewmchen,0,5,0,0,50,50,active,1033,585,87.56
neovintage,0,5,0,0,50,50,active,1033,585,87.56
chang,0,5,0,0,50,50,active,1033,585,87.56
andyhuynh3,0,5,0,0,50,50,active,1033,585,87.56
Oscar Ligthart,10,0,0,0,50,50,active,1033,585,87.56
duffn,0,5,0,0,50,50,active,1033,585,87.56
lxneng,0,5,0,0,50,50,active,1033,585,87.56
lihan,2,4,0,0,50,50,active,1033,585,87.56
didier-durand,0,5,0,0,50,50,active,1033,585,87.56
DannyLee12,0,5,0,0,50,50,active,1033,585,87.56
Adrian Castro,10,0,0,0,50,50,active,1033,585,87.56
jzucker2,0,5,0,0,50,50,active,1033,585,87.56
Abhishek-kumar-samsung,10,0,0,0,50,50,active,1033,585,87.56
Julian LaNeve,10,0,0,0,50,50,active,1033,585,87.56
sv3ndk,0,5,0,0,50,50,active,1033,585,87.56
Marcin Tustin,10,0,0,0,50,50,active,1033,585,87.56
Deji Ibrahim,10,0,0,0,50,50,active,1033,585,87.56
irvifa,0,5,0,0,50,50,active,1033,585,87.56
patgarz,0,4,5,0,50,50,contributor,1033,94,87.56
schirag1993,0,2,15,0,50,50,contributor,1033,94,87.56
genomics-geek,0,5,0,0,50,50,active,1033,585,87.56
dud225,0,5,0,0,50,50,active,1033,585,87.56
kani5hk,2,4,0,0,50,50,active,1033,585,87.56
gglanzani,0,5,0,0,50,50,active,1033,585,87.56
cjqian,0,5,0,0,50,50,active,1033,585,87.56
Marcin Szymański,10,0,0,0,50,50,active,1033,585,87.56
niels,10,0,0,0,50,50,active,1033,585,87.56
dgies,0,5,0,0,50,50,active,1033,585,87.56
ris-tlp,0,5,0,0,50,50,active,1033,585,87.56
yangrong688,3,3,2,0,49,49,active,1093,640,87.2
schnie,1,3,7,0,49,49,contributor,1093,99,87.2
TyrellHaywood,0,4,4,0,48,48,contributor,1095,100,87.07
dym-ok,0,2,14,0,48,48,contributor,1095,100,87.07
vbottu,0,3,9,0,48,48,contributor,1095,100,87.07
sudohainguyen,0,4,4,0,48,48,contributor,1095,100,87.07
nyoungstudios,0,4,4,0,48,48,contributor,1095,100,87.07
Jkhall81,0,4,4,0,48,48,contributor,1095,100,87.07
rsanda,2,3,4,0,48,48,active,1095,641,87.07
im-perativa,0,4,4,0,48,48,contributor,1095,100,87.07
vargacypher,0,3,6,2,48,48,contributor,1095,100,87.07
mpgreg,0,0,24,0,48,48,observer,1095,5,87.07
bperson,0,4,4,0,48,48,contributor,1095,100,87.07
vikramcse,0,4,4,0,48,48,contributor,1095,100,87.07
ido177,0,4,4,0,48,48,contributor,1095,100,87.07
guotongfei,2,2,9,0,48,48,contributor,1095,100,87.07
ericpp,0,2,14,0,48,48,contributor,1095,100,87.07
blinkseb,0,4,4,0,48,48,contributor,1095,100,87.07
FoxHelms,2,3,4,0,48,48,active,1095,641,87.07
frodo2000,0,3,9,0,48,48,contributor,1095,100,87.07
dada-engineer,0,4,4,0,48,48,contributor,1095,100,87.07
Zinkue,2,3,4,0,48,48,active,1095,641,87.07
lewismc,0,4,4,0,48,48,contributor,1095,100,87.07
abdulbasitds,1,1,16,0,47,47,contributor,1116,117,86.93
sujitha-saranam,1,4,1,0,47,47,active,1116,644,86.93
xitep,3,3,1,0,47,47,active,1116,644,86.93
stevenschaerer,0,3,8,0,46,46,contributor,1119,118,86.8
romibuzi,0,3,8,0,46,46,contributor,1119,118,86.8
teddyhartanto,0,2,13,0,46,46,contributor,1119,118,86.8
rynmccrmck,0,4,3,0,46,46,contributor,1119,118,86.8
itroulli,0,3,8,0,46,46,contributor,1119,118,86.8
kentdanas,0,4,3,0,46,46,contributor,1119,118,86.8
Zhenye-Na,0,2,13,0,46,46,contributor,1119,118,86.8
awdavidson,2,3,3,0,46,46,active,1119,646,86.8
kanga333,0,3,8,0,46,46,contributor,1119,118,86.8
anaynayak,0,3,8,0,46,46,contributor,1119,118,86.8
Anton-Shutik,0,3,8,0,46,46,contributor,1119,118,86.8
sighingnow,0,4,3,0,46,46,contributor,1119,118,86.8
dingo4dev,0,4,3,0,46,46,contributor,1119,118,86.8
jbbqqf,0,1,18,0,46,46,contributor,1119,118,86.8
profgrammer,0,4,3,0,46,46,contributor,1119,118,86.8
kevgeo,0,4,3,0,46,46,contributor,1119,118,86.8
notatallshaw-gts,0,4,3,0,46,46,contributor,1119,118,86.8
ashmeet13,0,2,13,0,46,46,contributor,1119,118,86.8
mohit7705,0,3,8,0,46,46,contributor,1119,118,86.8
wndhydrnt,3,3,0,0,45,45,active,1138,647,86.44
aspain,3,3,0,0,45,45,active,1138,647,86.44
mhousley,1,4,0,0,45,45,active,1138,647,86.44
rachael-ds,1,1,15,0,45,45,contributor,1138,136,86.44
karakanb,0,2,5,5,45,45,contributor,1138,136,86.44
mislo,9,0,0,0,45,45,active,1138,647,86.44
Szymon Przedwojski,9,0,0,0,45,45,active,1138,647,86.44
Ian Buss,9,0,0,0,45,45,active,1138,647,86.44
Aneesh Joseph,9,0,0,0,45,45,active,1138,647,86.44
ZxMYS,3,3,0,0,45,45,active,1138,647,86.44
AlteredOracle,3,3,0,0,45,45,active,1138,647,86.44
yoziru-desu,9,0,0,0,45,45,active,1138,647,86.44
RickyChen / 陳昭儒,9,0,0,0,45,45,active,1138,647,86.44
Lipu Fei,9,0,0,0,45,45,active,1138,647,86.44
Daniel Wolf,9,0,0,0,45,45,active,1138,647,86.44
Christos Bisias,9,0,0,0,45,45,active,1138,647,86.44
sumous,1,4,0,0,45,45,active,1138,647,86.44
Norman Mu,9,0,0,0,45,45,active,1138,647,86.44
Freddy Demiane,9,0,0,0,45,45,active,1138,647,86.44
kamran Imaz,9,0,0,0,45,45,active,1138,647,86.44
AardJan,3,3,0,0,45,45,active,1138,647,86.44
pradeepbhadani,3,3,0,0,45,45,active,1138,647,86.44
Faisal,9,0,0,0,45,45,active,1138,647,86.44
johnhofman,3,3,0,0,45,45,active,1138,647,86.44
anandhimurali,1,1,15,0,45,45,contributor,1138,136,86.44
Hongbo Zeng,9,0,0,0,45,45,active,1138,647,86.44
Guangyang Li,9,0,0,0,45,45,active,1138,647,86.44
darth-drew,1,4,0,0,45,45,active,1138,647,86.44
Satish Chinthanippu,9,0,0,0,45,45,active,1138,647,86.44
KarshVashi,3,3,0,0,45,45,active,1138,647,86.44
Damian Shaw,9,0,0,0,45,45,active,1138,647,86.44
gseva,3,3,0,0,45,45,active,1138,647,86.44
seyoon-lim,1,1,15,0,45,45,contributor,1138,136,86.44
guydriesen,0,2,5,5,45,45,contributor,1138,136,86.44
fuatcakici,3,3,0,0,45,45,active,1138,647,86.44
svdimchenko,0,1,7,7,45,45,contributor,1138,136,86.44
Zach,9,0,0,0,45,45,active,1138,647,86.44
Florent Chehab,9,0,0,0,45,45,active,1138,647,86.44
Pascal Knapen,9,0,0,0,45,45,active,1138,647,86.44
SivaPandeti,1,4,0,0,45,45,active,1138,647,86.44
tomrutter,3,3,0,0,45,45,active,1138,647,86.44
Howard Yoo,9,0,0,0,45,45,active,1138,647,86.44
Soonmok,0,3,7,0,44,44,contributor,1180,142,86.06
Kache,0,4,2,0,44,44,contributor,1180,142,86.06
shubham36deshpande,0,1,17,0,44,44,contributor,1180,142,86.06
vardancse,0,4,2,0,44,44,contributor,1180,142,86.06
mewa,2,3,2,0,44,44,active,1180,683,86.06
vizeit,2,3,2,0,44,44,active,1180,683,86.06
aayushbisen,0,4,2,0,44,44,contributor,1180,142,86.06
drago-f5a,2,3,2,0,44,44,active,1180,683,86.06
NickYadance,0,4,2,0,44,44,contributor,1180,142,86.06
chen0427ok,0,2,12,0,44,44,contributor,1180,142,86.06
kishvanchee,0,4,2,0,44,44,contributor,1180,142,86.06
chattarajoy,0,4,2,0,44,44,contributor,1180,142,86.06
nijanthanvijayakumar,0,4,2,0,44,44,contributor,1180,142,86.06
Prajwal7842,2,3,2,0,44,44,active,1180,683,86.06
derkuci,0,4,2,0,44,44,contributor,1180,142,86.06
AchimGaedkeLynker,0,4,2,0,44,44,contributor,1180,142,86.06
gigkokman,0,4,2,0,44,44,contributor,1180,142,86.06
AVMusorin,0,4,2,0,44,44,contributor,1180,142,86.06
penggongkui,2,3,2,0,44,44,active,1180,683,86.06
michalc,0,2,12,0,44,44,contributor,1180,142,86.06
diogotrodrigues,0,3,7,0,44,44,contributor,1180,142,86.06
osule,0,4,2,0,44,44,contributor,1180,142,86.06
Piatachock,0,3,7,0,44,44,contributor,1180,142,86.06
crhyatt,1,3,4,0,43,43,contributor,1203,160,85.91
AlessioM,1,3,4,0,43,43,contributor,1203,160,85.91
andyguwc,0,3,5,1,43,43,contributor,1203,160,85.91
Ankurdeewan,0,3,6,0,42,42,contributor,1206,163,85.71
abhilash1in,0,3,6,0,42,42,contributor,1206,163,85.71
ultrabug,0,4,1,0,42,42,contributor,1206,163,85.71
1fanwang,0,1,16,0,42,42,contributor,1206,163,85.71
sarahamilton,0,4,1,0,42,42,contributor,1206,163,85.71
y-sudharshan,2,3,1,0,42,42,active,1206,688,85.71
MichaelChirico,0,4,1,0,42,42,contributor,1206,163,85.71
tomasfarias,0,2,11,0,42,42,contributor,1206,163,85.71
aru-trackunit,0,2,11,0,42,42,contributor,1206,163,85.71
sseung00921,0,4,1,0,42,42,contributor,1206,163,85.71
NewSmoke38,0,4,1,0,42,42,contributor,1206,163,85.71
thesuperzapper,0,3,6,0,42,42,contributor,1206,163,85.71
eilon246810,0,3,6,0,42,42,contributor,1206,163,85.71
chandulal,0,3,6,0,42,42,contributor,1206,163,85.71
seanxwzhang,0,1,16,0,42,42,contributor,1206,163,85.71
nikhi-suthar,0,2,11,0,42,42,contributor,1206,163,85.71
nshetty15,0,4,1,0,42,42,contributor,1206,163,85.71
brokenjacobs,0,3,6,0,42,42,contributor,1206,163,85.71
ZZKangKZZ,2,3,1,0,42,42,active,1206,688,85.71
ksharlandjiev,0,3,6,0,42,42,contributor,1206,163,85.71
nakamura1878,2,3,1,0,42,42,active,1206,688,85.71
jacobhjkim,0,3,6,0,42,42,contributor,1206,163,85.71
VinayGb665,0,3,6,0,42,42,contributor,1206,163,85.71
pageldev,0,4,1,0,42,42,contributor,1206,163,85.71
arorasachin9,0,3,6,0,42,42,contributor,1206,163,85.71
Shashwatpandey4,0,4,1,0,42,42,contributor,1206,163,85.71
ArthurKretzer,0,4,1,0,42,42,contributor,1206,163,85.71
jarfgit,0,3,6,0,42,42,contributor,1206,163,85.71
swapz-z,0,2,11,0,42,42,contributor,1206,163,85.71
vighneshtule,0,4,1,0,42,42,contributor,1206,163,85.71
chamcca,1,1,13,0,41,41,contributor,1236,190,85.51
alanatlemba,1,2,8,0,41,41,contributor,1236,190,85.51
IlaiGigi,1,2,8,0,41,41,contributor,1236,190,85.51
kzosabe,0,3,4,1,41,41,contributor,1236,190,85.51
nsAstro,1,2,8,0,41,41,contributor,1236,190,85.51
ibzib,0,0,20,0,40,40,observer,1241,6,84.66
Geonwoo Kim,8,0,0,0,40,40,active,1241,691,84.66
Charles Machalow,8,0,0,0,40,40,active,1241,691,84.66
bluek1te,0,3,5,0,40,40,contributor,1241,195,84.66
huozhanfeng,0,2,10,0,40,40,contributor,1241,195,84.66
kushsharma,0,4,0,0,40,40,contributor,1241,195,84.66
Steve Mardenfeld,8,0,0,0,40,40,active,1241,691,84.66
atul-astronomer,0,4,0,0,40,40,contributor,1241,195,84.66
YuDorogov,2,3,0,0,40,40,active,1241,691,84.66
Changhoon Oh,8,0,0,0,40,40,active,1241,691,84.66
ITriangle,0,4,0,0,40,40,contributor,1241,195,84.66
adrian-edbert,2,3,0,0,40,40,active,1241,691,84.66
vksunilk,2,3,0,0,40,40,active,1241,691,84.66
bkvarda,0,4,0,0,40,40,contributor,1241,195,84.66
tstrilka,2,3,0,0,40,40,active,1241,691,84.66
microhuang,0,4,0,0,40,40,contributor,1241,195,84.66
torbjornvatn,0,3,5,0,40,40,contributor,1241,195,84.66
v-sukt,0,4,0,0,40,40,contributor,1241,195,84.66
geeknam,0,4,0,0,40,40,contributor,1241,195,84.66
Daniel Reeves,8,0,0,0,40,40,active,1241,691,84.66
antonysouthworth-halter,0,4,0,0,40,40,contributor,1241,195,84.66
andrewhharmon,0,4,0,0,40,40,contributor,1241,195,84.66
adankro,0,4,0,0,40,40,contributor,1241,195,84.66
jpds,0,4,0,0,40,40,contributor,1241,195,84.66
stikkireddy,0,1,15,0,40,40,contributor,1241,195,84.66
shubham-pyc,0,3,5,0,40,40,contributor,1241,195,84.66
mchalek,0,4,0,0,40,40,contributor,1241,195,84.66
siddharthvp,0,2,10,0,40,40,contributor,1241,195,84.66
rapsealk,0,4,0,0,40,40,contributor,1241,195,84.66
Satoshi S,8,0,0,0,40,40,active,1241,691,84.66
Balthazar Rouberol,8,0,0,0,40,40,active,1241,691,84.66
spoutin,0,4,0,0,40,40,contributor,1241,195,84.66
wyndhblb,0,4,0,0,40,40,contributor,1241,195,84.66
akosel,2,3,0,0,40,40,active,1241,691,84.66
shadrus,0,4,0,0,40,40,contributor,1241,195,84.66
Guilherme Martins Crocetti,8,0,0,0,40,40,active,1241,691,84.66
Joppe Vos,8,0,0,0,40,40,active,1241,691,84.66
kyounghunJang,0,4,0,0,40,40,contributor,1241,195,84.66
Melodie Ezeani,8,0,0,0,40,40,active,1241,691,84.66
Peter Wicks,8,0,0,0,40,40,active,1241,691,84.66
zstrathe,0,1,6,6,40,40,contributor,1241,195,84.66
amaliujia,0,4,0,0,40,40,contributor,1241,195,84.66
Martijn Pieters,8,0,0,0,40,40,active,1241,691,84.66
ChrisFraun,0,1,15,0,40,40,contributor,1241,195,84.66
cjonesy,0,4,0,0,40,40,contributor,1241,195,84.66
benbenbang,0,4,0,0,40,40,contributor,1241,195,84.66
giannistbs,0,4,0,0,40,40,contributor,1241,195,84.66
ahvigil,0,4,0,0,40,40,contributor,1241,195,84.66
chicochico,0,4,0,0,40,40,contributor,1241,195,84.66
treyyi,0,4,0,0,40,40,contributor,1241,195,84.66
selvamshan,0,4,0,0,40,40,contributor,1241,195,84.66
drobert,0,2,10,0,40,40,contributor,1241,195,84.66
woodlee,0,4,0,0,40,40,contributor,1241,195,84.66
TJBIII,0,4,0,0,40,40,contributor,1241,195,84.66
bowenli86,0,4,0,0,40,40,contributor,1241,195,84.66
OpringaoDoTurno,0,4,0,0,40,40,contributor,1241,195,84.66
VedantMadane,0,3,5,0,40,40,contributor,1241,195,84.66
Udit107710,0,4,0,0,40,40,contributor,1241,195,84.66
apraovjr,0,4,0,0,40,40,contributor,1241,195,84.66
damon09273,0,4,0,0,40,40,contributor,1241,195,84.66
WrRan,0,4,0,0,40,40,contributor,1241,195,84.66
cong-zhu,2,3,0,0,40,40,active,1241,691,84.66
nrobinson-intelycare,0,3,5,0,40,40,contributor,1241,195,84.66
Eugene Karimov,8,0,0,0,40,40,active,1241,691,84.66
galak75,0,4,0,0,40,40,contributor,1241,195,84.66
Albert Olweny,8,0,0,0,40,40,active,1241,691,84.66
diraol,0,4,0,0,40,40,contributor,1241,195,84.66
tsingh2k15,0,4,0,0,40,40,contributor,1241,195,84.66
ysk24ok,0,4,0,0,40,40,contributor,1241,195,84.66
koszti,0,4,0,0,40,40,contributor,1241,195,84.66
claneys,0,3,5,0,40,40,contributor,1241,195,84.66
jalengg,1,1,5,5,40,40,contributor,1241,195,84.66
highfly22,2,3,0,0,40,40,active,1241,691,84.66
chenjiahui,0,4,0,0,40,40,contributor,1241,195,84.66
drexpp,0,4,0,0,40,40,contributor,1241,195,84.66
Gabriel39,0,3,5,0,40,40,contributor,1241,195,84.66
kirubankamaraj,0,3,5,0,40,40,contributor,1241,195,84.66
lumengxi,0,4,0,0,40,40,contributor,1241,195,84.66
Andy Hadjigeorgiou,8,0,0,0,40,40,active,1241,691,84.66
MinJae Kwon,8,0,0,0,40,40,active,1241,691,84.66
laksh-krishna-sharma,0,4,0,0,40,40,contributor,1241,195,84.66
Arjun Anandkumar,8,0,0,0,40,40,active,1241,691,84.66
nicktrav,0,4,0,0,40,40,contributor,1241,195,84.66
Tomi-1997,0,4,0,0,40,40,contributor,1241,195,84.66
deagon,0,4,0,0,40,40,contributor,1241,195,84.66
kiran2706,0,3,5,0,40,40,contributor,1241,195,84.66
Tatiana Al-Chueyr,8,0,0,0,40,40,active,1241,691,84.66
andrii-korotkov-verkada,0,4,0,0,40,40,contributor,1241,195,84.66
saveriogzz,0,3,5,0,40,40,contributor,1241,195,84.66
codenamelxl,0,3,5,0,40,40,contributor,1241,195,84.66
timonviola,0,4,0,0,40,40,contributor,1241,195,84.66
ftakelait,0,4,0,0,40,40,contributor,1241,195,84.66
Visya,0,3,5,0,40,40,contributor,1241,195,84.66
Fortytwoo,0,2,10,0,40,40,contributor,1241,195,84.66
anandkaranubc,0,3,5,0,40,40,contributor,1241,195,84.66
cognalog,0,4,0,0,40,40,contributor,1241,195,84.66
Isaiah Iruoha,8,0,0,0,40,40,active,1241,691,84.66
jmeickle,0,4,0,0,40,40,contributor,1241,195,84.66
EvertonSA,0,4,0,0,40,40,contributor,1241,195,84.66
griffincosgrove,0,4,0,0,40,40,contributor,1241,195,84.66
kapopken,0,2,10,0,40,40,contributor,1241,195,84.66
PaulW,0,4,0,0,40,40,contributor,1241,195,84.66
krishnabhupatiraju,2,3,0,0,40,40,active,1241,691,84.66
Jparks2532,0,4,0,0,40,40,contributor,1241,195,84.66
lukem-ow,0,4,0,0,40,40,contributor,1241,195,84.66
ajayyadava,0,4,0,0,40,40,contributor,1241,195,84.66
unlitdev,0,4,0,0,40,40,contributor,1241,195,84.66
krisgeus,0,4,0,0,40,40,contributor,1241,195,84.66
q2w,0,4,0,0,40,40,contributor,1241,195,84.66
ashwin153,0,4,0,0,40,40,contributor,1241,195,84.66
elgalu,0,4,0,0,40,40,contributor,1241,195,84.66
nguy4130,0,4,0,0,40,40,contributor,1241,195,84.66
mohannadbanayosi,0,4,0,0,40,40,contributor,1241,195,84.66
Attsun1031,0,4,0,0,40,40,contributor,1241,195,84.66
thesquelched,0,4,0,0,40,40,contributor,1241,195,84.66
kpathak13,0,4,0,0,40,40,contributor,1241,195,84.66
GRANT NICHOLAS,8,0,0,0,40,40,active,1241,691,84.66
ayushchauhan0811,0,3,5,0,40,40,contributor,1241,195,84.66
Rich Dean,8,0,0,0,40,40,active,1241,691,84.66
0xR,0,4,0,0,40,40,contributor,1241,195,84.66
TV4Fun,0,4,0,0,40,40,contributor,1241,195,84.66
louisguitton,0,4,0,0,40,40,contributor,1241,195,84.66
akshaychitneni,0,1,15,0,40,40,contributor,1241,195,84.66
jeremyclover,0,4,0,0,40,40,contributor,1241,195,84.66
Firehed,0,4,0,0,40,40,contributor,1241,195,84.66
Peter Debelak,8,0,0,0,40,40,active,1241,691,84.66
Iuliia Volkova,8,0,0,0,40,40,active,1241,691,84.66
maxcountryman,0,4,0,0,40,40,contributor,1241,195,84.66
yyyyyyuanfei,0,4,0,0,40,40,contributor,1241,195,84.66
jason-udacity,0,4,0,0,40,40,contributor,1241,195,84.66
sunki-hong,2,2,5,0,40,40,contributor,1241,195,84.66
jpmarques66,0,2,10,0,40,40,contributor,1241,195,84.66
hainenber,0,3,5,0,40,40,contributor,1241,195,84.66
cixuuz,0,4,0,0,40,40,contributor,1241,195,84.66
dv-gorasiya,0,4,0,0,40,40,contributor,1241,195,84.66
manipatnam,2,3,0,0,40,40,active,1241,691,84.66
Feng Lu,8,0,0,0,40,40,active,1241,691,84.66
waltherg,0,4,0,0,40,40,contributor,1241,195,84.66
shashbha14,0,4,0,0,40,40,contributor,1241,195,84.66
ANiteckiP,1,3,2,0,39,39,contributor,1380,300,83.82
AdamPaslawski,1,3,2,0,39,39,contributor,1380,300,83.82
saurabhb-dev,1,3,2,0,39,39,contributor,1380,300,83.82
hwang-cadent,1,3,2,0,39,39,contributor,1380,300,83.82
praneeth552,1,3,2,0,39,39,contributor,1380,300,83.82
shardbread,1,3,2,0,39,39,contributor,1380,300,83.82
makrushin-evgenii,0,2,9,0,38,38,contributor,1386,306,83.65
HuanjieGuo,0,3,4,0,38,38,contributor,1386,306,83.65
Scuall1992,0,2,9,0,38,38,contributor,1386,306,83.65
MaicoTimmerman,0,3,4,0,38,38,contributor,1386,306,83.65
DreamPearl,0,3,4,0,38,38,contributor,1386,306,83.65
szn,0,3,4,0,38,38,contributor,1386,306,83.65
anteverse,0,3,1,2,38,38,contributor,1386,306,83.65
kkulczak,0,3,4,0,38,38,contributor,1386,306,83.65
arezamoosavi,0,2,9,0,38,38,contributor,1386,306,83.65
jeff3071,0,3,4,0,38,38,contributor,1386,306,83.65
anasatzemoso,2,2,4,0,38,38,contributor,1386,306,83.65
nclaeys,0,3,4,0,38,38,contributor,1386,306,83.65
vgvoleg,0,3,4,0,38,38,contributor,1386,306,83.65
lukas-mi,0,3,4,0,38,38,contributor,1386,306,83.65
PierreC1024,0,2,9,0,38,38,contributor,1386,306,83.65
MikhailKulikov-db,0,1,14,0,38,38,contributor,1386,306,83.65
noelmcloughlin,0,3,4,0,38,38,contributor,1386,306,83.65
ketozhang,0,3,4,0,38,38,contributor,1386,306,83.65
keze,0,2,9,0,38,38,contributor,1386,306,83.65
s0neq,2,2,4,0,38,38,contributor,1386,306,83.65
jameslamb,0,3,4,0,38,38,contributor,1386,306,83.65
victorphoenix3,0,3,4,0,38,38,contributor,1386,306,83.65
rconroy293,1,2,6,0,37,37,contributor,1408,328,83.5
grjones,0,1,6,5,37,37,contributor,1408,328,83.5
yash1thsa,1,3,1,0,37,37,contributor,1408,328,83.5
thinhnd2104,1,2,6,0,37,37,contributor,1408,328,83.5
gaborratky-db,0,3,3,0,36,36,contributor,1412,332,83.29
dhegberg,0,3,3,0,36,36,contributor,1412,332,83.29
aakashnand,0,3,3,0,36,36,contributor,1412,332,83.29
VinceLegendre,0,1,13,0,36,36,contributor,1412,332,83.29
mschmo,0,2,8,0,36,36,contributor,1412,332,83.29
roach231428,2,2,3,0,36,36,contributor,1412,332,83.29
nothingmin,0,3,3,0,36,36,contributor,1412,332,83.29
shivannakarthik,0,2,8,0,36,36,contributor,1412,332,83.29
hanxdatadog,0,3,3,0,36,36,contributor,1412,332,83.29
stiak,0,2,8,0,36,36,contributor,1412,332,83.29
wei-juncheng,0,3,3,0,36,36,contributor,1412,332,83.29
mcw0933,0,3,3,0,36,36,contributor,1412,332,83.29
jplauri,0,3,3,0,36,36,contributor,1412,332,83.29
sagmansercan,0,1,13,0,36,36,contributor,1412,332,83.29
nickstenning,0,3,3,0,36,36,contributor,1412,332,83.29
kongdewen,0,3,3,0,36,36,contributor,1412,332,83.29
KennethanCeyer,0,3,3,0,36,36,contributor,1412,332,83.29
james5418,0,3,3,0,36,36,contributor,1412,332,83.29
sudiptob2,0,3,3,0,36,36,contributor,1412,332,83.29
iadi7ya,0,3,3,0,36,36,contributor,1412,332,83.29
lh5844,0,3,3,0,36,36,contributor,1412,332,83.29
tanvn,0,3,3,0,36,36,contributor,1412,332,83.29
vinay2242g,0,3,0,2,36,36,contributor,1412,332,83.29
roelhogervorst,0,2,8,0,36,36,contributor,1412,332,83.29
digitalsimboja,0,3,3,0,36,36,contributor,1412,332,83.29
adilkhash,0,3,3,0,36,36,contributor,1412,332,83.29
megan-parker,0,2,8,0,36,36,contributor,1412,332,83.29
mattp-,0,3,3,0,36,36,contributor,1412,332,83.29
huymq1710,0,3,3,0,36,36,contributor,1412,332,83.29
talnagar,0,2,8,0,36,36,contributor,1412,332,83.29
sdebruyn,0,3,3,0,36,36,contributor,1412,332,83.29
Vincent Koc,7,0,0,0,35,35,active,1443,724,82.83
Kamil Olszewski,7,0,0,0,35,35,active,1443,724,82.83
dalupus,1,3,0,0,35,35,contributor,1443,363,82.83
Valentyn,7,0,0,0,35,35,active,1443,724,82.83
Nathaniel Ritholtz,7,0,0,0,35,35,active,1443,724,82.83
Junda Yang,7,0,0,0,35,35,active,1443,724,82.83
Lyalpha,1,3,0,0,35,35,contributor,1443,363,82.83
DanSedov,1,3,0,0,35,35,contributor,1443,363,82.83
CooperLuan,3,2,0,0,35,35,active,1443,724,82.83
Kavya Katal,7,0,0,0,35,35,active,1443,724,82.83
Michael Robinson,7,0,0,0,35,35,active,1443,724,82.83
pradhanpk,1,3,0,0,35,35,contributor,1443,363,82.83
sakshi2894,1,3,0,0,35,35,contributor,1443,363,82.83
Alexis BRENON,7,0,0,0,35,35,active,1443,724,82.83
Giovanni Briggs,7,0,0,0,35,35,active,1443,724,82.83
jbrownlucid,1,3,0,0,35,35,contributor,1443,363,82.83
Jacob Ferriero,7,0,0,0,35,35,active,1443,724,82.83
Marcos Marx,7,0,0,0,35,35,active,1443,724,82.83
Sarthak Vaish,7,0,0,0,35,35,active,1443,724,82.83
vshshjn7,1,2,5,0,35,35,contributor,1443,363,82.83
Eric Gao,7,0,0,0,35,35,active,1443,724,82.83
S S Rohit,7,0,0,0,35,35,active,1443,724,82.83
Sergio Ballesteros,7,0,0,0,35,35,active,1443,724,82.83
pdambrauskas,1,3,0,0,35,35,contributor,1443,363,82.83
Abdur-Rahmaan Janhangeer,7,0,0,0,35,35,active,1443,724,82.83
owlphi,1,3,0,0,35,35,contributor,1443,363,82.83
George Sakkis,7,0,0,0,35,35,active,1443,724,82.83
Hao Liang,7,0,0,0,35,35,active,1443,724,82.83
mishikaSingh,1,3,0,0,35,35,contributor,1443,363,82.83
Usiel Riedl,7,0,0,0,35,35,active,1443,724,82.83
kevinalh,0,2,3,3,35,35,contributor,1443,363,82.83
Anita Fronczak,7,0,0,0,35,35,active,1443,724,82.83
Andy Cooper,7,0,0,0,35,35,active,1443,724,82.83
Poorvi Rohidekar,7,0,0,0,35,35,active,1443,724,82.83
abdul-stripe,1,3,0,0,35,35,contributor,1443,363,82.83
BaoshanGu,1,3,0,0,35,35,contributor,1443,363,82.83
Idris Adebisi,7,0,0,0,35,35,active,1443,724,82.83
Ronaldo Campos,7,0,0,0,35,35,active,1443,724,82.83
Rafael Carrasco,7,0,0,0,35,35,active,1443,724,82.83
cris-b,1,3,0,0,35,35,contributor,1443,363,82.83
Madison Swain-Bowden,7,0,0,0,35,35,active,1443,724,82.83
Aaron Wolmutt,7,0,0,0,35,35,active,1443,724,82.83
roc,7,0,0,0,35,35,active,1443,724,82.83
Dylan Rajguru,7,0,0,0,35,35,active,1443,724,82.83
Kevin Liu,7,0,0,0,35,35,active,1443,724,82.83
Mikaël Ducharme,7,0,0,0,35,35,active,1443,724,82.83
Yingbo Wang,7,0,0,0,35,35,active,1443,724,82.83
antonymayi,1,3,0,0,35,35,contributor,1443,363,82.83
npodewitz,1,3,0,0,35,35,contributor,1443,363,82.83
fuxiao224,0,3,2,0,34,34,contributor,1492,379,82.29
sumeshpremraj,0,3,2,0,34,34,contributor,1492,379,82.29
shcherbin,0,2,7,0,34,34,contributor,1492,379,82.29
marshall7m,0,1,12,0,34,34,contributor,1492,379,82.29
mattusifer,0,3,2,0,34,34,contributor,1492,379,82.29
ylnsnv,0,2,7,0,34,34,contributor,1492,379,82.29
SalAlba,0,2,7,0,34,34,contributor,1492,379,82.29
yupbank,0,3,2,0,34,34,contributor,1492,379,82.29
mwojtyczka,0,1,12,0,34,34,contributor,1492,379,82.29
naseemshah,0,2,7,0,34,34,contributor,1492,379,82.29
stelsemeyer-m60,0,3,2,0,34,34,contributor,1492,379,82.29
Saadmadni84,0,2,7,0,34,34,contributor,1492,379,82.29
pyrr,0,3,2,0,34,34,contributor,1492,379,82.29
DMilmont,0,3,2,0,34,34,contributor,1492,379,82.29
ismailsimsek,0,1,12,0,34,34,contributor,1492,379,82.29
sortega,0,3,2,0,34,34,contributor,1492,379,82.29
Goodkat,0,3,2,0,34,34,contributor,1492,379,82.29
akrava,0,3,2,0,34,34,contributor,1492,379,82.29
ahzaz,0,2,7,0,34,34,contributor,1492,379,82.29
fbertos,0,2,7,0,34,34,contributor,1492,379,82.29
shyft-mike,0,1,12,0,34,34,contributor,1492,379,82.29
pavel-lexyr,0,3,2,0,34,34,contributor,1492,379,82.29
mjsqu,2,2,2,0,34,34,contributor,1492,379,82.29
rayrrr,0,3,2,0,34,34,contributor,1492,379,82.29
vanducng,0,3,2,0,34,34,contributor,1492,379,82.29
marcelo-franceschini,0,3,2,0,34,34,contributor,1492,379,82.29
Shally-Katariya,0,3,2,0,34,34,contributor,1492,379,82.29
ankurbajaj9,0,3,2,0,34,34,contributor,1492,379,82.29
luos-fc,0,3,2,0,34,34,contributor,1492,379,82.29
RyanSiu1995,0,3,2,0,34,34,contributor,1492,379,82.29
oleksiidav,0,2,7,0,34,34,contributor,1492,379,82.29
armandsauzay,0,3,2,0,34,34,contributor,1492,379,82.29
jon-fearer,2,2,2,0,34,34,contributor,1492,379,82.29
Lukas1v,2,2,2,0,34,34,contributor,1492,379,82.29
brian-lavery,0,2,7,0,34,34,contributor,1492,379,82.29
functicons,0,3,2,0,34,34,contributor,1492,379,82.29
tyrellcurry,0,2,7,0,34,34,contributor,1492,379,82.29
juditnovak,0,3,2,0,34,34,contributor,1492,379,82.29
curlup,0,3,2,0,34,34,contributor,1492,379,82.29
j143,0,3,2,0,34,34,contributor,1492,379,82.29
Vamsi-klu,0,3,2,0,34,34,contributor,1492,379,82.29
rzjfr,0,3,2,0,34,34,contributor,1492,379,82.29
andormarkus,0,3,1,0,32,32,contributor,1534,421,81.72
KevinYanesG,2,2,1,0,32,32,contributor,1534,421,81.72
jwitz,0,2,6,0,32,32,contributor,1534,421,81.72
ramonvermeulen,0,3,1,0,32,32,contributor,1534,421,81.72
vishakha1411,0,3,1,0,32,32,contributor,1534,421,81.72
hhhonzik,0,3,1,0,32,32,contributor,1534,421,81.72
tchakib,0,2,6,0,32,32,contributor,1534,421,81.72
enima2684,0,2,6,0,32,32,contributor,1534,421,81.72
shakeelansari63,0,3,1,0,32,32,contributor,1534,421,81.72
themadcoder23,0,3,1,0,32,32,contributor,1534,421,81.72
isharghura,0,3,1,0,32,32,contributor,1534,421,81.72
lucacavazzana,0,1,11,0,32,32,contributor,1534,421,81.72
marekhanus,0,3,1,0,32,32,contributor,1534,421,81.72
sergioesca4,0,2,6,0,32,32,contributor,1534,421,81.72
saifxyzyz,0,2,6,0,32,32,contributor,1534,421,81.72
e-roux,0,3,1,0,32,32,contributor,1534,421,81.72
mpeteuil,0,3,1,0,32,32,contributor,1534,421,81.72
harryplumer,2,2,1,0,32,32,contributor,1534,421,81.72
dacohen,0,3,1,0,32,32,contributor,1534,421,81.72
bbenzikry,0,3,1,0,32,32,contributor,1534,421,81.72
piotrlinski,0,2,6,0,32,32,contributor,1534,421,81.72
GlenboLake,2,2,1,0,32,32,contributor,1534,421,81.72
caitpj,0,3,1,0,32,32,contributor,1534,421,81.72
jaegwonseo,0,2,6,0,32,32,contributor,1534,421,81.72
skypher,0,3,1,0,32,32,contributor,1534,421,81.72
avinashpandeshwar,0,3,1,0,32,32,contributor,1534,421,81.72
Vasu-Madaan,0,2,6,0,32,32,contributor,1534,421,81.72
prakash12,0,3,1,0,32,32,contributor,1534,421,81.72
asaf400,0,2,6,0,32,32,contributor,1534,421,81.72
kubatyszko,0,3,1,0,32,32,contributor,1534,421,81.72
if-i,0,3,1,0,32,32,contributor,1534,421,81.72
nlecoy,0,3,1,0,32,32,contributor,1534,421,81.72
ewljmgzbyydh123,0,3,1,0,32,32,contributor,1534,421,81.72
eeeclipse,2,2,1,0,32,32,contributor,1534,421,81.72
pemiranda-clgx,0,2,6,0,32,32,contributor,1534,421,81.72
xgao1023,0,1,11,0,32,32,contributor,1534,421,81.72
schattian,0,2,6,0,32,32,contributor,1534,421,81.72
Dev232001,0,2,6,0,32,32,contributor,1534,421,81.72
danielbe11,0,3,1,0,32,32,contributor,1534,421,81.72
jsnb-devoted,0,3,1,0,32,32,contributor,1534,421,81.72
SavingFrame,0,2,6,0,32,32,contributor,1534,421,81.72
10lite,0,3,1,0,32,32,contributor,1534,421,81.72
LucasRoesler,0,3,1,0,32,32,contributor,1534,421,81.72
xpgcrx,0,2,6,0,32,32,contributor,1534,421,81.72
javatarz,0,3,1,0,32,32,contributor,1534,421,81.72
timkpaine,0,2,6,0,32,32,contributor,1534,421,81.72
chrfoyer,0,2,3,2,32,32,contributor,1534,421,81.72
triptec,0,3,1,0,32,32,contributor,1534,421,81.72
levahim,0,3,1,0,32,32,contributor,1534,421,81.72
jmaicher,0,3,1,0,32,32,contributor,1534,421,81.72
mixilchenko,0,3,1,0,32,32,contributor,1534,421,81.72
stavdav143,0,3,1,0,32,32,contributor,1534,421,81.72
GaneshPatil7517,0,3,1,0,32,32,contributor,1534,421,81.72
iJanki-gr,0,3,1,0,32,32,contributor,1534,421,81.72
hakuno,0,3,1,0,32,32,contributor,1534,421,81.72
0x26res,1,2,3,0,31,31,contributor,1589,476,81.37
cBiscuitSurprise,1,1,8,0,31,31,contributor,1589,476,81.37
eldar-elne,1,2,3,0,31,31,contributor,1589,476,81.37
JoshuaXOng,1,2,3,0,31,31,contributor,1589,476,81.37
ernest-kr,1,2,3,0,31,31,contributor,1589,476,81.37
samgans,2,2,0,0,30,30,contributor,1594,481,79.9
prodonjs,0,3,0,0,30,30,contributor,1594,481,79.9
tal181,2,2,0,0,30,30,contributor,1594,481,79.9
dbatten5,2,2,0,0,30,30,contributor,1594,481,79.9
philipgray,0,2,5,0,30,30,contributor,1594,481,79.9
fjmacagno,0,2,5,0,30,30,contributor,1594,481,79.9
Abhishek1559,0,3,0,0,30,30,contributor,1594,481,79.9
bernardocouto,0,3,0,0,30,30,contributor,1594,481,79.9
Ratasa143,0,3,0,0,30,30,contributor,1594,481,79.9
benoyantony,2,2,0,0,30,30,contributor,1594,481,79.9
lgov,0,3,0,0,30,30,contributor,1594,481,79.9
dmateusp,0,3,0,0,30,30,contributor,1594,481,79.9
cinhil,0,3,0,0,30,30,contributor,1594,481,79.9
idralyuk,0,3,0,0,30,30,contributor,1594,481,79.9
shibataka000,2,2,0,0,30,30,contributor,1594,481,79.9
happyjulie,0,3,0,0,30,30,contributor,1594,481,79.9
andrewldesousa,0,3,0,0,30,30,contributor,1594,481,79.9
bskim45,0,3,0,0,30,30,contributor,1594,481,79.9
sgromme,0,3,0,0,30,30,contributor,1594,481,79.9
camshrun,0,3,0,0,30,30,contributor,1594,481,79.9
junaiddshaukat,0,3,0,0,30,30,contributor,1594,481,79.9
newtonle,0,3,0,0,30,30,contributor,1594,481,79.9
d-lee,0,3,0,0,30,30,contributor,1594,481,79.9
liuyonghengheng,0,1,10,0,30,30,contributor,1594,481,79.9
amordoch,0,3,0,0,30,30,contributor,1594,481,79.9
bhavika,0,3,0,0,30,30,contributor,1594,481,79.9
JackDanger,0,3,0,0,30,30,contributor,1594,481,79.9
jcao219,0,3,0,0,30,30,contributor,1594,481,79.9
wdhorton,0,3,0,0,30,30,contributor,1594,481,79.9
zeninpalm,0,3,0,0,30,30,contributor,1594,481,79.9
infused-kim,0,3,0,0,30,30,contributor,1594,481,79.9
UnclaimedPants,0,3,0,0,30,30,contributor,1594,481,79.9
Dmitry Zhyhimont,6,0,0,0,30,30,active,1594,757,79.9
Sung Yun,6,0,0,0,30,30,active,1594,757,79.9
beobest2,0,1,4,4,30,30,contributor,1594,481,79.9
RyuSA,2,2,0,0,30,30,contributor,1594,481,79.9
anukrati1507,2,2,0,0,30,30,contributor,1594,481,79.9
Idan Tepper,6,0,0,0,30,30,active,1594,757,79.9
BrechtDeVlieger,2,2,0,0,30,30,contributor,1594,481,79.9
jkbngl,0,3,0,0,30,30,contributor,1594,481,79.9
Edward Wang,6,0,0,0,30,30,active,1594,757,79.9
GitStart-AirFlow,6,0,0,0,30,30,active,1594,757,79.9
lopesdiego12,0,3,0,0,30,30,contributor,1594,481,79.9
rbarrette,0,3,0,0,30,30,contributor,1594,481,79.9
jayceslesar,0,3,0,0,30,30,contributor,1594,481,79.9
SakshamSinghal20,0,2,5,0,30,30,contributor,1594,481,79.9
azban,0,3,0,0,30,30,contributor,1594,481,79.9
biellls,2,2,0,0,30,30,contributor,1594,481,79.9
rafaelpierre,0,2,5,0,30,30,contributor,1594,481,79.9
kncatalan,0,2,5,0,30,30,contributor,1594,481,79.9
tkaymak,0,3,0,0,30,30,contributor,1594,481,79.9
jakepage11,2,2,0,0,30,30,contributor,1594,481,79.9
matthiashuschle,2,2,0,0,30,30,contributor,1594,481,79.9
mylons,0,3,0,0,30,30,contributor,1594,481,79.9
hegongwork,0,1,10,0,30,30,contributor,1594,481,79.9
ron-damon,2,2,0,0,30,30,contributor,1594,481,79.9
Vadim Vladimirov,6,0,0,0,30,30,active,1594,757,79.9
ttomasz,2,2,0,0,30,30,contributor,1594,481,79.9
ChanglinZhou,0,2,5,0,30,30,contributor,1594,481,79.9
sjmiller609,0,3,0,0,30,30,contributor,1594,481,79.9
rafyzg,2,2,0,0,30,30,contributor,1594,481,79.9
duyet,0,3,0,0,30,30,contributor,1594,481,79.9
Michał Misiewicz,6,0,0,0,30,30,active,1594,757,79.9
krisfur,0,1,10,0,30,30,contributor,1594,481,79.9
Younghee Kwon,6,0,0,0,30,30,active,1594,757,79.9
danfrankj,0,3,0,0,30,30,contributor,1594,481,79.9
Patrick Cando,6,0,0,0,30,30,active,1594,757,79.9
Antoni Smoliński,6,0,0,0,30,30,active,1594,757,79.9
elizabethhalper,0,3,0,0,30,30,contributor,1594,481,79.9
George,6,0,0,0,30,30,active,1594,757,79.9
ipsatrivedi,2,2,0,0,30,30,contributor,1594,481,79.9
shubhamkoti,2,2,0,0,30,30,contributor,1594,481,79.9
d3cay1-zz,0,3,0,0,30,30,contributor,1594,481,79.9
odracci,0,3,0,0,30,30,contributor,1594,481,79.9
gaurav8297,0,2,5,0,30,30,contributor,1594,481,79.9
shaneikennedy,0,3,0,0,30,30,contributor,1594,481,79.9
acroos,0,1,10,0,30,30,contributor,1594,481,79.9
Joao Amaral,6,0,0,0,30,30,active,1594,757,79.9
santosh-d3vpl3x,0,3,0,0,30,30,contributor,1594,481,79.9
plockaby,0,2,5,0,30,30,contributor,1594,481,79.9
hixus,2,2,0,0,30,30,contributor,1594,481,79.9
nrhvyc,0,3,0,0,30,30,contributor,1594,481,79.9
joshi95,0,3,0,0,30,30,contributor,1594,481,79.9
Maham Ali,6,0,0,0,30,30,active,1594,757,79.9
forevernull,2,2,0,0,30,30,contributor,1594,481,79.9
yati-sagade,0,3,0,0,30,30,contributor,1594,481,79.9
easontm,0,3,0,0,30,30,contributor,1594,481,79.9
AkinduH,0,3,0,0,30,30,contributor,1594,481,79.9
imbaczek,0,3,0,0,30,30,contributor,1594,481,79.9
plutaniano,0,3,0,0,30,30,contributor,1594,481,79.9
Jasminekaur2005,0,3,0,0,30,30,contributor,1594,481,79.9
Steve Zhang,6,0,0,0,30,30,active,1594,757,79.9
luispedroemg,2,2,0,0,30,30,contributor,1594,481,79.9
Renze Post,6,0,0,0,30,30,active,1594,757,79.9
yenchenLiu,0,3,0,0,30,30,contributor,1594,481,79.9
nikhilnadig28,0,3,0,0,30,30,contributor,1594,481,79.9
tgrandje,0,3,0,0,30,30,contributor,1594,481,79.9
andrzejsydor,2,2,0,0,30,30,contributor,1594,481,79.9
vineetgoel,0,3,0,0,30,30,contributor,1594,481,79.9
MatthieuBlais,0,3,0,0,30,30,contributor,1594,481,79.9
Yeonguk,6,0,0,0,30,30,active,1594,757,79.9
markusschmaus,0,3,0,0,30,30,contributor,1594,481,79.9
stephsi,0,3,0,0,30,30,contributor,1594,481,79.9
Oleksandr Yarushevskyi,6,0,0,0,30,30,active,1594,757,79.9
Igor Kholopov,6,0,0,0,30,30,active,1594,757,79.9
craigforster,0,3,0,0,30,30,contributor,1594,481,79.9
kodieg,2,2,0,0,30,30,contributor,1594,481,79.9
Akshesh Doshi,6,0,0,0,30,30,active,1594,757,79.9
eschachar,0,3,0,0,30,30,contributor,1594,481,79.9
moe-nadal-ck,0,3,0,0,30,30,contributor,1594,481,79.9
peterjdolan,0,3,0,0,30,30,contributor,1594,481,79.9
kentaasamura,0,3,0,0,30,30,contributor,1594,481,79.9
vlieven,2,2,0,0,30,30,contributor,1594,481,79.9
morgan-dgk,0,3,0,0,30,30,contributor,1594,481,79.9
s7anley,0,3,0,0,30,30,contributor,1594,481,79.9
yoziru,0,3,0,0,30,30,contributor,1594,481,79.9
coufon,0,3,0,0,30,30,contributor,1594,481,79.9
honarkhah,0,3,0,0,30,30,contributor,1594,481,79.9
nadflinn,0,2,5,0,30,30,contributor,1594,481,79.9
jadecodelab,0,3,0,0,30,30,contributor,1594,481,79.9
vijaykramesh,0,3,0,0,30,30,contributor,1594,481,79.9
RJKeevil,0,3,0,0,30,30,contributor,1594,481,79.9
whummer,0,3,0,0,30,30,contributor,1594,481,79.9
diogoalexandrefranco,0,3,0,0,30,30,contributor,1594,481,79.9
realradical,0,2,5,0,30,30,contributor,1594,481,79.9
rohith-sagar,0,3,0,0,30,30,contributor,1594,481,79.9
ClimbsRocks,0,3,0,0,30,30,contributor,1594,481,79.9
m8719-github,0,2,5,0,30,30,contributor,1594,481,79.9
Ignacio Peluffo,6,0,0,0,30,30,active,1594,757,79.9
maroshmka,0,3,0,0,30,30,contributor,1594,481,79.9
gsilk,0,3,0,0,30,30,contributor,1594,481,79.9
Jarek,6,0,0,0,30,30,active,1594,757,79.9
bryce-lewis,2,2,0,0,30,30,contributor,1594,481,79.9
Arjav Patel,6,0,0,0,30,30,active,1594,757,79.9
merwan,0,3,0,0,30,30,contributor,1594,481,79.9
HyunWooZZ,0,2,5,0,30,30,contributor,1594,481,79.9
Haseeb Malik,6,0,0,0,30,30,active,1594,757,79.9
jonshea,0,3,0,0,30,30,contributor,1594,481,79.9
Stijn De Haes,6,0,0,0,30,30,active,1594,757,79.9
Grégoire Bellon-Gervais,6,0,0,0,30,30,active,1594,757,79.9
Itay,6,0,0,0,30,30,active,1594,757,79.9
dclubb,0,3,0,0,30,30,contributor,1594,481,79.9
calfzhou,2,2,0,0,30,30,contributor,1594,481,79.9
Aldo,6,0,0,0,30,30,active,1594,757,79.9
aelzeiny,0,2,5,0,30,30,contributor,1594,481,79.9
Paul Yang,6,0,0,0,30,30,active,1594,757,79.9
iprithv,0,3,0,0,30,30,contributor,1594,481,79.9
Paul Williams,6,0,0,0,30,30,active,1594,757,79.9
Abhik1998,0,3,0,0,30,30,contributor,1594,481,79.9
avram,0,3,0,0,30,30,contributor,1594,481,79.9
jungrae-prestolabs,0,3,0,0,30,30,contributor,1594,481,79.9
Rachana Gogate,6,0,0,0,30,30,active,1594,757,79.9
harrisjoseph,0,3,0,0,30,30,contributor,1594,481,79.9
ashwinshankar77,2,2,0,0,30,30,contributor,1594,481,79.9
dszakallas,0,3,0,0,30,30,contributor,1594,481,79.9
TheSAS,0,3,0,0,30,30,contributor,1594,481,79.9
dougblack,0,3,0,0,30,30,contributor,1594,481,79.9
Kludex,0,2,5,0,30,30,contributor,1594,481,79.9
sanchitburkule,0,2,5,0,30,30,contributor,1594,481,79.9
John Arnold (AZURE),6,0,0,0,30,30,active,1594,757,79.9
saaratstaples,0,3,0,0,30,30,contributor,1594,481,79.9
seangaaab,0,3,0,0,30,30,contributor,1594,481,79.9
Arkoniak,0,3,0,0,30,30,contributor,1594,481,79.9
suzuryo97,2,2,0,0,30,30,contributor,1594,481,79.9
Ilya Rakoshes,6,0,0,0,30,30,active,1594,757,79.9
Marty Jackson,6,0,0,0,30,30,active,1594,757,79.9
saurabhdhupar,0,3,0,0,30,30,contributor,1594,481,79.9
rdavison,0,3,0,0,30,30,contributor,1594,481,79.9
lostkamp,0,3,0,0,30,30,contributor,1594,481,79.9
Felipe Lolas,6,0,0,0,30,30,active,1594,757,79.9
matt2000,0,3,0,0,30,30,contributor,1594,481,79.9
nmyk,2,2,0,0,30,30,contributor,1594,481,79.9
pgzmnk,2,2,0,0,30,30,contributor,1594,481,79.9
sanjana1604,0,3,0,0,30,30,contributor,1594,481,79.9
LyndonFan,0,3,0,0,30,30,contributor,1594,481,79.9
mtp401,0,3,0,0,30,30,contributor,1594,481,79.9
anja-istenic,0,3,0,0,30,30,contributor,1594,481,79.9
chiragtodarka-dd,0,3,0,0,30,30,contributor,1594,481,79.9
hgrif,0,3,0,0,30,30,contributor,1594,481,79.9
Rafał Harabień,6,0,0,0,30,30,active,1594,757,79.9
Tim Swast,6,0,0,0,30,30,active,1594,757,79.9
patrickmckenna,0,3,0,0,30,30,contributor,1594,481,79.9
Lohith M,6,0,0,0,30,30,active,1594,757,79.9
DrFaust92,0,3,0,0,30,30,contributor,1594,481,79.9
evgenyslab,0,3,0,0,30,30,contributor,1594,481,79.9
kfirgollan,0,3,0,0,30,30,contributor,1594,481,79.9
jochem,0,3,0,0,30,30,contributor,1594,481,79.9
jbacon,0,3,0,0,30,30,contributor,1594,481,79.9
abij,0,3,0,0,30,30,contributor,1594,481,79.9
vitorbaptista,0,3,0,0,30,30,contributor,1594,481,79.9
RenGeng,2,2,0,0,30,30,contributor,1594,481,79.9
Pavel Hlushchanka,6,0,0,0,30,30,active,1594,757,79.9
Aryan Khurana,6,0,0,0,30,30,active,1594,757,79.9
dclandau,2,2,0,0,30,30,contributor,1594,481,79.9
prakharcode,0,3,0,0,30,30,contributor,1594,481,79.9
chrissng,2,2,0,0,30,30,contributor,1594,481,79.9
Junyoung Park,6,0,0,0,30,30,active,1594,757,79.9
loustler,0,3,0,0,30,30,contributor,1594,481,79.9
Kosteev Eugene,6,0,0,0,30,30,active,1594,757,79.9
SeonghwanLee,6,0,0,0,30,30,active,1594,757,79.9
guptakumartanuj,0,3,0,0,30,30,contributor,1594,481,79.9
Marcus Levine,6,0,0,0,30,30,active,1594,757,79.9
Shekharrajak,0,2,5,0,30,30,contributor,1594,481,79.9
yajna-pandith,0,3,0,0,30,30,contributor,1594,481,79.9
jordanjeremy,2,2,0,0,30,30,contributor,1594,481,79.9
Alexander Millin,6,0,0,0,30,30,active,1594,757,79.9
reidab,0,3,0,0,30,30,contributor,1594,481,79.9
cliebBS,0,3,0,0,30,30,contributor,1594,481,79.9
volkale,0,3,0,0,30,30,contributor,1594,481,79.9
jesusfcr,0,3,0,0,30,30,contributor,1594,481,79.9
sergiohgz,0,3,0,0,30,30,contributor,1594,481,79.9
Benjamin Tallman,6,0,0,0,30,30,active,1594,757,79.9
zhzhang,2,2,0,0,30,30,contributor,1594,481,79.9
Vedant Lodha,6,0,0,0,30,30,active,1594,757,79.9
Nicholas Travers,6,0,0,0,30,30,active,1594,757,79.9
Ayush-srivastava504,0,3,0,0,30,30,contributor,1594,481,79.9
ekhtiar,0,3,0,0,30,30,contributor,1594,481,79.9
Mateusz Nojek,6,0,0,0,30,30,active,1594,757,79.9
rfrenoy,0,3,0,0,30,30,contributor,1594,481,79.9
gsingh935,0,3,0,0,30,30,contributor,1594,481,79.9
jakahn,0,3,0,0,30,30,contributor,1594,481,79.9
snolan-amount,2,2,0,0,30,30,contributor,1594,481,79.9
omareltomy,0,3,0,0,30,30,contributor,1594,481,79.9
leakec,0,3,0,0,30,30,contributor,1594,481,79.9
bodschut,0,3,0,0,30,30,contributor,1594,481,79.9
Abhishek,6,0,0,0,30,30,active,1594,757,79.9
rfroetscher,0,3,0,0,30,30,contributor,1594,481,79.9
ishan4488,0,3,0,0,30,30,contributor,1594,481,79.9
kmevissen,2,2,0,0,30,30,contributor,1594,481,79.9
ji-han,0,3,0,0,30,30,contributor,1594,481,79.9
benjaminsims,0,3,0,0,30,30,contributor,1594,481,79.9
ProstoMaxim,0,3,0,0,30,30,contributor,1594,481,79.9
rupeshbansal,0,3,0,0,30,30,contributor,1594,481,79.9
Trevor Edwards,6,0,0,0,30,30,active,1594,757,79.9
jao6693,2,2,0,0,30,30,contributor,1594,481,79.9
Ivan,6,0,0,0,30,30,active,1594,757,79.9
ctrebing,0,3,0,0,30,30,contributor,1594,481,79.9
Bartosz Jankiewicz,6,0,0,0,30,30,active,1594,757,79.9
Kian Eliasi,6,0,0,0,30,30,active,1594,757,79.9
KulykDmytro,0,3,0,0,30,30,contributor,1594,481,79.9
dlackty,0,3,0,0,30,30,contributor,1594,481,79.9
Drew J. Sonne,6,0,0,0,30,30,active,1594,757,79.9
Tonkonozhenko,0,3,0,0,30,30,contributor,1594,481,79.9
Alexander Malyga,6,0,0,0,30,30,active,1594,757,79.9
Eric Chang,6,0,0,0,30,30,active,1594,757,79.9
galuszkak,0,3,0,0,30,30,contributor,1594,481,79.9
mattluudo,1,2,2,0,29,29,contributor,1840,671,78.4
adaezebestow,1,2,2,0,29,29,contributor,1840,671,78.4
dybolo,1,2,2,0,29,29,contributor,1840,671,78.4
artilexx,1,2,2,0,29,29,contributor,1840,671,78.4
AlexandrKhabarov,1,1,7,0,29,29,contributor,1840,671,78.4
RichieSK,1,2,2,0,29,29,contributor,1840,671,78.4
dadonnelly316,1,2,2,0,29,29,contributor,1840,671,78.4
ginolegigot,1,2,2,0,29,29,contributor,1840,671,78.4
bmyers-ozette,1,2,2,0,29,29,contributor,1840,671,78.4
smowden,1,2,2,0,29,29,contributor,1840,671,78.4
slmg,1,2,2,0,29,29,contributor,1840,671,78.4
danielenricocahall,0,2,4,0,28,28,contributor,1851,682,78.1
ITJamie,0,2,4,0,28,28,contributor,1851,682,78.1
KyeongJooni,0,2,4,0,28,28,contributor,1851,682,78.1
alikemalocalan,0,1,9,0,28,28,contributor,1851,682,78.1
oripwk,0,2,4,0,28,28,contributor,1851,682,78.1
ngaranko,0,2,4,0,28,28,contributor,1851,682,78.1
sanederchik,0,2,4,0,28,28,contributor,1851,682,78.1
fediabdelhedi,0,2,4,0,28,28,contributor,1851,682,78.1
michalsosn,0,2,4,0,28,28,contributor,1851,682,78.1
xuan616,0,2,4,0,28,28,contributor,1851,682,78.1
josuegen,0,2,4,0,28,28,contributor,1851,682,78.1
tosheer,0,1,9,0,28,28,contributor,1851,682,78.1
bilalaslamseattle,0,0,14,0,28,28,observer,1851,7,78.1
siddartha-ravichandran,0,2,4,0,28,28,contributor,1851,682,78.1
j178,0,1,9,0,28,28,contributor,1851,682,78.1
mariana-marcal-santana,0,1,9,0,28,28,contributor,1851,682,78.1
GuidoTournois,0,2,4,0,28,28,contributor,1851,682,78.1
ninsbl,0,2,4,0,28,28,contributor,1851,682,78.1
maganaluis,0,2,4,0,28,28,contributor,1851,682,78.1
simond,0,2,4,0,28,28,contributor,1851,682,78.1
zhiyong-ong,0,2,4,0,28,28,contributor,1851,682,78.1
R7L208,0,2,4,0,28,28,contributor,1851,682,78.1
Whiskine,0,1,9,0,28,28,contributor,1851,682,78.1
sydykov,0,2,4,0,28,28,contributor,1851,682,78.1
edumuellerFSL,0,2,4,0,28,28,contributor,1851,682,78.1
davidsharp7,0,2,4,0,28,28,contributor,1851,682,78.1
ginone,0,2,4,0,28,28,contributor,1851,682,78.1
Ghoul-SSZ,0,1,9,0,28,28,contributor,1851,682,78.1
debodirno,0,2,4,0,28,28,contributor,1851,682,78.1
KL-2300032590,0,2,4,0,28,28,contributor,1851,682,78.1
rounakdatta,0,2,4,0,28,28,contributor,1851,682,78.1
shreyas-dev,0,1,9,0,28,28,contributor,1851,682,78.1
brighton1101,0,2,4,0,28,28,contributor,1851,682,78.1
pubudu91,0,2,4,0,28,28,contributor,1851,682,78.1
pykenny,0,2,4,0,28,28,contributor,1851,682,78.1
CodingJonas,0,2,4,0,28,28,contributor,1851,682,78.1
ap--,0,2,4,0,28,28,contributor,1851,682,78.1
Parkerhiphop,0,2,4,0,28,28,contributor,1851,682,78.1
markhopson,0,1,9,0,28,28,contributor,1851,682,78.1
kd2718,0,1,9,0,28,28,contributor,1851,682,78.1
baxievski,1,1,6,0,27,27,contributor,1891,721,77.81
cccs-cat001,1,2,1,0,27,27,contributor,1891,721,77.81
jannisko,1,2,1,0,27,27,contributor,1891,721,77.81
yingxuanwangxuan,1,2,1,0,27,27,contributor,1891,721,77.81
takunnithan,1,1,6,0,27,27,contributor,1891,721,77.81
Dris101,1,2,1,0,27,27,contributor,1891,721,77.81
jvoravong,1,2,1,0,27,27,contributor,1891,721,77.81
Voldurk,1,2,1,0,27,27,contributor,1891,721,77.81
svetli-n,1,2,1,0,27,27,contributor,1891,721,77.81
bbenshalom,1,1,6,0,27,27,contributor,1891,721,77.81
mnacharov,0,1,8,0,26,26,contributor,1901,731,77.45
droppoint,0,1,8,0,26,26,contributor,1901,731,77.45
rajat-tomar,0,2,3,0,26,26,contributor,1901,731,77.45
aliotta,0,2,3,0,26,26,contributor,1901,731,77.45
hamad-tariq,0,2,3,0,26,26,contributor,1901,731,77.45
fatmumuhomer,0,1,8,0,26,26,contributor,1901,731,77.45
khilawar4,0,1,8,0,26,26,contributor,1901,731,77.45
pwdsudinym-ui,0,1,8,0,26,26,contributor,1901,731,77.45
mrbazzan,0,2,3,0,26,26,contributor,1901,731,77.45
AndersonReyes,0,1,8,0,26,26,contributor,1901,731,77.45
Calder-Ty,0,2,3,0,26,26,contributor,1901,731,77.45
BenoitHanotte,0,2,3,0,26,26,contributor,1901,731,77.45
chrisluedtke,0,2,3,0,26,26,contributor,1901,731,77.45
bentorb,0,1,8,0,26,26,contributor,1901,731,77.45
bin-lian,2,1,3,0,26,26,contributor,1901,731,77.45
OliverWannenwetsch,0,2,3,0,26,26,contributor,1901,731,77.45
harrold-mussa,0,2,3,0,26,26,contributor,1901,731,77.45
gmontanola,0,2,3,0,26,26,contributor,1901,731,77.45
richardbadman,0,2,3,0,26,26,contributor,1901,731,77.45
epapineau,0,2,3,0,26,26,contributor,1901,731,77.45
Eric-Mendes,0,1,8,0,26,26,contributor,1901,731,77.45
jsemric,0,2,3,0,26,26,contributor,1901,731,77.45
weldpua2008,0,1,8,0,26,26,contributor,1901,731,77.45
raboof,0,2,3,0,26,26,contributor,1901,731,77.45
Birne94,0,2,3,0,26,26,contributor,1901,731,77.45
prasad-madine,0,1,8,0,26,26,contributor,1901,731,77.45
pedresnyman,0,2,3,0,26,26,contributor,1901,731,77.45
adrian-adikteev,0,1,8,0,26,26,contributor,1901,731,77.45
agalst,0,2,3,0,26,26,contributor,1901,731,77.45
dsynkov,0,2,3,0,26,26,contributor,1901,731,77.45
mlnsharma,0,2,3,0,26,26,contributor,1901,731,77.45
akashsriv07,0,2,3,0,26,26,contributor,1901,731,77.45
juhai,0,2,3,0,26,26,contributor,1901,731,77.45
mikaelfr,0,1,8,0,26,26,contributor,1901,731,77.45
KennyRich,0,2,3,0,26,26,contributor,1901,731,77.45
kouk,0,1,8,0,26,26,contributor,1901,731,77.45
varundhussa,0,2,3,0,26,26,contributor,1901,731,77.45
Ritika-Singhal,0,2,3,0,26,26,contributor,1901,731,77.45
victoru2,0,0,13,0,26,26,observer,1901,8,77.45
HariGS-DB,0,2,3,0,26,26,contributor,1901,731,77.45
surabathini,0,1,8,0,26,26,contributor,1901,731,77.45
samhita-alla,0,2,3,0,26,26,contributor,1901,731,77.45
thcidale0808,0,2,3,0,26,26,contributor,1901,731,77.45
yaming-github,0,2,3,0,26,26,contributor,1901,731,77.45
kanagaraj-dhanapal-89,0,2,3,0,26,26,contributor,1901,731,77.45
elwinarens,0,1,8,0,26,26,contributor,1901,731,77.45
georborodin,0,2,3,0,26,26,contributor,1901,731,77.45
daniel-dylag-openx,0,2,3,0,26,26,contributor,1901,731,77.45
rajrao,0,2,3,0,26,26,contributor,1901,731,77.45
johannaojeling,0,2,3,0,26,26,contributor,1901,731,77.45
unsigned-long-int,0,1,8,0,26,26,contributor,1901,731,77.45
Mariusz Strzelecki,5,0,0,0,25,25,active,1952,813,76.38
davidshopback,1,2,0,0,25,25,contributor,1952,781,76.38
Marty Woodlee,5,0,0,0,25,25,active,1952,813,76.38
buom,1,2,0,0,25,25,contributor,1952,781,76.38
Aadya,5,0,0,0,25,25,active,1952,813,76.38
Jay,5,0,0,0,25,25,active,1952,813,76.38
julien-gm,1,2,0,0,25,25,contributor,1952,781,76.38
sage-ingle-ck,1,2,0,0,25,25,contributor,1952,781,76.38
Aaron Niskode-Dossett,5,0,0,0,25,25,active,1952,813,76.38
Markus Schmaus,5,0,0,0,25,25,active,1952,813,76.38
Sergio Kef,5,0,0,0,25,25,active,1952,813,76.38
akakakakakaa,1,2,0,0,25,25,contributor,1952,781,76.38
sollozzo2,1,2,0,0,25,25,contributor,1952,781,76.38
Guillermo Rodriguez Cano,5,0,0,0,25,25,active,1952,813,76.38
Akshay-samsung,1,2,0,0,25,25,contributor,1952,781,76.38
Hongyi Wang,5,0,0,0,25,25,active,1952,813,76.38
Josh Marlow,5,0,0,0,25,25,active,1952,813,76.38
Vivek Bhojawala,5,0,0,0,25,25,active,1952,813,76.38
Igor Tavares,5,0,0,0,25,25,active,1952,813,76.38
FritzHoing,1,2,0,0,25,25,contributor,1952,781,76.38
LDAP/krishna_bhupatiraju,5,0,0,0,25,25,active,1952,813,76.38
Patouche,1,2,0,0,25,25,contributor,1952,781,76.38
bareketamir,1,2,0,0,25,25,contributor,1952,781,76.38
Andrew Gibbs,5,0,0,0,25,25,active,1952,813,76.38
Luke Bodeen,5,0,0,0,25,25,active,1952,813,76.38
Rohan Anand,5,0,0,0,25,25,active,1952,813,76.38
Harish Kesava Rao,5,0,0,0,25,25,active,1952,813,76.38
charlesverdad,1,2,0,0,25,25,contributor,1952,781,76.38
tpilewicz,1,2,0,0,25,25,contributor,1952,781,76.38
harjeevan maan,5,0,0,0,25,25,active,1952,813,76.38
Vishalup29,1,2,0,0,25,25,contributor,1952,781,76.38
Emil Ejbyfeldt,5,0,0,0,25,25,active,1952,813,76.38
terezaif,1,2,0,0,25,25,contributor,1952,781,76.38
Christian Trebing,5,0,0,0,25,25,active,1952,813,76.38
AurimasGr,1,2,0,0,25,25,contributor,1952,781,76.38
Omar,5,0,0,0,25,25,active,1952,813,76.38
Neil Hanlon,5,0,0,0,25,25,active,1952,813,76.38
Leon Smith,5,0,0,0,25,25,active,1952,813,76.38
johnnason,1,2,0,0,25,25,contributor,1952,781,76.38
Matheus Vitório,5,0,0,0,25,25,active,1952,813,76.38
Chang-Yen (Brian) Li,5,0,0,0,25,25,active,1952,813,76.38
Ashir Alam,5,0,0,0,25,25,active,1952,813,76.38
morelgeorge,1,2,0,0,25,25,contributor,1952,781,76.38
Nacl122,1,2,0,0,25,25,contributor,1952,781,76.38
Kalle Ahlström,5,0,0,0,25,25,active,1952,813,76.38
Cristòfol Torrens,5,0,0,0,25,25,active,1952,813,76.38
KUAN-HAO HUANG,5,0,0,0,25,25,active,1952,813,76.38
WackyGem,1,1,5,0,25,25,contributor,1952,781,76.38
ihnokim,1,2,0,0,25,25,contributor,1952,781,76.38
Laura Zdanski,5,0,0,0,25,25,active,1952,813,76.38
moshederri,1,2,0,0,25,25,contributor,1952,781,76.38
Dong-yeong0,1,1,5,0,25,25,contributor,1952,781,76.38
AllisonWang,5,0,0,0,25,25,active,1952,813,76.38
michaelosthege,1,2,0,0,25,25,contributor,1952,781,76.38
Matt Rixman,5,0,0,0,25,25,active,1952,813,76.38
Guillermo Rodríguez Cano,5,0,0,0,25,25,active,1952,813,76.38
axxe,1,2,0,0,25,25,contributor,1952,781,76.38
robin_miller_ow,5,0,0,0,25,25,active,1952,813,76.38
Riturajvats,1,2,0,0,25,25,contributor,1952,781,76.38
Vijay Bhat,5,0,0,0,25,25,active,1952,813,76.38
Josh Dimarsky,5,0,0,0,25,25,active,1952,813,76.38
Alexander Sutcliffe,5,0,0,0,25,25,active,1952,813,76.38
Asif Saif Uddin,5,0,0,0,25,25,active,1952,813,76.38
Kousuke Saruta,5,0,0,0,25,25,active,1952,813,76.38
Jaejun,5,0,0,0,25,25,active,1952,813,76.38
vmtuan12,1,2,0,0,25,25,contributor,1952,781,76.38
Danny Liu,5,0,0,0,25,25,active,1952,813,76.38
Adam Boscarino,5,0,0,0,25,25,active,1952,813,76.38
dor-bernstein,1,2,0,0,25,25,contributor,1952,781,76.38
Daumis102,1,2,0,0,25,25,contributor,1952,781,76.38
meujin,1,2,0,0,25,25,contributor,1952,781,76.38
Tomme,1,2,0,0,25,25,contributor,1952,781,76.38
Dennis Akpenyi,5,0,0,0,25,25,active,1952,813,76.38
CatarinaSilva,1,2,0,0,25,25,contributor,1952,781,76.38
adussarps,1,2,0,0,25,25,contributor,1952,781,76.38
Bharanidharan,5,0,0,0,25,25,active,1952,813,76.38
Ranuga,5,0,0,0,25,25,active,1952,813,76.38
Piyush Mudgal,5,0,0,0,25,25,active,1952,813,76.38
Stephan Erb,5,0,0,0,25,25,active,1952,813,76.38
kiwy42,1,2,0,0,25,25,contributor,1952,781,76.38
Yunchi Pang,5,0,0,0,25,25,active,1952,813,76.38
khalidzohaib,1,2,0,0,25,25,contributor,1952,781,76.38
Pete DeJoy,5,0,0,0,25,25,active,1952,813,76.38
Giovanni Lanzani,5,0,0,0,25,25,active,1952,813,76.38
sw1010,1,2,0,0,25,25,contributor,1952,781,76.38
Ying,5,0,0,0,25,25,active,1952,813,76.38
Jyoti Dhiman,5,0,0,0,25,25,active,1952,813,76.38
Ruben Oostinga,5,0,0,0,25,25,active,1952,813,76.38
Stanislav Kazanov,5,0,0,0,25,25,active,1952,813,76.38
syed-gilani,1,2,0,0,25,25,contributor,1952,781,76.38
eitanme,1,2,0,0,25,25,contributor,1952,781,76.38
Yiming Peng,5,0,0,0,25,25,active,1952,813,76.38
Harsh Thakur,5,0,0,0,25,25,active,1952,813,76.38
Augusto Hidalgo,5,0,0,0,25,25,active,1952,813,76.38
childe,1,2,0,0,25,25,contributor,1952,781,76.38
qashikin,1,2,0,0,25,25,contributor,1952,781,76.38
Rajath,5,0,0,0,25,25,active,1952,813,76.38
pegasas,1,2,0,0,25,25,contributor,1952,781,76.38
Rahul Madan,5,0,0,0,25,25,active,1952,813,76.38
fhaubner,1,2,0,0,25,25,contributor,1952,781,76.38
Max Ho,5,0,0,0,25,25,active,1952,813,76.38
shourya116,1,2,0,0,25,25,contributor,1952,781,76.38
Kim Minwoo,5,0,0,0,25,25,active,1952,813,76.38
Gordon Ball,5,0,0,0,25,25,active,1952,813,76.38
stijn-meersman,1,2,0,0,25,25,contributor,1952,781,76.38
Mauricio De Diana,5,0,0,0,25,25,active,1952,813,76.38
ambikagarg,5,0,0,0,25,25,active,1952,813,76.38
ShaharPotash1,1,2,0,0,25,25,contributor,1952,781,76.38
Crystal Qian,5,0,0,0,25,25,active,1952,813,76.38
Rocco Pascale,5,0,0,0,25,25,active,1952,813,76.38
abouklila,1,2,0,0,25,25,contributor,1952,781,76.38
Anshu Singh,5,0,0,0,25,25,active,1952,813,76.38
Jeff Balogh,5,0,0,0,25,25,active,1952,813,76.38
Damon P. Cortesi,5,0,0,0,25,25,active,1952,813,76.38
Sean Yu,5,0,0,0,25,25,active,1952,813,76.38
Jithin Sukumar,5,0,0,0,25,25,active,1952,813,76.38
Pavel Yermalovich,5,0,0,0,25,25,active,1952,813,76.38
Sasan Ahmadi,5,0,0,0,25,25,active,1952,813,76.38
jayrumi,1,2,0,0,25,25,contributor,1952,781,76.38
Rasnar,1,2,0,0,25,25,contributor,1952,781,76.38
mohittalele,1,2,0,0,25,25,contributor,1952,781,76.38
Darren Weber,5,0,0,0,25,25,active,1952,813,76.38
mansfieldj3,1,2,0,0,25,25,contributor,1952,781,76.38
Anton Zayniev,5,0,0,0,25,25,active,1952,813,76.38
Mengxi Lu,5,0,0,0,25,25,active,1952,813,76.38
Yu ISHIKAWA,5,0,0,0,25,25,active,1952,813,76.38
Phong Bui,5,0,0,0,25,25,active,1952,813,76.38
Licht-T,1,2,0,0,25,25,contributor,1952,781,76.38
Bryan Yang,5,0,0,0,25,25,active,1952,813,76.38
Holden Karau,5,0,0,0,25,25,active,1952,813,76.38
Tanay Tummalapalli,5,0,0,0,25,25,active,1952,813,76.38
Andrew Chen,5,0,0,0,25,25,active,1952,813,76.38
robertsaxby,0,2,2,0,24,24,contributor,2084,831,75.22
hduong-mwam,0,1,7,0,24,24,contributor,2084,831,75.22
manavgarg,0,0,12,0,24,24,observer,2084,9,75.22
jj-ookla,0,0,12,0,24,24,observer,2084,9,75.22
kempspo,0,2,2,0,24,24,contributor,2084,831,75.22
rishi-kulkarni,0,2,2,0,24,24,contributor,2084,831,75.22
iblaine,0,2,2,0,24,24,contributor,2084,831,75.22
dyon78,0,1,7,0,24,24,contributor,2084,831,75.22
ghostp13409,0,2,2,0,24,24,contributor,2084,831,75.22
mlauter,0,2,2,0,24,24,contributor,2084,831,75.22
yxiao1996,0,2,2,0,24,24,contributor,2084,831,75.22
covidium,0,2,2,0,24,24,contributor,2084,831,75.22
nicholashendrickx-tomtom,0,2,2,0,24,24,contributor,2084,831,75.22
Yusin0903,0,1,7,0,24,24,contributor,2084,831,75.22
Viicos,0,2,2,0,24,24,contributor,2084,831,75.22
jon-evergreen,0,2,2,0,24,24,contributor,2084,831,75.22
Zedmor,0,2,2,0,24,24,contributor,2084,831,75.22
sungpeo,0,2,2,0,24,24,contributor,2084,831,75.22
MarkYHZhang,0,2,2,0,24,24,contributor,2084,831,75.22
mirobertod,0,2,2,0,24,24,contributor,2084,831,75.22
yannlambret,0,2,2,0,24,24,contributor,2084,831,75.22
irudson,0,2,2,0,24,24,contributor,2084,831,75.22
jose-lehmkuhl,0,1,7,0,24,24,contributor,2084,831,75.22
holly-evans,0,2,2,0,24,24,contributor,2084,831,75.22
amatellanes,0,2,2,0,24,24,contributor,2084,831,75.22
Aditi102005,0,2,2,0,24,24,contributor,2084,831,75.22
Bennyelg,0,1,7,0,24,24,contributor,2084,831,75.22
andyfcx,0,2,2,0,24,24,contributor,2084,831,75.22
faihegberg,0,2,2,0,24,24,contributor,2084,831,75.22
hakman12,0,2,2,0,24,24,contributor,2084,831,75.22
whatnick,0,2,2,0,24,24,contributor,2084,831,75.22
MonsterChenzhuo,0,2,2,0,24,24,contributor,2084,831,75.22
fletchjeff,0,2,2,0,24,24,contributor,2084,831,75.22
monti-python,0,2,2,0,24,24,contributor,2084,831,75.22
abhinavraj23,0,2,2,0,24,24,contributor,2084,831,75.22
jtmiclat,0,2,2,0,24,24,contributor,2084,831,75.22
jcarless,0,2,2,0,24,24,contributor,2084,831,75.22
satishmittal111,0,2,2,0,24,24,contributor,2084,831,75.22
nishant-gupta-sh,0,2,2,0,24,24,contributor,2084,831,75.22
dsaiztc,0,1,7,0,24,24,contributor,2084,831,75.22
pabloem,0,2,2,0,24,24,contributor,2084,831,75.22
adam133,0,2,2,0,24,24,contributor,2084,831,75.22
wkhudgins92,0,2,2,0,24,24,contributor,2084,831,75.22
Marloxo,0,2,2,0,24,24,contributor,2084,831,75.22
RodrigoGanancia,0,2,2,0,24,24,contributor,2084,831,75.22
YounHS,0,1,7,0,24,24,contributor,2084,831,75.22
maresb,0,2,2,0,24,24,contributor,2084,831,75.22
elongl,0,1,7,0,24,24,contributor,2084,831,75.22
davidavdav,0,2,2,0,24,24,contributor,2084,831,75.22
Aphinan-Th,0,0,12,0,24,24,observer,2084,9,75.22
cx-han-cx,0,2,2,0,24,24,contributor,2084,831,75.22
johnbrandborg,0,1,7,0,24,24,contributor,2084,831,75.22
gagan-bhullar-tech,0,2,2,0,24,24,contributor,2084,831,75.22
0BVer,0,2,2,0,24,24,contributor,2084,831,75.22
riccardo-salamanna,0,2,2,0,24,24,contributor,2084,831,75.22
dataengineervishal,0,2,2,0,24,24,contributor,2084,831,75.22
kimyen,0,2,2,0,24,24,contributor,2084,831,75.22
grrolland,0,1,7,0,24,24,contributor,2084,831,75.22
rachanadutta,0,2,2,0,24,24,contributor,2084,831,75.22
phanipaladugula,0,2,2,0,24,24,contributor,2084,831,75.22
tobimichael96,0,1,7,0,24,24,contributor,2084,831,75.22
iostreamdoth,0,2,2,0,24,24,contributor,2084,831,75.22
CaptainCuddleCube,0,2,2,0,24,24,contributor,2084,831,75.22
blpham,0,1,7,0,24,24,contributor,2084,831,75.22
Dinghang,0,1,7,0,24,24,contributor,2084,831,75.22
sai-ganesh-03,0,1,7,0,24,24,contributor,2084,831,75.22
Lymah123,1,1,4,0,23,23,contributor,2150,894,74.79
094459,1,1,4,0,23,23,contributor,2150,894,74.79
koushik-rout-samsung,1,1,4,0,23,23,contributor,2150,894,74.79
Isaacwhyuenac,1,1,4,0,23,23,contributor,2150,894,74.79
techolga,1,1,4,0,23,23,contributor,2150,894,74.79
remem9527,1,1,4,0,23,23,contributor,2150,894,74.79
VICIWUOHA,1,1,4,0,23,23,contributor,2150,894,74.79
borismo,0,2,1,0,22,22,contributor,2157,901,74.17
ktrueda,0,1,6,0,22,22,contributor,2157,901,74.17
wookiist,0,2,1,0,22,22,contributor,2157,901,74.17
robertchinezon,0,2,1,0,22,22,contributor,2157,901,74.17
alkismavridis,0,2,1,0,22,22,contributor,2157,901,74.17
algorizm,0,2,1,0,22,22,contributor,2157,901,74.17
SevakAvet,0,2,1,0,22,22,contributor,2157,901,74.17
repl-mike-roest,0,2,1,0,22,22,contributor,2157,901,74.17
kbumsik,0,2,1,0,22,22,contributor,2157,901,74.17
levyitay,0,2,1,0,22,22,contributor,2157,901,74.17
SapphicCode,0,1,6,0,22,22,contributor,2157,901,74.17
danieldean,0,2,1,0,22,22,contributor,2157,901,74.17
pranshupand-db,0,2,1,0,22,22,contributor,2157,901,74.17
sanju1198,0,2,1,0,22,22,contributor,2157,901,74.17
anurag-rajawat,0,2,1,0,22,22,contributor,2157,901,74.17
alokshenoy,0,2,1,0,22,22,contributor,2157,901,74.17
telac,0,2,1,0,22,22,contributor,2157,901,74.17
sirVir,0,1,6,0,22,22,contributor,2157,901,74.17
AmosG,0,2,1,0,22,22,contributor,2157,901,74.17
mzaforas,0,2,1,0,22,22,contributor,2157,901,74.17
zhangyi-hu,0,2,1,0,22,22,contributor,2157,901,74.17
Alok-kumar-priyadarshi,0,2,1,0,22,22,contributor,2157,901,74.17
scrdest,0,1,6,0,22,22,contributor,2157,901,74.17
Artuz37,0,2,1,0,22,22,contributor,2157,901,74.17
matt-land,0,2,1,0,22,22,contributor,2157,901,74.17
dcoliversun,0,1,6,0,22,22,contributor,2157,901,74.17
AzisK,0,2,1,0,22,22,contributor,2157,901,74.17
eserdyuk-exos,0,2,1,0,22,22,contributor,2157,901,74.17
jishangarg,0,2,1,0,22,22,contributor,2157,901,74.17
chenyuan99,0,2,1,0,22,22,contributor,2157,901,74.17
ShelRoman,0,2,1,0,22,22,contributor,2157,901,74.17
zeroshade,0,0,11,0,22,22,observer,2157,12,74.17
ByPort,0,2,1,0,22,22,contributor,2157,901,74.17
jtommi,0,2,1,0,22,22,contributor,2157,901,74.17
bravefoot,0,2,1,0,22,22,contributor,2157,901,74.17
cjj2010,0,2,1,0,22,22,contributor,2157,901,74.17
AliMuhammadOfficial,0,2,1,0,22,22,contributor,2157,901,74.17
EdenKik,0,2,1,0,22,22,contributor,2157,901,74.17
JGoldman110,0,2,1,0,22,22,contributor,2157,901,74.17
Mikhail-M,0,2,1,0,22,22,contributor,2157,901,74.17
mathiaHT,0,2,1,0,22,22,contributor,2157,901,74.17
sreenath-kamath,0,2,1,0,22,22,contributor,2157,901,74.17
Grub4K,0,1,6,0,22,22,contributor,2157,901,74.17
seanmuth,0,2,1,0,22,22,contributor,2157,901,74.17
gdevanla,0,2,1,0,22,22,contributor,2157,901,74.17
eakmanrq,0,1,6,0,22,22,contributor,2157,901,74.17
adityav,0,2,1,0,22,22,contributor,2157,901,74.17
jabbera,0,2,1,0,22,22,contributor,2157,901,74.17
Ferdinanddb,0,2,1,0,22,22,contributor,2157,901,74.17
babinos87,0,1,6,0,22,22,contributor,2157,901,74.17
ut8ia,0,1,6,0,22,22,contributor,2157,901,74.17
dawany,0,2,1,0,22,22,contributor,2157,901,74.17
yimingl17,0,2,1,0,22,22,contributor,2157,901,74.17
briandconnelly,0,1,0,4,22,22,contributor,2157,901,74.17
Falimonda,0,2,1,0,22,22,contributor,2157,901,74.17
javierherrer,0,2,1,0,22,22,contributor,2157,901,74.17
dan-vaughan,0,2,1,0,22,22,contributor,2157,901,74.17
bramvandewalle,0,2,1,0,22,22,contributor,2157,901,74.17
trickysky,0,2,1,0,22,22,contributor,2157,901,74.17
jakubno,0,2,1,0,22,22,contributor,2157,901,74.17
kadai0308,0,2,1,0,22,22,contributor,2157,901,74.17
TiDeane,0,2,1,0,22,22,contributor,2157,901,74.17
benitezfede,0,1,6,0,22,22,contributor,2157,901,74.17
tiago-palma,0,2,1,0,22,22,contributor,2157,901,74.17
serrovsky,0,2,1,0,22,22,contributor,2157,901,74.17
bfeif,0,1,6,0,22,22,contributor,2157,901,74.17
highlyavailable,0,2,1,0,22,22,contributor,2157,901,74.17
0ex-d,0,0,11,0,22,22,observer,2157,12,74.17
rjmcginness,0,2,1,0,22,22,contributor,2157,901,74.17
aijamalnk,0,2,1,0,22,22,contributor,2157,901,74.17
GabrielSalla,0,2,1,0,22,22,contributor,2157,901,74.17
selimchergui,0,2,1,0,22,22,contributor,2157,901,74.17
JoaVirtudes19,0,1,6,0,22,22,contributor,2157,901,74.17
Jgprog117,0,2,1,0,22,22,contributor,2157,901,74.17
nhojjohn,0,2,1,0,22,22,contributor,2157,901,74.17
cetingokhan,0,1,6,0,22,22,contributor,2157,901,74.17
cloventt,0,2,1,0,22,22,contributor,2157,901,74.17
shicholas,0,2,1,0,22,22,contributor,2157,901,74.17
soooojinlee,0,1,6,0,22,22,contributor,2157,901,74.17
ktaborski,0,2,1,0,22,22,contributor,2157,901,74.17
yegeniy,0,2,1,0,22,22,contributor,2157,901,74.17
alecsg77,0,2,1,0,22,22,contributor,2157,901,74.17
nguyenmphu,0,2,1,0,22,22,contributor,2157,901,74.17
orossini,0,2,1,0,22,22,contributor,2157,901,74.17
jscheffl1,0,2,1,0,22,22,contributor,2157,901,74.17
jhongy1994,0,2,1,0,22,22,contributor,2157,901,74.17
RoyNoymanW,0,2,1,0,22,22,contributor,2157,901,74.17
yqian1991,0,2,1,0,22,22,contributor,2157,901,74.17
burakyilmaz321,0,1,6,0,22,22,contributor,2157,901,74.17
samschlegel,0,2,1,0,22,22,contributor,2157,901,74.17
scottlimmer,0,2,1,0,22,22,contributor,2157,901,74.17
iw-pavan,0,2,1,0,22,22,contributor,2157,901,74.17
leonardoam,0,2,1,0,22,22,contributor,2157,901,74.17
niklasr22,0,2,1,0,22,22,contributor,2157,901,74.17
kalel-commits,0,2,1,0,22,22,contributor,2157,901,74.17
paulvic,0,2,1,0,22,22,contributor,2157,901,74.17
tungbq,0,2,1,0,22,22,contributor,2157,901,74.17
quentin-sommer,0,2,1,0,22,22,contributor,2157,901,74.17
SoxMax,1,1,3,0,21,21,contributor,2255,997,73.54
LukeHong,1,1,3,0,21,21,contributor,2255,997,73.54
GauthierSgds,1,1,3,0,21,21,contributor,2255,997,73.54
zengbotang,1,1,3,0,21,21,contributor,2255,997,73.54
TakayukiTanabeSS,1,1,3,0,21,21,contributor,2255,997,73.54
wc-s,1,1,3,0,21,21,contributor,2255,997,73.54
tobiaszorzetto,1,1,3,0,21,21,contributor,2255,997,73.54
rasulkarimov,1,1,3,0,21,21,contributor,2255,997,73.54
iamshwin,1,1,3,0,21,21,contributor,2255,997,73.54
antoniocorralsierra,1,1,3,0,21,21,contributor,2255,997,73.54
hohshho,1,1,3,0,21,21,contributor,2255,997,73.54
LefterisXefteris,0,2,0,0,20,20,contributor,2266,1008,70.31
Atharv625,0,2,0,0,20,20,contributor,2266,1008,70.31
Katsunori Kanda,4,0,0,0,20,20,contributor,2266,1008,70.31
klsnreddy,0,2,0,0,20,20,contributor,2266,1008,70.31
cmlad,0,2,0,0,20,20,contributor,2266,1008,70.31
jpizquierdo,0,2,0,0,20,20,contributor,2266,1008,70.31
Mehul Goyal,4,0,0,0,20,20,contributor,2266,1008,70.31
xjf729,0,2,0,0,20,20,contributor,2266,1008,70.31
suburbanmtman,0,2,0,0,20,20,contributor,2266,1008,70.31
tigerjz32,0,2,0,0,20,20,contributor,2266,1008,70.31
alexnu,0,2,0,0,20,20,contributor,2266,1008,70.31
qlemaire22,0,2,0,0,20,20,contributor,2266,1008,70.31
ivorynoise,0,1,5,0,20,20,contributor,2266,1008,70.31
gepser,0,2,0,0,20,20,contributor,2266,1008,70.31
ogirardot,0,2,0,0,20,20,contributor,2266,1008,70.31
johncmerfeld,0,1,5,0,20,20,contributor,2266,1008,70.31
jakubczaplicki,0,2,0,0,20,20,contributor,2266,1008,70.31
swainmoc,0,1,5,0,20,20,contributor,2266,1008,70.31
Adil-Ibragimov,0,1,5,0,20,20,contributor,2266,1008,70.31
HaKkaz,0,2,0,0,20,20,contributor,2266,1008,70.31
Anirudh Bagri,4,0,0,0,20,20,contributor,2266,1008,70.31
sharon2719,0,2,0,0,20,20,contributor,2266,1008,70.31
Zeglow,0,2,0,0,20,20,contributor,2266,1008,70.31
Nam Ngo,4,0,0,0,20,20,contributor,2266,1008,70.31
venkat-oss,0,2,0,0,20,20,contributor,2266,1008,70.31
Patchus,0,2,0,0,20,20,contributor,2266,1008,70.31
jbandoro,0,2,0,0,20,20,contributor,2266,1008,70.31
vapiravfif,0,2,0,0,20,20,contributor,2266,1008,70.31
mikedias,0,2,0,0,20,20,contributor,2266,1008,70.31
John Horan,4,0,0,0,20,20,contributor,2266,1008,70.31
Brandon Kvarda,4,0,0,0,20,20,contributor,2266,1008,70.31
amir656,0,2,0,0,20,20,contributor,2266,1008,70.31
MASTREX,0,1,5,0,20,20,contributor,2266,1008,70.31
deanmorin,0,2,0,0,20,20,contributor,2266,1008,70.31
pragyak412,0,2,0,0,20,20,contributor,2266,1008,70.31
h1f1x,0,2,0,0,20,20,contributor,2266,1008,70.31
nirroz93,0,2,0,0,20,20,contributor,2266,1008,70.31
davidkl97,0,2,0,0,20,20,contributor,2266,1008,70.31
imurchie,0,2,0,0,20,20,contributor,2266,1008,70.31
MhmtErsy,0,2,0,0,20,20,contributor,2266,1008,70.31
Mai Nakagawa,4,0,0,0,20,20,contributor,2266,1008,70.31
Arpita kesharwani,4,0,0,0,20,20,contributor,2266,1008,70.31
seruman,0,2,0,0,20,20,contributor,2266,1008,70.31
teslakoile,0,2,0,0,20,20,contributor,2266,1008,70.31
namsick96,0,2,0,0,20,20,contributor,2266,1008,70.31
antxxxx,0,2,0,0,20,20,contributor,2266,1008,70.31
tenapril,0,2,0,0,20,20,contributor,2266,1008,70.31
jogueber,0,2,0,0,20,20,contributor,2266,1008,70.31
ouchl,0,2,0,0,20,20,contributor,2266,1008,70.31
ehochmuth,0,2,0,0,20,20,contributor,2266,1008,70.31
Google987,0,2,0,0,20,20,contributor,2266,1008,70.31
ruimffl,0,2,0,0,20,20,contributor,2266,1008,70.31
Kenten Danas,4,0,0,0,20,20,contributor,2266,1008,70.31
Shivansh Saini,4,0,0,0,20,20,contributor,2266,1008,70.31
NilsJPWerner,0,2,0,0,20,20,contributor,2266,1008,70.31
LDAP/maxime_beauchemin,4,0,0,0,20,20,contributor,2266,1008,70.31
cjgu,0,2,0,0,20,20,contributor,2266,1008,70.31
Chris McLennon,4,0,0,0,20,20,contributor,2266,1008,70.31
le-chartreux,0,2,0,0,20,20,contributor,2266,1008,70.31
armandmasseaugit,0,2,0,0,20,20,contributor,2266,1008,70.31
Robert Karish,4,0,0,0,20,20,contributor,2266,1008,70.31
v4xsh,0,2,0,0,20,20,contributor,2266,1008,70.31
danielbenzvi,0,2,0,0,20,20,contributor,2266,1008,70.31
wrs,0,2,0,0,20,20,contributor,2266,1008,70.31
vVv-AA,0,2,0,0,20,20,contributor,2266,1008,70.31
navamongkolabacusdigital,0,2,0,0,20,20,contributor,2266,1008,70.31
oyamin,0,2,0,0,20,20,contributor,2266,1008,70.31
suhanovv,0,2,0,0,20,20,contributor,2266,1008,70.31
c4milo,0,2,0,0,20,20,contributor,2266,1008,70.31
pecigonzalo,0,2,0,0,20,20,contributor,2266,1008,70.31
vinitpayal,0,2,0,0,20,20,contributor,2266,1008,70.31
deodeveloper,0,2,0,0,20,20,contributor,2266,1008,70.31
mrlimacz,0,2,0,0,20,20,contributor,2266,1008,70.31
ArJSarmiento,0,2,0,0,20,20,contributor,2266,1008,70.31
aaronmak,0,2,0,0,20,20,contributor,2266,1008,70.31
Dev4520,0,2,0,0,20,20,contributor,2266,1008,70.31
wonhyeongseo,0,2,0,0,20,20,contributor,2266,1008,70.31
mati-o,0,2,0,0,20,20,contributor,2266,1008,70.31
Thomas Buida,4,0,0,0,20,20,contributor,2266,1008,70.31
leomzhong,0,2,0,0,20,20,contributor,2266,1008,70.31
Imbruced,0,1,5,0,20,20,contributor,2266,1008,70.31
Atul Singh,4,0,0,0,20,20,contributor,2266,1008,70.31
Easonliuuuuu,0,2,0,0,20,20,contributor,2266,1008,70.31
Dmitry Romanenko,4,0,0,0,20,20,contributor,2266,1008,70.31
machiiine,0,2,0,0,20,20,contributor,2266,1008,70.31
rolanddb,0,2,0,0,20,20,contributor,2266,1008,70.31
wjmolina,0,2,0,0,20,20,contributor,2266,1008,70.31
Nijanthan Vijayakumar,4,0,0,0,20,20,contributor,2266,1008,70.31
brylie,0,2,0,0,20,20,contributor,2266,1008,70.31
yifeireplay,0,2,0,0,20,20,contributor,2266,1008,70.31
ingenieroariel,0,2,0,0,20,20,contributor,2266,1008,70.31
boristyukin,0,2,0,0,20,20,contributor,2266,1008,70.31
Witold Baryluk,4,0,0,0,20,20,contributor,2266,1008,70.31
berna-code,0,2,0,0,20,20,contributor,2266,1008,70.31
SHAKEEL,4,0,0,0,20,20,contributor,2266,1008,70.31
raman,4,0,0,0,20,20,contributor,2266,1008,70.31
Kilvish25,0,2,0,0,20,20,contributor,2266,1008,70.31
skadyan,0,2,0,0,20,20,contributor,2266,1008,70.31
oferze,0,2,0,0,20,20,contributor,2266,1008,70.31
enkigodalien,0,2,0,0,20,20,contributor,2266,1008,70.31
koshys,0,2,0,0,20,20,contributor,2266,1008,70.31
adamhaney,0,2,0,0,20,20,contributor,2266,1008,70.31
Achim Gädke,4,0,0,0,20,20,contributor,2266,1008,70.31
jonathan-ostrander,0,1,5,0,20,20,contributor,2266,1008,70.31
jamesqo,0,2,0,0,20,20,contributor,2266,1008,70.31
fmao,0,2,0,0,20,20,contributor,2266,1008,70.31
syudb,0,2,0,0,20,20,contributor,2266,1008,70.31
wanderijames,0,1,5,0,20,20,contributor,2266,1008,70.31
icyfox-bupt,0,2,0,0,20,20,contributor,2266,1008,70.31
lpillmann,0,2,0,0,20,20,contributor,2266,1008,70.31
euccas,0,2,0,0,20,20,contributor,2266,1008,70.31
allabright,0,2,0,0,20,20,contributor,2266,1008,70.31
esivakumar26,0,2,0,0,20,20,contributor,2266,1008,70.31
a-jumani,0,2,0,0,20,20,contributor,2266,1008,70.31
giancarloromeo,0,2,0,0,20,20,contributor,2266,1008,70.31
totogo,0,2,0,0,20,20,contributor,2266,1008,70.31
ezvz,0,2,0,0,20,20,contributor,2266,1008,70.31
liamkernan,0,2,0,0,20,20,contributor,2266,1008,70.31
Maria,4,0,0,0,20,20,contributor,2266,1008,70.31
AibekYrysbekov,0,2,0,0,20,20,contributor,2266,1008,70.31
envious,0,2,0,0,20,20,contributor,2266,1008,70.31
bmckallagat-os,0,2,0,0,20,20,contributor,2266,1008,70.31
Matti Remes,4,0,0,0,20,20,contributor,2266,1008,70.31
hoalongnatsu,0,2,0,0,20,20,contributor,2266,1008,70.31
jsmodic,0,2,0,0,20,20,contributor,2266,1008,70.31
Jennifer Melot,4,0,0,0,20,20,contributor,2266,1008,70.31
thomaschow,0,2,0,0,20,20,contributor,2266,1008,70.31
duhizjame,0,2,0,0,20,20,contributor,2266,1008,70.31
t1m0thy,0,2,0,0,20,20,contributor,2266,1008,70.31
Amar Prakash Pandey,4,0,0,0,20,20,contributor,2266,1008,70.31
storpipfugl,0,2,0,0,20,20,contributor,2266,1008,70.31
Farhan,4,0,0,0,20,20,contributor,2266,1008,70.31
TheZepto,0,2,0,0,20,20,contributor,2266,1008,70.31
buyology,0,2,0,0,20,20,contributor,2266,1008,70.31
alex-slynko,0,2,0,0,20,20,contributor,2266,1008,70.31
raprobert23,0,2,0,0,20,20,contributor,2266,1008,70.31
Tony Zhang,4,0,0,0,20,20,contributor,2266,1008,70.31
mdziemianko,0,2,0,0,20,20,contributor,2266,1008,70.31
Ko HanJong,4,0,0,0,20,20,contributor,2266,1008,70.31
hudbrog,0,2,0,0,20,20,contributor,2266,1008,70.31
kxepal,0,2,0,0,20,20,contributor,2266,1008,70.31
dene14,0,2,0,0,20,20,contributor,2266,1008,70.31
Géraud,4,0,0,0,20,20,contributor,2266,1008,70.31
afernandez,0,2,0,0,20,20,contributor,2266,1008,70.31
shiavm006,0,2,0,0,20,20,contributor,2266,1008,70.31
minhthong582000,0,2,0,0,20,20,contributor,2266,1008,70.31
lordozb,0,2,0,0,20,20,contributor,2266,1008,70.31
error418,0,2,0,0,20,20,contributor,2266,1008,70.31
GabrielNicolasAvellaneda,0,2,0,0,20,20,contributor,2266,1008,70.31
juise,0,2,0,0,20,20,contributor,2266,1008,70.31
krmettu,0,2,0,0,20,20,contributor,2266,1008,70.31
w0ut0,0,2,0,0,20,20,contributor,2266,1008,70.31
joshuayeung,0,2,0,0,20,20,contributor,2266,1008,70.31
Kylea650,0,2,0,0,20,20,contributor,2266,1008,70.31
jasonjho,0,2,0,0,20,20,contributor,2266,1008,70.31
bilevn,0,2,0,0,20,20,contributor,2266,1008,70.31
tomwross,0,2,0,0,20,20,contributor,2266,1008,70.31
troywinter,0,2,0,0,20,20,contributor,2266,1008,70.31
lothropgauss,0,2,0,0,20,20,contributor,2266,1008,70.31
rkhaled0,0,2,0,0,20,20,contributor,2266,1008,70.31
tdnguyen6,0,2,0,0,20,20,contributor,2266,1008,70.31
mppetkov,0,2,0,0,20,20,contributor,2266,1008,70.31
ayushthe1,0,2,0,0,20,20,contributor,2266,1008,70.31
runongirlrunon,0,2,0,0,20,20,contributor,2266,1008,70.31
jfmolano,0,2,0,0,20,20,contributor,2266,1008,70.31
TheCodyRich,0,2,0,0,20,20,contributor,2266,1008,70.31
Benji Lampel,4,0,0,0,20,20,contributor,2266,1008,70.31
pchtsp,0,2,0,0,20,20,contributor,2266,1008,70.31
shahkshitij15,0,2,0,0,20,20,contributor,2266,1008,70.31
Mingshi,4,0,0,0,20,20,contributor,2266,1008,70.31
jstaf,0,2,0,0,20,20,contributor,2266,1008,70.31
joeschmid,0,2,0,0,20,20,contributor,2266,1008,70.31
Marcus Rehm,4,0,0,0,20,20,contributor,2266,1008,70.31
BenediktRamsauer,0,2,0,0,20,20,contributor,2266,1008,70.31
Ignasi Peiró,4,0,0,0,20,20,contributor,2266,1008,70.31
bgshacklett,0,2,0,0,20,20,contributor,2266,1008,70.31
Shraman Basyal,4,0,0,0,20,20,contributor,2266,1008,70.31
alanmcruickshank,0,2,0,0,20,20,contributor,2266,1008,70.31
PythonGirlSam,0,2,0,0,20,20,contributor,2266,1008,70.31
patriciorocca,0,2,0,0,20,20,contributor,2266,1008,70.31
yonghyeokrhee,0,2,0,0,20,20,contributor,2266,1008,70.31
ksaagariconic,0,2,0,0,20,20,contributor,2266,1008,70.31
holadepo,0,2,0,0,20,20,contributor,2266,1008,70.31
JonnyWaffles,0,2,0,0,20,20,contributor,2266,1008,70.31
alexshires,0,2,0,0,20,20,contributor,2266,1008,70.31
ChengzhiZhao,0,2,0,0,20,20,contributor,2266,1008,70.31
evgenyshulman,0,0,10,0,20,20,observer,2266,14,70.31
Vardan Gupta,4,0,0,0,20,20,contributor,2266,1008,70.31
arashrai,0,2,0,0,20,20,contributor,2266,1008,70.31
Akhi1,0,2,0,0,20,20,contributor,2266,1008,70.31
Dylan Storey,4,0,0,0,20,20,contributor,2266,1008,70.31
zmac12,0,2,0,0,20,20,contributor,2266,1008,70.31
tmiller-msft,0,2,0,0,20,20,contributor,2266,1008,70.31
Dan MacTough,4,0,0,0,20,20,contributor,2266,1008,70.31
Kan Ouivirach,4,0,0,0,20,20,contributor,2266,1008,70.31
der-eismann,0,2,0,0,20,20,contributor,2266,1008,70.31
Dr. Dennis Akpenyi,4,0,0,0,20,20,contributor,2266,1008,70.31
arlopurcell,0,2,0,0,20,20,contributor,2266,1008,70.31
lamdrew,0,2,0,0,20,20,contributor,2266,1008,70.31
k.privezentsev,4,0,0,0,20,20,contributor,2266,1008,70.31
brunolucatto,0,2,0,0,20,20,contributor,2266,1008,70.31
e3,4,0,0,0,20,20,contributor,2266,1008,70.31
lin121291,0,2,0,0,20,20,contributor,2266,1008,70.31
akuhn,0,2,0,0,20,20,contributor,2266,1008,70.31
rohitdhiman1,0,2,0,0,20,20,contributor,2266,1008,70.31
George Miller,4,0,0,0,20,20,contributor,2266,1008,70.31
gyscos,0,1,5,0,20,20,contributor,2266,1008,70.31
adambom,0,2,0,0,20,20,contributor,2266,1008,70.31
paulbramsen,0,2,0,0,20,20,contributor,2266,1008,70.31
srivignessh,0,2,0,0,20,20,contributor,2266,1008,70.31
shuhoy,0,2,0,0,20,20,contributor,2266,1008,70.31
adan-shahid,0,2,0,0,20,20,contributor,2266,1008,70.31
sjvanrossum,0,2,0,0,20,20,contributor,2266,1008,70.31
vikram Jadhav,4,0,0,0,20,20,contributor,2266,1008,70.31
cooltoast,0,2,0,0,20,20,contributor,2266,1008,70.31
hagope,0,2,0,0,20,20,contributor,2266,1008,70.31
daxmahoney,0,2,0,0,20,20,contributor,2266,1008,70.31
sbrandtb,0,2,0,0,20,20,contributor,2266,1008,70.31
jlouk,0,2,0,0,20,20,contributor,2266,1008,70.31
htgeis,0,2,0,0,20,20,contributor,2266,1008,70.31
TylerLubeck,0,2,0,0,20,20,contributor,2266,1008,70.31
alrolorojas,0,2,0,0,20,20,contributor,2266,1008,70.31
oliviersm199,0,2,0,0,20,20,contributor,2266,1008,70.31
Alexander Chen,4,0,0,0,20,20,contributor,2266,1008,70.31
jml,0,2,0,0,20,20,contributor,2266,1008,70.31
pfubar,0,2,0,0,20,20,contributor,2266,1008,70.31
LilithWittmann,0,2,0,0,20,20,contributor,2266,1008,70.31
Rishikesh63,0,2,0,0,20,20,contributor,2266,1008,70.31
danielzohar,0,2,0,0,20,20,contributor,2266,1008,70.31
jgysland,0,2,0,0,20,20,contributor,2266,1008,70.31
tuliolima,0,2,0,0,20,20,contributor,2266,1008,70.31
Timon Viola,4,0,0,0,20,20,contributor,2266,1008,70.31
pendharevaibhav-cd,0,2,0,0,20,20,contributor,2266,1008,70.31
jinhyukchang,0,2,0,0,20,20,contributor,2266,1008,70.31
nicolamarangoni,0,2,0,0,20,20,contributor,2266,1008,70.31
Attsun,4,0,0,0,20,20,contributor,2266,1008,70.31
Udbv,0,2,0,0,20,20,contributor,2266,1008,70.31
Vianney Foucault,4,0,0,0,20,20,contributor,2266,1008,70.31
briancharous,0,2,0,0,20,20,contributor,2266,1008,70.31
Jasonnor,0,2,0,0,20,20,contributor,2266,1008,70.31
mtdewulf,0,2,0,0,20,20,contributor,2266,1008,70.31
kevoriordan,0,2,0,0,20,20,contributor,2266,1008,70.31
mjohansenwork,0,2,0,0,20,20,contributor,2266,1008,70.31
TAKEDA-Takashi,0,2,0,0,20,20,contributor,2266,1008,70.31
mabrikan,0,2,0,0,20,20,contributor,2266,1008,70.31
PedroMDuarte,0,2,0,0,20,20,contributor,2266,1008,70.31
João Ponte,4,0,0,0,20,20,contributor,2266,1008,70.31
yffud,0,2,0,0,20,20,contributor,2266,1008,70.31
janhicken,0,2,0,0,20,20,contributor,2266,1008,70.31
shleshaG,0,2,0,0,20,20,contributor,2266,1008,70.31
Eric Stern,4,0,0,0,20,20,contributor,2266,1008,70.31
yulit0738,0,2,0,0,20,20,contributor,2266,1008,70.31
imamdigmi,0,2,0,0,20,20,contributor,2266,1008,70.31
toddychen,0,2,0,0,20,20,contributor,2266,1008,70.31
OElesin,0,2,0,0,20,20,contributor,2266,1008,70.31
Rohit Gupta,4,0,0,0,20,20,contributor,2266,1008,70.31
Amol Saini,4,0,0,0,20,20,contributor,2266,1008,70.31
tanguymartinez,0,2,0,0,20,20,contributor,2266,1008,70.31
sternr,0,1,5,0,20,20,contributor,2266,1008,70.31
abhijeetdhumal,0,2,0,0,20,20,contributor,2266,1008,70.31
dmorel,0,2,0,0,20,20,contributor,2266,1008,70.31
mtoma,0,2,0,0,20,20,contributor,2266,1008,70.31
RafiB982,0,2,0,0,20,20,contributor,2266,1008,70.31
yiwang,0,2,0,0,20,20,contributor,2266,1008,70.31
karan5291,0,2,0,0,20,20,contributor,2266,1008,70.31
AntoineAugusti,0,2,0,0,20,20,contributor,2266,1008,70.31
dave-philp,0,2,0,0,20,20,contributor,2266,1008,70.31
yiannis-had,0,2,0,0,20,20,contributor,2266,1008,70.31
Noël Bardelot,4,0,0,0,20,20,contributor,2266,1008,70.31
augusto-herrmann,0,2,0,0,20,20,contributor,2266,1008,70.31
tqtensor,0,2,0,0,20,20,contributor,2266,1008,70.31
bnutt,0,2,0,0,20,20,contributor,2266,1008,70.31
stepanof,0,2,0,0,20,20,contributor,2266,1008,70.31
snreddygopu,0,1,5,0,20,20,contributor,2266,1008,70.31
MrMaksimize,0,2,0,0,20,20,contributor,2266,1008,70.31
LeoLiao123,0,2,0,0,20,20,contributor,2266,1008,70.31
flrn77,0,2,0,0,20,20,contributor,2266,1008,70.31
RobbeSneyders,0,0,10,0,20,20,observer,2266,14,70.31
Ian Stanton,4,0,0,0,20,20,contributor,2266,1008,70.31
CloudChaoszero,0,2,0,0,20,20,contributor,2266,1008,70.31
dhanyabad11,0,2,0,0,20,20,contributor,2266,1008,70.31
SaturnFromTitan,0,2,0,0,20,20,contributor,2266,1008,70.31
Blacksmoke16,0,2,0,0,20,20,contributor,2266,1008,70.31
Yusuke Nishioka,4,0,0,0,20,20,contributor,2266,1008,70.31
Darwin Yip,4,0,0,0,20,20,contributor,2266,1008,70.31
morefreeze,0,2,0,0,20,20,contributor,2266,1008,70.31
emilioego,0,2,0,0,20,20,contributor,2266,1008,70.31
gr8routdoors,0,2,0,0,20,20,contributor,2266,1008,70.31
Subham,4,0,0,0,20,20,contributor,2266,1008,70.31
iamapez,0,2,0,0,20,20,contributor,2266,1008,70.31
LucasMMota,0,2,0,0,20,20,contributor,2266,1008,70.31
reconditesea,0,2,0,0,20,20,contributor,2266,1008,70.31
caique-lima,0,2,0,0,20,20,contributor,2266,1008,70.31
Ross Turk,4,0,0,0,20,20,contributor,2266,1008,70.31
jonstacks,0,2,0,0,20,20,contributor,2266,1008,70.31
KissConsult,0,2,0,0,20,20,contributor,2266,1008,70.31
bcb,0,2,0,0,20,20,contributor,2266,1008,70.31
danabananarama,0,2,0,0,20,20,contributor,2266,1008,70.31
kev-the-dev,0,2,0,0,20,20,contributor,2266,1008,70.31
mortenbpost,0,2,0,0,20,20,contributor,2266,1008,70.31
kylase,0,2,0,0,20,20,contributor,2266,1008,70.31
thangnd197,0,2,0,0,20,20,contributor,2266,1008,70.31
nathan-contino,0,1,5,0,20,20,contributor,2266,1008,70.31
avriiil,0,2,0,0,20,20,contributor,2266,1008,70.31
Benjamin Goldberg,4,0,0,0,20,20,contributor,2266,1008,70.31
Mark Andreev,4,0,0,0,20,20,contributor,2266,1008,70.31
Benoit Person,4,0,0,0,20,20,contributor,2266,1008,70.31
hogan-tech,0,2,0,0,20,20,contributor,2266,1008,70.31
prakshalj0512,0,2,0,0,20,20,contributor,2266,1008,70.31
ivanwirawan,0,2,0,0,20,20,contributor,2266,1008,70.31
Jordan Zucker,4,0,0,0,20,20,contributor,2266,1008,70.31
menghot,0,2,0,0,20,20,contributor,2266,1008,70.31
aditiverma,0,2,0,0,20,20,contributor,2266,1008,70.31
wittfabian,0,2,0,0,20,20,contributor,2266,1008,70.31
jkao,0,2,0,0,20,20,contributor,2266,1008,70.31
Dominic Leung,4,0,0,0,20,20,contributor,2266,1008,70.31
GnunuX,0,2,0,0,20,20,contributor,2266,1008,70.31
pastanton,0,2,0,0,20,20,contributor,2266,1008,70.31
griffinqiu,0,2,0,0,20,20,contributor,2266,1008,70.31
mdering,0,2,0,0,20,20,contributor,2266,1008,70.31
jasonlin2268,0,2,0,0,20,20,contributor,2266,1008,70.31
maxirus,0,2,0,0,20,20,contributor,2266,1008,70.31
paolomoriello,4,0,0,0,20,20,contributor,2266,1008,70.31
bslakter,0,2,0,0,20,20,contributor,2266,1008,70.31
mohamedmeqlad99,0,2,0,0,20,20,contributor,2266,1008,70.31
Ashwin Madavan,4,0,0,0,20,20,contributor,2266,1008,70.31
Viacheslav,4,0,0,0,20,20,contributor,2266,1008,70.31
Syeoryn,0,2,0,0,20,20,contributor,2266,1008,70.31
Guilherme Da Silva Gonçalves,4,0,0,0,20,20,contributor,2266,1008,70.31
gontcharovd,0,2,0,0,20,20,contributor,2266,1008,70.31
aagateuip,0,1,5,0,20,20,contributor,2266,1008,70.31
sayap,0,2,0,0,20,20,contributor,2266,1008,70.31
rlk-ama,0,2,0,0,20,20,contributor,2266,1008,70.31
Baerenstein,0,2,0,0,20,20,contributor,2266,1008,70.31
Juacall,0,2,0,0,20,20,contributor,2266,1008,70.31
elmesaoudee,0,2,0,0,20,20,contributor,2266,1008,70.31
MrEhsanEllahi,0,2,0,0,20,20,contributor,2266,1008,70.31
Shrivadhu,0,2,0,0,20,20,contributor,2266,1008,70.31
zihengCat,0,2,0,0,20,20,contributor,2266,1008,70.31
iivvaall,0,2,0,0,20,20,contributor,2266,1008,70.31
trowdan,0,2,0,0,20,20,contributor,2266,1008,70.31
ohbarye,0,2,0,0,20,20,contributor,2266,1008,70.31
fshehadeh,0,2,0,0,20,20,contributor,2266,1008,70.31
frankbreetz,0,2,0,0,20,20,contributor,2266,1008,70.31
kasteph,0,2,0,0,20,20,contributor,2266,1008,70.31
raffchen,0,2,0,0,20,20,contributor,2266,1008,70.31
grantnicholas,2,1,0,0,20,20,contributor,2266,1008,70.31
jakuborlowski,0,2,0,0,20,20,contributor,2266,1008,70.31
Jorge Rocamora,4,0,0,0,20,20,contributor,2266,1008,70.31
amohan34,0,2,0,0,20,20,contributor,2266,1008,70.31
detvdl,0,2,0,0,20,20,contributor,2266,1008,70.31
forklady42,0,2,0,0,20,20,contributor,2266,1008,70.31
kyle-hamlin,0,2,0,0,20,20,contributor,2266,1008,70.31
DPGrev,0,2,0,0,20,20,contributor,2266,1008,70.31
oza,0,2,0,0,20,20,contributor,2266,1008,70.31
lucasfcnunes,0,2,0,0,20,20,contributor,2266,1008,70.31
Yury Krylov,4,0,0,0,20,20,contributor,2266,1008,70.31
jianyuan,0,2,0,0,20,20,contributor,2266,1008,70.31
wil5for,0,2,0,0,20,20,contributor,2266,1008,70.31
Aviem Zur,4,0,0,0,20,20,contributor,2266,1008,70.31
santhoshhpe,0,2,0,0,20,20,contributor,2266,1008,70.31
ssoto,0,2,0,0,20,20,contributor,2266,1008,70.31
Lioscro,0,1,5,0,20,20,contributor,2266,1008,70.31
SandroLuck,0,2,0,0,20,20,contributor,2266,1008,70.31
roberth-k,0,2,0,0,20,20,contributor,2266,1008,70.31
msempere,0,2,0,0,20,20,contributor,2266,1008,70.31
farhan0syakir,0,2,0,0,20,20,contributor,2266,1008,70.31
viveknanda,0,2,0,0,20,20,contributor,2266,1008,70.31
brienzb,0,2,0,0,20,20,contributor,2266,1008,70.31
Jason K Hall,4,0,0,0,20,20,contributor,2266,1008,70.31
sfirke,0,2,0,0,20,20,contributor,2266,1008,70.31
sarmadali20,0,2,0,0,20,20,contributor,2266,1008,70.31
guillaumeblaquiere,0,2,0,0,20,20,contributor,2266,1008,70.31
jeffwidman,0,2,0,0,20,20,contributor,2266,1008,70.31
Arthur,4,0,0,0,20,20,contributor,2266,1008,70.31
sschaetz,0,1,5,0,20,20,contributor,2266,1008,70.31
pruoff,0,2,0,0,20,20,contributor,2266,1008,70.31
sharad-vm,0,2,0,0,20,20,contributor,2266,1008,70.31
kevinbsilva,0,2,0,0,20,20,contributor,2266,1008,70.31
Sébastien Brochet,4,0,0,0,20,20,contributor,2266,1008,70.31
vladimir-gavrilenko,0,2,0,0,20,20,contributor,2266,1008,70.31
TreeKat71,0,2,0,0,20,20,contributor,2266,1008,70.31
Kevin George,4,0,0,0,20,20,contributor,2266,1008,70.31
Corea,0,2,0,0,20,20,contributor,2266,1008,70.31
aaronsatae,0,2,0,0,20,20,contributor,2266,1008,70.31
brain-buster,0,2,0,0,20,20,contributor,2266,1008,70.31
Marcin Szymanski,4,0,0,0,20,20,contributor,2266,1008,70.31
Amir Mor,4,0,0,0,20,20,contributor,2266,1008,70.31
vansivallab,0,2,0,0,20,20,contributor,2266,1008,70.31
chenkovsky,0,2,0,0,20,20,contributor,2266,1008,70.31
Michele Zanchi,4,0,0,0,20,20,contributor,2266,1008,70.31
LiuQhahah,0,2,0,0,20,20,contributor,2266,1008,70.31
junwei-wang,0,2,0,0,20,20,contributor,2266,1008,70.31
kretes,0,2,0,0,20,20,contributor,2266,1008,70.31
markhatch,0,2,0,0,20,20,contributor,2266,1008,70.31
freedom1989,0,2,0,0,20,20,contributor,2266,1008,70.31
Santhoshkumar. P,4,0,0,0,20,20,contributor,2266,1008,70.31
kevin1kevin1k,0,2,0,0,20,20,contributor,2266,1008,70.31
Marek Šuppa,4,0,0,0,20,20,contributor,2266,1008,70.31
ZaneBartlett1,0,2,0,0,20,20,contributor,2266,1008,70.31
Ron Fung,4,0,0,0,20,20,contributor,2266,1008,70.31
smarden1,0,2,0,0,20,20,contributor,2266,1008,70.31
d3kum1d0r1y4100,0,2,0,0,20,20,contributor,2266,1008,70.31
jfallt,0,2,0,0,20,20,contributor,2266,1008,70.31
caseybrown89,0,2,0,0,20,20,contributor,2266,1008,70.31
N R Navaneet,4,0,0,0,20,20,contributor,2266,1008,70.31
mreid-moz,0,2,0,0,20,20,contributor,2266,1008,70.31
vikramaditya91,0,2,0,0,20,20,contributor,2266,1008,70.31
Taewan Kim,4,0,0,0,20,20,contributor,2266,1008,70.31
pgillet,0,1,5,0,20,20,contributor,2266,1008,70.31
aran3,0,2,0,0,20,20,contributor,2266,1008,70.31
sa1,0,2,0,0,20,20,contributor,2266,1008,70.31
Timothy945,0,2,0,0,20,20,contributor,2266,1008,70.31
A6AN,0,2,0,0,20,20,contributor,2266,1008,70.31
v-kay,0,2,0,0,20,20,contributor,2266,1008,70.31
david-parkk,0,2,0,0,20,20,contributor,2266,1008,70.31
TheRum,0,2,0,0,20,20,contributor,2266,1008,70.31
NivekNey,0,2,0,0,20,20,contributor,2266,1008,70.31
chinwobble,0,1,5,0,20,20,contributor,2266,1008,70.31
ncrocfer,0,2,0,0,20,20,contributor,2266,1008,70.31
Michal TOMA,4,0,0,0,20,20,contributor,2266,1008,70.31
Trollgeir,0,2,0,0,20,20,contributor,2266,1008,70.31
vipul007ravi,0,2,0,0,20,20,contributor,2266,1008,70.31
cthenderson,0,2,0,0,20,20,contributor,2266,1008,70.31
Kurganov,0,2,0,0,20,20,contributor,2266,1008,70.31
shubhparekh,0,2,0,0,20,20,contributor,2266,1008,70.31
Sean Rose,4,0,0,0,20,20,contributor,2266,1008,70.31
nick-dv,0,2,0,0,20,20,contributor,2266,1008,70.31
Datkros,0,2,0,0,20,20,contributor,2266,1008,70.31
Jeremy Clover,4,0,0,0,20,20,contributor,2266,1008,70.31
Joy Lal Chattaraj,4,0,0,0,20,20,contributor,2266,1008,70.31
clintonboys,0,2,0,0,20,20,contributor,2266,1008,70.31
mtsadler-branch,0,2,0,0,20,20,contributor,2266,1008,70.31
varuntwr,0,2,0,0,20,20,contributor,2266,1008,70.31
gerardo,0,2,0,0,20,20,contributor,2266,1008,70.31
ericcoleta,0,2,0,0,20,20,contributor,2266,1008,70.31
dlebech,0,2,0,0,20,20,contributor,2266,1008,70.31
fox,0,2,0,0,20,20,contributor,2266,1008,70.31
adrpar,0,2,0,0,20,20,contributor,2266,1008,70.31
akatrevorjay,0,2,0,0,20,20,contributor,2266,1008,70.31
victornoel,0,2,0,0,20,20,contributor,2266,1008,70.31
tung491,0,2,0,0,20,20,contributor,2266,1008,70.31
aqua7regia,0,2,0,0,20,20,contributor,2266,1008,70.31
pbastia,0,2,0,0,20,20,contributor,2266,1008,70.31
Charlie Jones,4,0,0,0,20,20,contributor,2266,1008,70.31
WesleyBatista,0,2,0,0,20,20,contributor,2266,1008,70.31
j16r,0,2,0,0,20,20,contributor,2266,1008,70.31
thalesmello,0,2,0,0,20,20,contributor,2266,1008,70.31
AlexeySanko,0,2,0,0,20,20,contributor,2266,1008,70.31
Evgenii Prusov,4,0,0,0,20,20,contributor,2266,1008,70.31
KostyaEsmukov,0,2,0,0,20,20,contributor,2266,1008,70.31
rob-1126,0,2,0,0,20,20,contributor,2266,1008,70.31
djarratt,0,2,0,0,20,20,contributor,2266,1008,70.31
Success Moses,4,0,0,0,20,20,contributor,2266,1008,70.31
avolant,0,2,0,0,20,20,contributor,2266,1008,70.31
itscaro,0,2,0,0,20,20,contributor,2266,1008,70.31
JordyMoos,0,2,0,0,20,20,contributor,2266,1008,70.31
spapi17,0,2,0,0,20,20,contributor,2266,1008,70.31
okue,0,2,0,0,20,20,contributor,2266,1008,70.31
devscheffer,0,2,0,0,20,20,contributor,2266,1008,70.31
yeluolei,0,2,0,0,20,20,contributor,2266,1008,70.31
Dimitrionian,0,2,0,0,20,20,contributor,2266,1008,70.31
BradHolmes,0,2,0,0,20,20,contributor,2266,1008,70.31
yanfangli85,0,2,0,0,20,20,contributor,2266,1008,70.31
xyu,0,2,0,0,20,20,contributor,2266,1008,70.31
cerisier,0,2,0,0,20,20,contributor,2266,1008,70.31
WangzJi,0,2,0,0,20,20,contributor,2266,1008,70.31
ananya77041,0,2,0,0,20,20,contributor,2266,1008,70.31
pcorbel,0,2,0,0,20,20,contributor,2266,1008,70.31
StephanErb,0,2,0,0,20,20,contributor,2266,1008,70.31
bradleybonitatibus,0,2,0,0,20,20,contributor,2266,1008,70.31
Nischith Shetty,4,0,0,0,20,20,contributor,2266,1008,70.31
Gabe Flores,4,0,0,0,20,20,contributor,2266,1008,70.31
André Ahlert,4,0,0,0,20,20,contributor,2266,1008,70.31
night0wl,0,2,0,0,20,20,contributor,2266,1008,70.31
thyming,0,2,0,0,20,20,contributor,2266,1008,70.31
Linh,4,0,0,0,20,20,contributor,2266,1008,70.31
raviagarwalunravel,0,2,0,0,20,20,contributor,2266,1008,70.31
Songkran Nethan,4,0,0,0,20,20,contributor,2266,1008,70.31
Inetov,0,2,0,0,20,20,contributor,2266,1008,70.31
olivermeyer,0,2,0,0,20,20,contributor,2266,1008,70.31
yoeo,0,1,5,0,20,20,contributor,2266,1008,70.31
topedmaria,0,2,0,0,20,20,contributor,2266,1008,70.31
stoynov96,0,2,0,0,20,20,contributor,2266,1008,70.31
Ajit J Gupta,4,0,0,0,20,20,contributor,2266,1008,70.31
Unit03,0,1,5,0,20,20,contributor,2266,1008,70.31
forsberg,0,2,0,0,20,20,contributor,2266,1008,70.31
xavierp,0,2,0,0,20,20,contributor,2266,1008,70.31
Vicken Simonian,4,0,0,0,20,20,contributor,2266,1008,70.31
rcjsuen,0,2,0,0,20,20,contributor,2266,1008,70.31
Jagankmr,0,2,0,0,20,20,contributor,2266,1008,70.31
mgasner,0,2,0,0,20,20,contributor,2266,1008,70.31
HasanJ,4,0,0,0,20,20,contributor,2266,1008,70.31
sfc-gh-jdu,0,2,0,0,20,20,contributor,2266,1008,70.31
Madison Bowden,4,0,0,0,20,20,contributor,2266,1008,70.31
Szymon Biliński,4,0,0,0,20,20,contributor,2266,1008,70.31
bbcbruno,0,2,0,0,20,20,contributor,2266,1008,70.31
matttattoli,0,2,0,0,20,20,contributor,2266,1008,70.31
koustreak,0,2,0,0,20,20,contributor,2266,1008,70.31
jbhsieh,0,2,0,0,20,20,contributor,2266,1008,70.31
Fortschritt69,0,2,0,0,20,20,contributor,2266,1008,70.31
leifdreizler,0,2,0,0,20,20,contributor,2266,1008,70.31
icaroNZ,0,2,0,0,20,20,contributor,2266,1008,70.31
russellpierce,0,2,0,0,20,20,contributor,2266,1008,70.31
Victor Villas,4,0,0,0,20,20,contributor,2266,1008,70.31
sethwoodworth,0,2,0,0,20,20,contributor,2266,1008,70.31
tayloramurphy,0,2,0,0,20,20,contributor,2266,1008,70.31
Tabrez Quazi,4,0,0,0,20,20,contributor,2266,1008,70.31
alexandrecaze,0,1,5,0,20,20,contributor,2266,1008,70.31
dantonbertuol,0,2,0,0,20,20,contributor,2266,1008,70.31
kdeldycke,0,2,0,0,20,20,contributor,2266,1008,70.31
iansuvak,0,2,0,0,20,20,contributor,2266,1008,70.31
Bharath Palaksha,4,0,0,0,20,20,contributor,2266,1008,70.31
BoKyeong-Kim,0,2,0,0,20,20,contributor,2266,1008,70.31
keybod,0,2,0,0,20,20,contributor,2266,1008,70.31
rummens,0,2,0,0,20,20,contributor,2266,1008,70.31
cra,0,2,0,0,20,20,contributor,2266,1008,70.31
Aditya Malik,4,0,0,0,20,20,contributor,2266,1008,70.31
ihorlukianov,0,2,0,0,20,20,contributor,2266,1008,70.31
Mo-Xianyuan,0,2,0,0,20,20,contributor,2266,1008,70.31
Kristopher Kane,4,0,0,0,20,20,contributor,2266,1008,70.31
mattuuh7,0,2,0,0,20,20,contributor,2266,1008,70.31
David Caron,4,0,0,0,20,20,contributor,2266,1008,70.31
repocho,0,1,5,0,20,20,contributor,2266,1008,70.31
MagicFrogSJTU,0,2,0,0,20,20,contributor,2266,1008,70.31
GuillaumeDesforges,0,2,0,0,20,20,contributor,2266,1008,70.31
andrew-stein-sp,0,2,0,0,20,20,contributor,2266,1008,70.31
megaserg,0,2,0,0,20,20,contributor,2266,1008,70.31
csoulios,0,2,0,0,20,20,contributor,2266,1008,70.31
cedkoffeto,0,1,5,0,20,20,contributor,2266,1008,70.31
robottokauf3,0,2,0,0,20,20,contributor,2266,1008,70.31
Esfahan,0,2,0,0,20,20,contributor,2266,1008,70.31
Rafael Bottega,4,0,0,0,20,20,contributor,2266,1008,70.31
thekiai,0,2,0,0,20,20,contributor,2266,1008,70.31
brettpalmberg,0,2,0,0,20,20,contributor,2266,1008,70.31
CaptainYANG,0,2,0,0,20,20,contributor,2266,1008,70.31
nyirit,0,1,2,2,20,20,contributor,2266,1008,70.31
yiqingj,0,2,0,0,20,20,contributor,2266,1008,70.31
kerzhner,0,2,0,0,20,20,contributor,2266,1008,70.31
jonhspyro,1,1,2,0,19,19,contributor,2805,1545,67.05
yiqijiu,1,1,2,0,19,19,contributor,2805,1545,67.05
laakejs,1,1,2,0,19,19,contributor,2805,1545,67.05
dirkrkotzeml,1,1,2,0,19,19,contributor,2805,1545,67.05
sonu4578,1,1,2,0,19,19,contributor,2805,1545,67.05
ieunea1128,1,1,2,0,19,19,contributor,2805,1545,67.05
nic314,1,1,2,0,19,19,contributor,2805,1545,67.05
wenjun93,1,1,2,0,19,19,contributor,2805,1545,67.05
JoranDox,1,1,2,0,19,19,contributor,2805,1545,67.05
Johnny1cyber,1,1,2,0,19,19,contributor,2805,1545,67.05
royberkoweee,1,1,2,0,19,19,contributor,2805,1545,67.05
MishchenkoYuriy,1,1,2,0,19,19,contributor,2805,1545,67.05
ginevragaudioso,1,1,2,0,19,19,contributor,2805,1545,67.05
nmehraein,1,1,2,0,19,19,contributor,2805,1545,67.05
svivier-orange,1,1,2,0,19,19,contributor,2805,1545,67.05
FloMom,1,1,2,0,19,19,contributor,2805,1545,67.05
2h-kim,1,1,2,0,19,19,contributor,2805,1545,67.05
kyeonghoon-kim,1,1,2,0,19,19,contributor,2805,1545,67.05
goldfish088,1,1,2,0,19,19,contributor,2805,1545,67.05
shizidushu,1,1,0,1,18,18,contributor,2824,1564,66.71
Don-Burns,0,1,4,0,18,18,contributor,2824,1564,66.71
xlanor,0,1,4,0,18,18,contributor,2824,1564,66.71
timhealz,0,1,4,0,18,18,contributor,2824,1564,66.71
mikeclarke,0,1,4,0,18,18,contributor,2824,1564,66.71
PashkPashk,0,1,4,0,18,18,contributor,2824,1564,66.71
EugeneYushin,0,1,4,0,18,18,contributor,2824,1564,66.71
korolkevich,0,1,4,0,18,18,contributor,2824,1564,66.71
kalyani-subbiah,0,1,4,0,18,18,contributor,2824,1564,66.71
Milchdealer,0,1,4,0,18,18,contributor,2824,1564,66.71
lyso,0,1,4,0,18,18,contributor,2824,1564,66.71
rbiegacz,0,1,4,0,18,18,contributor,2824,1564,66.71
GavinDmello,0,1,4,0,18,18,contributor,2824,1564,66.71
apt-dzhem,0,1,4,0,18,18,contributor,2824,1564,66.71
sanket2000,0,1,4,0,18,18,contributor,2824,1564,66.71
andrew-nascimento,0,1,4,0,18,18,contributor,2824,1564,66.71
Ariel2400,0,1,4,0,18,18,contributor,2824,1564,66.71
PeWu,0,1,4,0,18,18,contributor,2824,1564,66.71
Orpheuz,0,0,9,0,18,18,observer,2824,16,66.71
subbota19,0,1,4,0,18,18,contributor,2824,1564,66.71
dkim010,0,1,4,0,18,18,contributor,2824,1564,66.71
toddy86,0,1,4,0,18,18,contributor,2824,1564,66.71
haard,0,1,4,0,18,18,contributor,2824,1564,66.71
Kyrremann,0,1,4,0,18,18,contributor,2824,1564,66.71
claw89,0,1,4,0,18,18,contributor,2824,1564,66.71
VladimirYushkevich,0,1,4,0,18,18,contributor,2824,1564,66.71
paolofacchinetti,0,1,4,0,18,18,contributor,2824,1564,66.71
vandonr,0,1,4,0,18,18,contributor,2824,1564,66.71
rogalski,0,1,4,0,18,18,contributor,2824,1564,66.71
doddsiedodds,0,1,4,0,18,18,contributor,2824,1564,66.71
N-ickJones,0,1,4,0,18,18,contributor,2824,1564,66.71
30blay,0,1,4,0,18,18,contributor,2824,1564,66.71
egibbm,0,1,4,0,18,18,contributor,2824,1564,66.71
jbmeerkat,0,1,4,0,18,18,contributor,2824,1564,66.71
iosif2,0,1,4,0,18,18,contributor,2824,1564,66.71
spmallette,0,0,9,0,18,18,observer,2824,16,66.71
ManiBharataraju,0,1,4,0,18,18,contributor,2824,1564,66.71
LeonardoIshida,0,1,4,0,18,18,contributor,2824,1564,66.71
jhbigler,1,1,1,0,17,17,contributor,2862,1600,66.27
piotrkmita,1,1,1,0,17,17,contributor,2862,1600,66.27
ORuteMa,1,1,1,0,17,17,contributor,2862,1600,66.27
gpathak128,1,1,1,0,17,17,contributor,2862,1600,66.27
aslantar,1,1,1,0,17,17,contributor,2862,1600,66.27
krupakar010,1,1,1,0,17,17,contributor,2862,1600,66.27
frazar,1,1,1,0,17,17,contributor,2862,1600,66.27
nanohanno,1,1,1,0,17,17,contributor,2862,1600,66.27
twk123,1,1,1,0,17,17,contributor,2862,1600,66.27
Sighery,1,1,1,0,17,17,contributor,2862,1600,66.27
sfc-gh-madkins,1,1,1,0,17,17,contributor,2862,1600,66.27
BKronenbitter,1,1,1,0,17,17,contributor,2862,1600,66.27
adamspriggs,1,1,1,0,17,17,contributor,2862,1600,66.27
Sagar1711,1,1,1,0,17,17,contributor,2862,1600,66.27
Hajbo,1,1,1,0,17,17,contributor,2862,1600,66.27
mmenarguezpear,1,1,1,0,17,17,contributor,2862,1600,66.27
synsh,1,1,1,0,17,17,contributor,2862,1600,66.27
daemon-demon,1,1,1,0,17,17,contributor,2862,1600,66.27
Dikarabo-Molele,1,1,1,0,17,17,contributor,2862,1600,66.27
saucoide,1,1,1,0,17,17,contributor,2862,1600,66.27
oregisam,1,1,1,0,17,17,contributor,2862,1600,66.27
CelastrinaLadon,1,1,1,0,17,17,contributor,2862,1600,66.27
ldacey,1,1,1,0,17,17,contributor,2862,1600,66.27
dave-pollock,1,1,1,0,17,17,contributor,2862,1600,66.27
gomtangman,1,1,1,0,17,17,contributor,2862,1600,66.27
sleepy-tiger,1,1,1,0,17,17,contributor,2862,1600,66.27
kibablu,1,1,1,0,17,17,contributor,2862,1600,66.27
akolar-db,1,1,1,0,17,17,contributor,2862,1600,66.27
MarosMK,1,1,1,0,17,17,contributor,2862,1600,66.27
infohash,1,1,1,0,17,17,contributor,2862,1600,66.27
eprj453,1,1,1,0,17,17,contributor,2862,1600,66.27
c2zwdjnlcg,1,1,1,0,17,17,contributor,2862,1600,66.27
alextgu,1,1,1,0,17,17,contributor,2862,1600,66.27
arovira,1,1,1,0,17,17,contributor,2862,1600,66.27
adamfrly,1,1,1,0,17,17,contributor,2862,1600,66.27
MezentsevIlya,1,1,1,0,17,17,contributor,2862,1600,66.27
Jolcik,1,1,1,0,17,17,contributor,2862,1600,66.27
judoole,0,1,3,0,16,16,contributor,2899,1637,65.71
LMnet,0,1,3,0,16,16,contributor,2899,1637,65.71
ryangrose,0,1,3,0,16,16,contributor,2899,1637,65.71
buhuipao,0,1,3,0,16,16,contributor,2899,1637,65.71
HaJunYoo,0,1,3,0,16,16,contributor,2899,1637,65.71
jensenity,0,1,3,0,16,16,contributor,2899,1637,65.71
dcmshi,0,1,3,0,16,16,contributor,2899,1637,65.71
glennhsh,0,1,3,0,16,16,contributor,2899,1637,65.71
clellmann,0,1,3,0,16,16,contributor,2899,1637,65.71
hugochinchilla,0,1,3,0,16,16,contributor,2899,1637,65.71
alexbonella,0,1,3,0,16,16,contributor,2899,1637,65.71
saulius,0,1,3,0,16,16,contributor,2899,1637,65.71
loulsb,0,1,3,0,16,16,contributor,2899,1637,65.71
Guaqamole,0,1,3,0,16,16,contributor,2899,1637,65.71
bryzgaloff,0,1,3,0,16,16,contributor,2899,1637,65.71
harryshi10,0,1,3,0,16,16,contributor,2899,1637,65.71
goncalo-m-c,0,1,3,0,16,16,contributor,2899,1637,65.71
darshan-majithiya,0,1,3,0,16,16,contributor,2899,1637,65.71
zezaeoh,0,1,3,0,16,16,contributor,2899,1637,65.71
windmark,0,1,3,0,16,16,contributor,2899,1637,65.71
ntr,0,1,3,0,16,16,contributor,2899,1637,65.71
alejorodriguez96,0,1,3,0,16,16,contributor,2899,1637,65.71
kyle-winkelman,0,1,3,0,16,16,contributor,2899,1637,65.71
albertusk95,0,1,3,0,16,16,contributor,2899,1637,65.71
jrowen,0,1,3,0,16,16,contributor,2899,1637,65.71
SuperQ,0,1,3,0,16,16,contributor,2899,1637,65.71
gulshngill,0,1,3,0,16,16,contributor,2899,1637,65.71
kumargauravin,0,1,3,0,16,16,contributor,2899,1637,65.71
rahulraina7,0,1,3,0,16,16,contributor,2899,1637,65.71
Moress,0,1,3,0,16,16,contributor,2899,1637,65.71
mickaelgervais,0,1,3,0,16,16,contributor,2899,1637,65.71
daniel-anya,0,1,3,0,16,16,contributor,2899,1637,65.71
champon1020,0,1,3,0,16,16,contributor,2899,1637,65.71
shivaam,0,1,3,0,16,16,contributor,2899,1637,65.71
john-rodriguez-mgni,0,1,3,0,16,16,contributor,2899,1637,65.71
kenjihiraoka,0,1,3,0,16,16,contributor,2899,1637,65.71
matsavage,0,1,3,0,16,16,contributor,2899,1637,65.71
Chais,0,1,3,0,16,16,contributor,2899,1637,65.71
alessandrolacorte,0,1,3,0,16,16,contributor,2899,1637,65.71
jharner11235,0,1,3,0,16,16,contributor,2899,1637,65.71
dan-osterrath,0,1,3,0,16,16,contributor,2899,1637,65.71
jose-lpa,0,1,3,0,16,16,contributor,2899,1637,65.71
sealmove,0,1,3,0,16,16,contributor,2899,1637,65.71
Soot3,0,1,3,0,16,16,contributor,2899,1637,65.71
rbb17,0,1,3,0,16,16,contributor,2899,1637,65.71
vara-bonthu,0,1,3,0,16,16,contributor,2899,1637,65.71
YangMuye,0,1,3,0,16,16,contributor,2899,1637,65.71
c-wilson,0,1,3,0,16,16,contributor,2899,1637,65.71
mattiabertorello,0,1,3,0,16,16,contributor,2899,1637,65.71
yeshbash,0,1,3,0,16,16,contributor,2899,1637,65.71
RaviTezu,0,1,3,0,16,16,contributor,2899,1637,65.71
kokorin,0,1,3,0,16,16,contributor,2899,1637,65.71
vladdoster,0,1,3,0,16,16,contributor,2899,1637,65.71
steren,0,0,8,0,16,16,observer,2899,18,65.71
radim94,0,1,3,0,16,16,contributor,2899,1637,65.71
coolbeans201,0,1,3,0,16,16,contributor,2899,1637,65.71
aviralgarg05,0,1,3,0,16,16,contributor,2899,1637,65.71
MarkusTeufelberger,0,0,8,0,16,16,observer,2899,18,65.71
mikolaje,0,1,3,0,16,16,contributor,2899,1637,65.71
Penumbra69,1,1,0,0,15,15,contributor,2958,1694,62.41
aaur0,1,1,0,0,15,15,contributor,2958,1694,62.41
oshyun,1,1,0,0,15,15,contributor,2958,1694,62.41
lucianoviola,1,1,0,0,15,15,contributor,2958,1694,62.41
hprassad,1,1,0,0,15,15,contributor,2958,1694,62.41
raghvendra-singh1,1,1,0,0,15,15,contributor,2958,1694,62.41
santonaastronomer,1,1,0,0,15,15,contributor,2958,1694,62.41
Louis Guitton,3,0,0,0,15,15,contributor,2958,1694,62.41
QBidolet,1,1,0,0,15,15,contributor,2958,1694,62.41
Rafa,3,0,0,0,15,15,contributor,2958,1694,62.41
Griffin Cosgrove,3,0,0,0,15,15,contributor,2958,1694,62.41
atharvmishra1999,1,1,0,0,15,15,contributor,2958,1694,62.41
Forlot Romain,3,0,0,0,15,15,contributor,2958,1694,62.41
Oleg Ovcharuk,3,0,0,0,15,15,contributor,2958,1694,62.41
xavipuerto,1,1,0,0,15,15,contributor,2958,1694,62.41
Everton Seiei Arakaki,3,0,0,0,15,15,contributor,2958,1694,62.41
FernandoMon,1,1,0,0,15,15,contributor,2958,1694,62.41
Sungmin Han,3,0,0,0,15,15,contributor,2958,1694,62.41
AaronCoquet-Easypark,1,1,0,0,15,15,contributor,2958,1694,62.41
Jordy Moos,3,0,0,0,15,15,contributor,2958,1694,62.41
Dhananjay Gupta,3,0,0,0,15,15,contributor,2958,1694,62.41
Kush,3,0,0,0,15,15,contributor,2958,1694,62.41
SuperBo,1,1,0,0,15,15,contributor,2958,1694,62.41
Benjamin,3,0,0,0,15,15,contributor,2958,1694,62.41
rzeydelis-AS,1,1,0,0,15,15,contributor,2958,1694,62.41
Kamen,3,0,0,0,15,15,contributor,2958,1694,62.41
Will Forrester,3,0,0,0,15,15,contributor,2958,1694,62.41
Daniel Cohen,3,0,0,0,15,15,contributor,2958,1694,62.41
Nikolay Bilev,3,0,0,0,15,15,contributor,2958,1694,62.41
oleg-ruban,1,1,0,0,15,15,contributor,2958,1694,62.41
dannikay,1,1,0,0,15,15,contributor,2958,1694,62.41
uma66,3,0,0,0,15,15,contributor,2958,1694,62.41
cheelio,1,1,0,0,15,15,contributor,2958,1694,62.41
Daniel Bell,3,0,0,0,15,15,contributor,2958,1694,62.41
akshayi1,1,1,0,0,15,15,contributor,2958,1694,62.41
marsewe,1,1,0,0,15,15,contributor,2958,1694,62.41
Bijan Soltani,3,0,0,0,15,15,contributor,2958,1694,62.41
0xflotus,1,1,0,0,15,15,contributor,2958,1694,62.41
marwan116,1,1,0,0,15,15,contributor,2958,1694,62.41
mahdi alizadeh,3,0,0,0,15,15,contributor,2958,1694,62.41
aleksey.ivanov,3,0,0,0,15,15,contributor,2958,1694,62.41
pengchen,3,0,0,0,15,15,contributor,2958,1694,62.41
Keto D. Zhang,3,0,0,0,15,15,contributor,2958,1694,62.41
Ankur Bajaj,3,0,0,0,15,15,contributor,2958,1694,62.41
Yannick Suter,3,0,0,0,15,15,contributor,2958,1694,62.41
Peng-Jui Wang,3,0,0,0,15,15,contributor,2958,1694,62.41
Andrey Komrakov,3,0,0,0,15,15,contributor,2958,1694,62.41
Scott Kruger,3,0,0,0,15,15,contributor,2958,1694,62.41
Adam Perry,3,0,0,0,15,15,contributor,2958,1694,62.41
Kacper Kulczak,3,0,0,0,15,15,contributor,2958,1694,62.41
Michael Chirico,3,0,0,0,15,15,contributor,2958,1694,62.41
mohamed-mis,1,1,0,0,15,15,contributor,2958,1694,62.41
RasPavel,1,1,0,0,15,15,contributor,2958,1694,62.41
pushpendu91,1,1,0,0,15,15,contributor,2958,1694,62.41
sawantbandita,1,1,0,0,15,15,contributor,2958,1694,62.41
Craig Rodrigues,3,0,0,0,15,15,contributor,2958,1694,62.41
Daniel Ben-Zvi,3,0,0,0,15,15,contributor,2958,1694,62.41
thelastmessiha,1,1,0,0,15,15,contributor,2958,1694,62.41
root,3,0,0,0,15,15,contributor,2958,1694,62.41
punitchauhan771,1,1,0,0,15,15,contributor,2958,1694,62.41
Reid Beels,3,0,0,0,15,15,contributor,2958,1694,62.41
John Nguyen,3,0,0,0,15,15,contributor,2958,1694,62.41
itaymaslo,1,1,0,0,15,15,contributor,2958,1694,62.41
Craig Forster,3,0,0,0,15,15,contributor,2958,1694,62.41
PaulVelthuis93,1,1,0,0,15,15,contributor,2958,1694,62.41
jj-ian,1,1,0,0,15,15,contributor,2958,1694,62.41
張泰瑋(Chang Tai Wei),3,0,0,0,15,15,contributor,2958,1694,62.41
Marek Hanuš,3,0,0,0,15,15,contributor,2958,1694,62.41
toughrogrammer,1,1,0,0,15,15,contributor,2958,1694,62.41
nhankiet,1,1,0,0,15,15,contributor,2958,1694,62.41
ItaiMeushar,1,1,0,0,15,15,contributor,2958,1694,62.41
AliToro,1,1,0,0,15,15,contributor,2958,1694,62.41
Waldemar Hummer,3,0,0,0,15,15,contributor,2958,1694,62.41
Vincent Beck,3,0,0,0,15,15,contributor,2958,1694,62.41
andwct,1,1,0,0,15,15,contributor,2958,1694,62.41
harsh481,1,1,0,0,15,15,contributor,2958,1694,62.41
arnaubadia,1,1,0,0,15,15,contributor,2958,1694,62.41
knil-sama,1,1,0,0,15,15,contributor,2958,1694,62.41
pigidser,1,1,0,0,15,15,contributor,2958,1694,62.41
Shoichi Kagawa,3,0,0,0,15,15,contributor,2958,1694,62.41
Marek Baczynski,3,0,0,0,15,15,contributor,2958,1694,62.41
Better-Boy,1,1,0,0,15,15,contributor,2958,1694,62.41
gbloisi-openaire,1,1,0,0,15,15,contributor,2958,1694,62.41
Kayzwer,1,1,0,0,15,15,contributor,2958,1694,62.41
Praveenkumar Venkatesan,3,0,0,0,15,15,contributor,2958,1694,62.41
htpawel,1,1,0,0,15,15,contributor,2958,1694,62.41
Prafful Javare,3,0,0,0,15,15,contributor,2958,1694,62.41
abloomston,1,1,0,0,15,15,contributor,2958,1694,62.41
got686-yandex,1,1,0,0,15,15,contributor,2958,1694,62.41
remisalmon,1,1,0,0,15,15,contributor,2958,1694,62.41
celeriev,1,1,0,0,15,15,contributor,2958,1694,62.41
stefan-wolfsheimer,1,1,0,0,15,15,contributor,2958,1694,62.41
Caique Lima,3,0,0,0,15,15,contributor,2958,1694,62.41
PengMingHua905001,1,1,0,0,15,15,contributor,2958,1694,62.41
steffidlf,1,1,0,0,15,15,contributor,2958,1694,62.41
Dakshin K,3,0,0,0,15,15,contributor,2958,1694,62.41
Morgan,3,0,0,0,15,15,contributor,2958,1694,62.41
jgoedeke,1,1,0,0,15,15,contributor,2958,1694,62.41
rqi14,1,1,0,0,15,15,contributor,2958,1694,62.41
yorologo,1,1,0,0,15,15,contributor,2958,1694,62.41
Reza J. Bavaghoush,3,0,0,0,15,15,contributor,2958,1694,62.41
ganesancit,1,1,0,0,15,15,contributor,2958,1694,62.41
bnguyennhon,1,1,0,0,15,15,contributor,2958,1694,62.41
Lev Himmelfarb,3,0,0,0,15,15,contributor,2958,1694,62.41
artiom33,1,1,0,0,15,15,contributor,2958,1694,62.41
Zorgosto,1,1,0,0,15,15,contributor,2958,1694,62.41
ahuynh3,1,1,0,0,15,15,contributor,2958,1694,62.41
Dagang Wei,3,0,0,0,15,15,contributor,2958,1694,62.41
jay-law,1,1,0,0,15,15,contributor,2958,1694,62.41
Rafnel,1,1,0,0,15,15,contributor,2958,1694,62.41
planoe,1,1,0,0,15,15,contributor,2958,1694,62.41
jorgeac12,1,1,0,0,15,15,contributor,2958,1694,62.41
renzofrigato,1,1,0,0,15,15,contributor,2958,1694,62.41
Jesús Carpintero,3,0,0,0,15,15,contributor,2958,1694,62.41
bart-eijk,1,1,0,0,15,15,contributor,2958,1694,62.41
jcamatta,0,1,1,1,15,15,contributor,2958,1694,62.41
scrawfor,1,1,0,0,15,15,contributor,2958,1694,62.41
Gabriel Silk,3,0,0,0,15,15,contributor,2958,1694,62.41
Arkadiusz Bach,3,0,0,0,15,15,contributor,2958,1694,62.41
noel-gallagher,1,1,0,0,15,15,contributor,2958,1694,62.41
Harpreet Singh,3,0,0,0,15,15,contributor,2958,1694,62.41
AshKatzEm,1,1,0,0,15,15,contributor,2958,1694,62.41
Artur Piotr Izaak Laskowski,3,0,0,0,15,15,contributor,2958,1694,62.41
bbonagura9,1,1,0,0,15,15,contributor,2958,1694,62.41
Joel Croteau,3,0,0,0,15,15,contributor,2958,1694,62.41
omrdyngc,1,1,0,0,15,15,contributor,2958,1694,62.41
plorenzatto,1,1,0,0,15,15,contributor,2958,1694,62.41
Sic4Parvis9Magna,1,1,0,0,15,15,contributor,2958,1694,62.41
arvinder-mo,1,1,0,0,15,15,contributor,2958,1694,62.41
Wilderone,1,1,0,0,15,15,contributor,2958,1694,62.41
leehuwuj,1,1,0,0,15,15,contributor,2958,1694,62.41
Stuart Buckingham,3,0,0,0,15,15,contributor,2958,1694,62.41
"Ryan, Siu Long Wa",3,0,0,0,15,15,contributor,2958,1694,62.41
mlimotte,1,1,0,0,15,15,contributor,2958,1694,62.41
Anush,3,0,0,0,15,15,contributor,2958,1694,62.41
sarah-reddit,1,1,0,0,15,15,contributor,2958,1694,62.41
nave91,1,1,0,0,15,15,contributor,2958,1694,62.41
HassanAlahmed,1,1,0,0,15,15,contributor,2958,1694,62.41
Itay Bittan,3,0,0,0,15,15,contributor,2958,1694,62.41
John Bodley,3,0,0,0,15,15,contributor,2958,1694,62.41
apapanico,1,1,0,0,15,15,contributor,2958,1694,62.41
meher1993,1,1,0,0,15,15,contributor,2958,1694,62.41
joe-gordian-software,1,1,0,0,15,15,contributor,2958,1694,62.41
Kumbha Lakshmi Narayana,3,0,0,0,15,15,contributor,2958,1694,62.41
Kevin Pullin,3,0,0,0,15,15,contributor,2958,1694,62.41
Ramon Vermeulen,3,0,0,0,15,15,contributor,2958,1694,62.41
GregKarabinos,1,1,0,0,15,15,contributor,2958,1694,62.41
Jimmy Cao,3,0,0,0,15,15,contributor,2958,1694,62.41
David Clubb,3,0,0,0,15,15,contributor,2958,1694,62.41
Max Countryman,3,0,0,0,15,15,contributor,2958,1694,62.41
wselfjes,1,1,0,0,15,15,contributor,2958,1694,62.41
Matt Pelland,3,0,0,0,15,15,contributor,2958,1694,62.41
shahafabileah,1,1,0,0,15,15,contributor,2958,1694,62.41
NomNomGit,1,1,0,0,15,15,contributor,2958,1694,62.41
Michael Peteuil,3,0,0,0,15,15,contributor,2958,1694,62.41
Rob Keevil,3,0,0,0,15,15,contributor,2958,1694,62.41
sid.gupta,3,0,0,0,15,15,contributor,2958,1694,62.41
andar9,1,1,0,0,15,15,contributor,2958,1694,62.41
vfeldsher,1,1,0,0,15,15,contributor,2958,1694,62.41
M Junaid Shaukat,3,0,0,0,15,15,contributor,2958,1694,62.41
andyh1203,3,0,0,0,15,15,contributor,2958,1694,62.41
sc-anssi,1,1,0,0,15,15,contributor,2958,1694,62.41
Sam Debruyn,3,0,0,0,15,15,contributor,2958,1694,62.41
zclimes,1,1,0,0,15,15,contributor,2958,1694,62.41
budney,1,1,0,0,15,15,contributor,2958,1694,62.41
chencivalue,1,1,0,0,15,15,contributor,2958,1694,62.41
sarayourfriend,1,1,0,0,15,15,contributor,2958,1694,62.41
Elliott Shugerman,3,0,0,0,15,15,contributor,2958,1694,62.41
Abhilash Kishore,3,0,0,0,15,15,contributor,2958,1694,62.41
SimonCW,1,1,0,0,15,15,contributor,2958,1694,62.41
ashwiniadiga,1,1,0,0,15,15,contributor,2958,1694,62.41
Mordeck,1,1,0,0,15,15,contributor,2958,1694,62.41
wderose,1,1,0,0,15,15,contributor,2958,1694,62.41
ChaturvediSulabh,1,1,0,0,15,15,contributor,2958,1694,62.41
Romain Ardiet,3,0,0,0,15,15,contributor,2958,1694,62.41
mayanktri,1,1,0,0,15,15,contributor,2958,1694,62.41
Diego Rabatone Oliveira,3,0,0,0,15,15,contributor,2958,1694,62.41
dstaple,1,1,0,0,15,15,contributor,2958,1694,62.41
noronham,1,1,0,0,15,15,contributor,2958,1694,62.41
Lokesh Lal,3,0,0,0,15,15,contributor,2958,1694,62.41
rgriffier,1,1,0,0,15,15,contributor,2958,1694,62.41
David,3,0,0,0,15,15,contributor,2958,1694,62.41
wjiangqc,1,1,0,0,15,15,contributor,2958,1694,62.41
Jeff Payne,3,0,0,0,15,15,contributor,2958,1694,62.41
mvanree00,1,1,0,0,15,15,contributor,2958,1694,62.41
tzulberti-jampp,1,1,0,0,15,15,contributor,2958,1694,62.41
Nick,3,0,0,0,15,15,contributor,2958,1694,62.41
kyounghoonJang,3,0,0,0,15,15,contributor,2958,1694,62.41
UncertainBadg3r,1,1,0,0,15,15,contributor,2958,1694,62.41
Lucy Hu,3,0,0,0,15,15,contributor,2958,1694,62.41
magdagultekin,1,1,0,0,15,15,contributor,2958,1694,62.41
visciang,1,1,0,0,15,15,contributor,2958,1694,62.41
AndrewRocky,1,1,0,0,15,15,contributor,2958,1694,62.41
Duc Nguyen,3,0,0,0,15,15,contributor,2958,1694,62.41
awadhoot-sq,1,1,0,0,15,15,contributor,2958,1694,62.41
ts-co,1,1,0,0,15,15,contributor,2958,1694,62.41
rj-pawar,1,1,0,0,15,15,contributor,2958,1694,62.41
austinau,1,1,0,0,15,15,contributor,2958,1694,62.41
Rik Heijdens,3,0,0,0,15,15,contributor,2958,1694,62.41
Tim Hirzel,3,0,0,0,15,15,contributor,2958,1694,62.41
jtschoonhoven,1,1,0,0,15,15,contributor,2958,1694,62.41
ypatankar,1,1,0,0,15,15,contributor,2958,1694,62.41
Bluefox9x5,1,1,0,0,15,15,contributor,2958,1694,62.41
Sanjay P,3,0,0,0,15,15,contributor,2958,1694,62.41
Diego Lopes,3,0,0,0,15,15,contributor,2958,1694,62.41
shuwen-zhang,1,1,0,0,15,15,contributor,2958,1694,62.41
badfeanor,1,1,0,0,15,15,contributor,2958,1694,62.41
miracodezu,1,1,0,0,15,15,contributor,2958,1694,62.41
jmfreeman,1,1,0,0,15,15,contributor,2958,1694,62.41
GeoffroyDFox,1,1,0,0,15,15,contributor,2958,1694,62.41
jkugiya,1,1,0,0,15,15,contributor,2958,1694,62.41
rtrindvg,1,1,0,0,15,15,contributor,2958,1694,62.41
Nicholas Duffy,3,0,0,0,15,15,contributor,2958,1694,62.41
RafaelAMello,1,1,0,0,15,15,contributor,2958,1694,62.41
Vinod Bottu,3,0,0,0,15,15,contributor,2958,1694,62.41
Johan Eklund,3,0,0,0,15,15,contributor,2958,1694,62.41
Ariel Mordoch,3,0,0,0,15,15,contributor,2958,1694,62.41
internetcoffeephone,1,1,0,0,15,15,contributor,2958,1694,62.41
Jon Shea,3,0,0,0,15,15,contributor,2958,1694,62.41
mingjie-li,1,1,0,0,15,15,contributor,2958,1694,62.41
achaosss,1,1,0,0,15,15,contributor,2958,1694,62.41
dojoscan,1,1,0,0,15,15,contributor,2958,1694,62.41
Zacharya,3,0,0,0,15,15,contributor,2958,1694,62.41
dan-js,1,1,0,0,15,15,contributor,2958,1694,62.41
c-thiel,1,1,0,0,15,15,contributor,2958,1694,62.41
iamtodor,1,1,0,0,15,15,contributor,2958,1694,62.41
Aditya Yadav,3,0,0,0,15,15,contributor,2958,1694,62.41
antti-ngp,1,1,0,0,15,15,contributor,2958,1694,62.41
skabbit,1,1,0,0,15,15,contributor,2958,1694,62.41
Laityned,1,1,0,0,15,15,contributor,2958,1694,62.41
xiaohuanlin,1,1,0,0,15,15,contributor,2958,1694,62.41
nicor88,1,1,0,0,15,15,contributor,2958,1694,62.41
daniela-BV,1,1,0,0,15,15,contributor,2958,1694,62.41
alxdembo,1,1,0,0,15,15,contributor,2958,1694,62.41
arihantsurana,1,1,0,0,15,15,contributor,2958,1694,62.41
swathipil,1,1,0,0,15,15,contributor,2958,1694,62.41
sbock-slack,1,1,0,0,15,15,contributor,2958,1694,62.41
zar1,1,1,0,0,15,15,contributor,2958,1694,62.41
keygrocery,1,1,0,0,15,15,contributor,2958,1694,62.41
davidhagens,1,1,0,0,15,15,contributor,2958,1694,62.41
mayankymailusfedu,1,1,0,0,15,15,contributor,2958,1694,62.41
evanasse,1,1,0,0,15,15,contributor,2958,1694,62.41
Jingxiao Lu,3,0,0,0,15,15,contributor,2958,1694,62.41
Julie Rutherford,3,0,0,0,15,15,contributor,2958,1694,62.41
Pat Garziglia,3,0,0,0,15,15,contributor,2958,1694,62.41
vitstransky,1,1,0,0,15,15,contributor,2958,1694,62.41
thomasbrockmeier,1,1,0,0,15,15,contributor,2958,1694,62.41
Lieven Govaerts,3,0,0,0,15,15,contributor,2958,1694,62.41
bmtKIA6,1,1,0,0,15,15,contributor,2958,1694,62.41
Carl Leake,3,0,0,0,15,15,contributor,2958,1694,62.41
Yuliya Volkova,3,0,0,0,15,15,contributor,2958,1694,62.41
Winston Huang,3,0,0,0,15,15,contributor,2958,1694,62.41
Simon,3,0,0,0,15,15,contributor,2958,1694,62.41
Olivier,3,0,0,0,15,15,contributor,2958,1694,62.41
Tyrone Hinderson,3,0,0,0,15,15,contributor,2958,1694,62.41
Adam Dobrawy,3,0,0,0,15,15,contributor,2958,1694,62.41
igeni,1,1,0,0,15,15,contributor,2958,1694,62.41
Spasnof,1,1,0,0,15,15,contributor,2958,1694,62.41
Vitor Baptista,3,0,0,0,15,15,contributor,2958,1694,62.41
Lyndon Fan,3,0,0,0,15,15,contributor,2958,1694,62.41
Matthieu Blais,3,0,0,0,15,15,contributor,2958,1694,62.41
pishilong,1,1,0,0,15,15,contributor,2958,1694,62.41
Bartosz Sławecki,3,0,0,0,15,15,contributor,2958,1694,62.41
stefangsalandy,1,1,0,0,15,15,contributor,2958,1694,62.41
krzysztof-kubis,1,1,0,0,15,15,contributor,2958,1694,62.41
SamLiaoP,1,1,0,0,15,15,contributor,2958,1694,62.41
Shakaib Khan,3,0,0,0,15,15,contributor,2958,1694,62.41
Igors Vaitkus,3,0,0,0,15,15,contributor,2958,1694,62.41
sivankumar86,1,1,0,0,15,15,contributor,2958,1694,62.41
dominik-werner-casra,1,1,0,0,15,15,contributor,2958,1694,62.41
cadet354,1,1,0,0,15,15,contributor,2958,1694,62.41
killua1zoldyck,0,1,1,1,15,15,contributor,2958,1694,62.41
Andreas Franzén,3,0,0,0,15,15,contributor,2958,1694,62.41
wongelz,1,1,0,0,15,15,contributor,2958,1694,62.41
Drew Cuthbertson,3,0,0,0,15,15,contributor,2958,1694,62.41
Peter Kosztolanyi,3,0,0,0,15,15,contributor,2958,1694,62.41
Dewen Kong,3,0,0,0,15,15,contributor,2958,1694,62.41
Rupesh Bansal,3,0,0,0,15,15,contributor,2958,1694,62.41
chiragtodarka,1,1,0,0,15,15,contributor,2958,1694,62.41
XiangbingJi,1,1,0,0,15,15,contributor,2958,1694,62.41
Ryan McCormack,3,0,0,0,15,15,contributor,2958,1694,62.41
NOEUN KIM,3,0,0,0,15,15,contributor,2958,1694,62.41
devinXL8,1,1,0,0,15,15,contributor,2958,1694,62.41
njrs92,1,1,0,0,15,15,contributor,2958,1694,62.41
Kartik Khare,3,0,0,0,15,15,contributor,2958,1694,62.41
manti,1,1,0,0,15,15,contributor,2958,1694,62.41
manu-crealytics,1,1,0,0,15,15,contributor,2958,1694,62.41
Daniel Gellert,3,0,0,0,15,15,contributor,2958,1694,62.41
Felipe Galindo Sanchez,3,0,0,0,15,15,contributor,2958,1694,62.41
kaverisharma09,1,1,0,0,15,15,contributor,2958,1694,62.41
SangwanP,1,1,0,0,15,15,contributor,2958,1694,62.41
p-eye,1,1,0,0,15,15,contributor,2958,1694,62.41
withakay,1,1,0,0,15,15,contributor,2958,1694,62.41
jliu0812,1,1,0,0,15,15,contributor,2958,1694,62.41
LennyKLB,1,1,0,0,15,15,contributor,2958,1694,62.41
YenchenLiu,3,0,0,0,15,15,contributor,2958,1694,62.41
Lewis John McGibbney,3,0,0,0,15,15,contributor,2958,1694,62.41
Eric Lo,3,0,0,0,15,15,contributor,2958,1694,62.41
Sharashchandra Desai,3,0,0,0,15,15,contributor,2958,1694,62.41
Beni Ben zikry,3,0,0,0,15,15,contributor,2958,1694,62.41
demetthyl,1,1,0,0,15,15,contributor,2958,1694,62.41
sprohaska,1,1,0,0,15,15,contributor,2958,1694,62.41
LDAP/paul_yang,3,0,0,0,15,15,contributor,2958,1694,62.41
Shruti Singh,3,0,0,0,15,15,contributor,2958,1694,62.41
yileic,1,1,0,0,15,15,contributor,2958,1694,62.41
sdebarshi,1,1,0,0,15,15,contributor,2958,1694,62.41
amaterasu-coder,1,1,0,0,15,15,contributor,2958,1694,62.41
andrew9691,1,1,0,0,15,15,contributor,2958,1694,62.41
DorConnecteam,1,1,0,0,15,15,contributor,2958,1694,62.41
Jacob,3,0,0,0,15,15,contributor,2958,1694,62.41
phucbui95,1,1,0,0,15,15,contributor,2958,1694,62.41
pokoyakazan,1,1,0,0,15,15,contributor,2958,1694,62.41
MrParosk,1,1,0,0,15,15,contributor,2958,1694,62.41
dispensable,1,1,0,0,15,15,contributor,2958,1694,62.41
Ilias Troullinos,3,0,0,0,15,15,contributor,2958,1694,62.41
jayljohnson,1,1,0,0,15,15,contributor,2958,1694,62.41
kmalik,3,0,0,0,15,15,contributor,2958,1694,62.41
GApfel,1,1,0,0,15,15,contributor,2958,1694,62.41
phanindhra,3,0,0,0,15,15,contributor,2958,1694,62.41
Dongyeon Lee,3,0,0,0,15,15,contributor,2958,1694,62.41
rahul-ve,1,1,0,0,15,15,contributor,2958,1694,62.41
Ulas Can Cengiz,3,0,0,0,15,15,contributor,2958,1694,62.41
lauralorenz,1,1,0,0,15,15,contributor,2958,1694,62.41
Mateus Latrova Stephanin,3,0,0,0,15,15,contributor,2958,1694,62.41
zarrarrana,1,1,0,0,15,15,contributor,2958,1694,62.41
suyesh-amatya,1,1,0,0,15,15,contributor,2958,1694,62.41
Nick Stenning,3,0,0,0,15,15,contributor,2958,1694,62.41
mangal-vairalkar,1,1,0,0,15,15,contributor,2958,1694,62.41
asosnovsky,0,1,1,1,15,15,contributor,2958,1694,62.41
cristian-fatu,1,1,0,0,15,15,contributor,2958,1694,62.41
Tushar4432,1,1,0,0,15,15,contributor,2958,1694,62.41
James Lamb,3,0,0,0,15,15,contributor,2958,1694,62.41
leoguzman,1,1,0,0,15,15,contributor,2958,1694,62.41
jfantom,1,1,0,0,15,15,contributor,2958,1694,62.41
DerekRoy,1,1,0,0,15,15,contributor,2958,1694,62.41
mthakare-onshape,1,1,0,0,15,15,contributor,2958,1694,62.41
Ranuga Disansa,3,0,0,0,15,15,contributor,2958,1694,62.41
hikaruhk,1,1,0,0,15,15,contributor,2958,1694,62.41
yyvess,1,1,0,0,15,15,contributor,2958,1694,62.41
yajna pandith,3,0,0,0,15,15,contributor,2958,1694,62.41
jaejun,3,0,0,0,15,15,contributor,2958,1694,62.41
sybernatus,1,1,0,0,15,15,contributor,2958,1694,62.41
zingorn,1,1,0,0,15,15,contributor,2958,1694,62.41
PoojaChandak,1,1,0,0,15,15,contributor,2958,1694,62.41
jakemraz,1,1,0,0,15,15,contributor,2958,1694,62.41
Berislav Lopac,3,0,0,0,15,15,contributor,2958,1694,62.41
oryanperl,1,1,0,0,15,15,contributor,2958,1694,62.41
Oluwafemi Sule,3,0,0,0,15,15,contributor,2958,1694,62.41
p13rr0m,1,1,0,0,15,15,contributor,2958,1694,62.41
MisLink,1,1,0,0,15,15,contributor,2958,1694,62.41
Daniel Hoherd,3,0,0,0,15,15,contributor,2958,1694,62.41
Gerard Casas Saez,3,0,0,0,15,15,contributor,2958,1694,62.41
4lberto,1,1,0,0,15,15,contributor,2958,1694,62.41
SnowOracle,1,1,0,0,15,15,contributor,2958,1694,62.41
Rakhi Kumari,3,0,0,0,15,15,contributor,2958,1694,62.41
kvackkvackanka,1,1,0,0,15,15,contributor,2958,1694,62.41
Jeffrey Scott Keone Payne,3,0,0,0,15,15,contributor,2958,1694,62.41
Vismita Uppalli,3,0,0,0,15,15,contributor,2958,1694,62.41
tomoemon,1,1,0,0,15,15,contributor,2958,1694,62.41
Cary,3,0,0,0,15,15,contributor,2958,1694,62.41
ckpklos,1,1,0,0,15,15,contributor,2958,1694,62.41
queryjin,1,1,0,0,15,15,contributor,2958,1694,62.41
dinesh-venkata,1,1,0,0,15,15,contributor,2958,1694,62.41
Henk Griffioen,3,0,0,0,15,15,contributor,2958,1694,62.41
N,3,0,0,0,15,15,contributor,2958,1694,62.41
Mohannad Albanayosy,3,0,0,0,15,15,contributor,2958,1694,62.41
pingbat,1,1,0,0,15,15,contributor,2958,1694,62.41
dx034,1,1,0,0,15,15,contributor,2958,1694,62.41
Jens Larsson,3,0,0,0,15,15,contributor,2958,1694,62.41
nevinaragam,1,1,0,0,15,15,contributor,2958,1694,62.41
asamasoma,1,1,0,0,15,15,contributor,2958,1694,62.41
riccardoforzan,1,1,0,0,15,15,contributor,2958,1694,62.41
viktorvia,1,1,0,0,15,15,contributor,2958,1694,62.41
henriqueribeiro,1,1,0,0,15,15,contributor,2958,1694,62.41
angadsingh,1,1,0,0,15,15,contributor,2958,1694,62.41
karthikgollapudi,1,1,0,0,15,15,contributor,2958,1694,62.41
Dima Kamalov,3,0,0,0,15,15,contributor,2958,1694,62.41
Sai Pragna Etikyala,3,0,0,0,15,15,contributor,2958,1694,62.41
getras1998,1,1,0,0,15,15,contributor,2958,1694,62.41
Sandeep,3,0,0,0,15,15,contributor,2958,1694,62.41
Anand Raman,3,0,0,0,15,15,contributor,2958,1694,62.41
Vu Tan,3,0,0,0,15,15,contributor,2958,1694,62.41
shoito,1,1,0,0,15,15,contributor,2958,1694,62.41
PointyShinyBurning,1,1,0,0,15,15,contributor,2958,1694,62.41
Hunk0724,1,1,0,0,15,15,contributor,2958,1694,62.41
Newton Le,3,0,0,0,15,15,contributor,2958,1694,62.41
ronahk,1,1,0,0,15,15,contributor,2958,1694,62.41
yzliao,1,1,0,0,15,15,contributor,2958,1694,62.41
ketankkeshri,1,1,0,0,15,15,contributor,2958,1694,62.41
jjmurre,1,1,0,0,15,15,contributor,2958,1694,62.41
Merouane Atig,3,0,0,0,15,15,contributor,2958,1694,62.41
Leo Gallucci,3,0,0,0,15,15,contributor,2958,1694,62.41
Domadelfin,1,1,0,0,15,15,contributor,2958,1694,62.41
Kishore Vancheeshwaran,3,0,0,0,15,15,contributor,2958,1694,62.41
rmn36,1,1,0,0,15,15,contributor,2958,1694,62.41
Avram Lyon,3,0,0,0,15,15,contributor,2958,1694,62.41
Hartorn,1,1,0,0,15,15,contributor,2958,1694,62.41
ardubev16,0,1,1,1,15,15,contributor,2958,1694,62.41
Chirodip Lodh Choudhury,3,0,0,0,15,15,contributor,2958,1694,62.41
Keliang Chen,3,0,0,0,15,15,contributor,2958,1694,62.41
svellaiyan,1,1,0,0,15,15,contributor,2958,1694,62.41
pyaiveoleg,1,1,0,0,15,15,contributor,2958,1694,62.41
althati,1,1,0,0,15,15,contributor,2958,1694,62.41
Peter Reznikov,3,0,0,0,15,15,contributor,2958,1694,62.41
Silas Ray,3,0,0,0,15,15,contributor,2958,1694,62.41
Alex Kennedy,3,0,0,0,15,15,contributor,2958,1694,62.41
ArvidMartensRenson,1,1,0,0,15,15,contributor,2958,1694,62.41
diederikwp,1,1,0,0,15,15,contributor,2958,1694,62.41
TreyYi,3,0,0,0,15,15,contributor,2958,1694,62.41
soldraghz,1,1,0,0,15,15,contributor,2958,1694,62.41
sagnjun-nam,1,1,0,0,15,15,contributor,2958,1694,62.41
Vyacheslav,3,0,0,0,15,15,contributor,2958,1694,62.41
tszerszen,3,0,0,0,15,15,contributor,2958,1694,62.41
Dmirty Suvorov,3,0,0,0,15,15,contributor,2958,1694,62.41
JPFrancoia,1,1,0,0,15,15,contributor,2958,1694,62.41
Louis Mackie,3,0,0,0,15,15,contributor,2958,1694,62.41
andrew-candela,1,1,0,0,15,15,contributor,2958,1694,62.41
Tomi,3,0,0,0,15,15,contributor,2958,1694,62.41
lucasmo,1,1,0,0,15,15,contributor,2958,1694,62.41
victoria-yining-huang,1,1,0,0,15,15,contributor,2958,1694,62.41
Gepser Hoil,3,0,0,0,15,15,contributor,2958,1694,62.41
Steven Schaerer,3,0,0,0,15,15,contributor,2958,1694,62.41
smsm1-ito,1,1,0,0,15,15,contributor,2958,1694,62.41
Jonathan Stern,3,0,0,0,15,15,contributor,2958,1694,62.41
kn3609571,1,1,0,0,15,15,contributor,2958,1694,62.41
Jonpaco23,1,1,0,0,15,15,contributor,2958,1694,62.41
Michalosu,1,1,0,0,15,15,contributor,2958,1694,62.41
d2kalra,1,1,0,0,15,15,contributor,2958,1694,62.41
valexharo,1,1,0,0,15,15,contributor,2958,1694,62.41
bharat99k,1,1,0,0,15,15,contributor,2958,1694,62.41
Xavier P,3,0,0,0,15,15,contributor,2958,1694,62.41
Daniel Iñigo,3,0,0,0,15,15,contributor,2958,1694,62.41
Hervé Werner,3,0,0,0,15,15,contributor,2958,1694,62.41
pemontto,1,1,0,0,15,15,contributor,2958,1694,62.41
subashcanapathy,1,1,0,0,15,15,contributor,2958,1694,62.41
mattiagiupponi,1,1,0,0,15,15,contributor,2958,1694,62.41
johnnybravo-xyz,1,1,0,0,15,15,contributor,2958,1694,62.41
Huanjie Guo,3,0,0,0,15,15,contributor,2958,1694,62.41
hugo-syn,1,1,0,0,15,15,contributor,2958,1694,62.41
Dmitriy Lee,3,0,0,0,15,15,contributor,2958,1694,62.41
cont-m-nakagawa,3,0,0,0,15,15,contributor,2958,1694,62.41
Daniel Gies,3,0,0,0,15,15,contributor,2958,1694,62.41
Joe Harris,3,0,0,0,15,15,contributor,2958,1694,62.41
HamzaBoukraa,1,1,0,0,15,15,contributor,2958,1694,62.41
edin-tapad,1,1,0,0,15,15,contributor,2958,1694,62.41
jayone,3,0,0,0,15,15,contributor,2958,1694,62.41
Sean Gabriel Bayron,3,0,0,0,15,15,contributor,2958,1694,62.41
Bruce,3,0,0,0,15,15,contributor,2958,1694,62.41
ErandM50,1,1,0,0,15,15,contributor,2958,1694,62.41
gebo,3,0,0,0,15,15,contributor,2958,1694,62.41
sprasad97,1,1,0,0,15,15,contributor,2958,1694,62.41
jmccallum-premise,1,1,0,0,15,15,contributor,2958,1694,62.41
Rob Froetscher,3,0,0,0,15,15,contributor,2958,1694,62.41
ebartkus,1,1,0,0,15,15,contributor,2958,1694,62.41
Bhavika Tekwani,3,0,0,0,15,15,contributor,2958,1694,62.41
Didier Durand,3,0,0,0,15,15,contributor,2958,1694,62.41
jaimefr,1,1,0,0,15,15,contributor,2958,1694,62.41
philipherrmann,1,1,0,0,15,15,contributor,2958,1694,62.41
Chris Redekop,3,0,0,0,15,15,contributor,2958,1694,62.41
ha2hi,1,1,0,0,15,15,contributor,2958,1694,62.41
PraveenA95,1,1,0,0,15,15,contributor,2958,1694,62.41
hanna-liashchuk,1,1,0,0,15,15,contributor,2958,1694,62.41
Lucas Roesler,3,0,0,0,15,15,contributor,2958,1694,62.41
anudeep-pv,1,1,0,0,15,15,contributor,2958,1694,62.41
Sudeep Gupta,3,0,0,0,15,15,contributor,2958,1694,62.41
liuxhit,1,1,0,0,15,15,contributor,2958,1694,62.41
smogili1,1,1,0,0,15,15,contributor,2958,1694,62.41
Yun-Ting Chiu,3,0,0,0,15,15,contributor,2958,1694,62.41
skandala23,1,1,0,0,15,15,contributor,2958,1694,62.41
pulsar314,1,1,0,0,15,15,contributor,2958,1694,62.41
Moe Nadal,3,0,0,0,15,15,contributor,2958,1694,62.41
smithakoduri,1,1,0,0,15,15,contributor,2958,1694,62.41
Andor Markus,3,0,0,0,15,15,contributor,2958,1694,62.41
Esben S. Nielsen,3,0,0,0,15,15,contributor,2958,1694,62.41
André Amaral,3,0,0,0,15,15,contributor,2958,1694,62.41
michael-j-thomas,1,1,0,0,15,15,contributor,2958,1694,62.41
chie8842,1,1,0,0,15,15,contributor,2958,1694,62.41
jarnedemunter1,1,1,0,0,15,15,contributor,2958,1694,62.41
grauscher,1,1,0,0,15,15,contributor,2958,1694,62.41
Stephan,3,0,0,0,15,15,contributor,2958,1694,62.41
Osmar Coronel,3,0,0,0,15,15,contributor,2958,1694,62.41
atul-b-raut87,1,1,0,0,15,15,contributor,2958,1694,62.41
abiwill,1,1,0,0,15,15,contributor,2958,1694,62.41
a1ea321,1,1,0,0,15,15,contributor,2958,1694,62.41
Mayank Soni,3,0,0,0,15,15,contributor,2958,1694,62.41
Tanjin Panna,3,0,0,0,15,15,contributor,2958,1694,62.41
Michael Spector,3,0,0,0,15,15,contributor,2958,1694,62.41
lpalum,1,1,0,0,15,15,contributor,2958,1694,62.41
Mikhail Ilchenko,3,0,0,0,15,15,contributor,2958,1694,62.41
cbockman,1,1,0,0,15,15,contributor,2958,1694,62.41
Georg Walther,3,0,0,0,15,15,contributor,2958,1694,62.41
FingerLiu,1,1,0,0,15,15,contributor,2958,1694,62.41
yunchi,3,0,0,0,15,15,contributor,2958,1694,62.41
Glenn Schuurman,3,0,0,0,15,15,contributor,2958,1694,62.41
Lilith Wittmann,3,0,0,0,15,15,contributor,2958,1694,62.41
kalaLokia,1,1,0,0,15,15,contributor,2958,1694,62.41
Antony Southworth,3,0,0,0,15,15,contributor,2958,1694,62.41
retsilla,1,1,0,0,15,15,contributor,2958,1694,62.41
Andrew Harmon,3,0,0,0,15,15,contributor,2958,1694,62.41
jedipi,3,0,0,0,15,15,contributor,2958,1694,62.41
gxcuit,1,1,0,0,15,15,contributor,2958,1694,62.41
Jason Prodonovich,3,0,0,0,15,15,contributor,2958,1694,62.41
sibowyer,1,1,0,0,15,15,contributor,2958,1694,62.41
Preston Parry,3,0,0,0,15,15,contributor,2958,1694,62.41
tolkjen,0,0,7,0,14,14,observer,3462,20,58.71
microcassidy,0,1,2,0,14,14,contributor,3462,2198,58.71
hbrls,0,1,2,0,14,14,contributor,3462,2198,58.71
edejong,0,1,2,0,14,14,contributor,3462,2198,58.71
alartum,0,1,2,0,14,14,contributor,3462,2198,58.71
xianhualiu,0,0,7,0,14,14,observer,3462,20,58.71
malagoli,0,1,2,0,14,14,contributor,3462,2198,58.71
TempestShaw,0,1,2,0,14,14,contributor,3462,2198,58.71
sshivprasad,0,1,2,0,14,14,contributor,3462,2198,58.71
chuancyzhang,0,1,2,0,14,14,contributor,3462,2198,58.71
juarezr,0,1,2,0,14,14,contributor,3462,2198,58.71
wyattshapiro,0,1,2,0,14,14,contributor,3462,2198,58.71
lmeerwood,0,1,2,0,14,14,contributor,3462,2198,58.71
yogyang,0,1,2,0,14,14,contributor,3462,2198,58.71
Vidhanvyrs,0,1,2,0,14,14,contributor,3462,2198,58.71
RavinduWeerakoon,0,1,2,0,14,14,contributor,3462,2198,58.71
K890,0,1,2,0,14,14,contributor,3462,2198,58.71
tsoud,0,1,2,0,14,14,contributor,3462,2198,58.71
gfreitash,0,1,2,0,14,14,contributor,3462,2198,58.71
Kaash,0,1,2,0,14,14,contributor,3462,2198,58.71
swalkowski,0,1,2,0,14,14,contributor,3462,2198,58.71
antoniocali,0,1,2,0,14,14,contributor,3462,2198,58.71
hemanth-kumark,0,1,2,0,14,14,contributor,3462,2198,58.71
mattogburke,0,1,2,0,14,14,contributor,3462,2198,58.71
NadimYounes,0,1,2,0,14,14,contributor,3462,2198,58.71
lyuyunbo,0,1,2,0,14,14,contributor,3462,2198,58.71
ljb7977,0,1,2,0,14,14,contributor,3462,2198,58.71
harikrishna12524,0,1,2,0,14,14,contributor,3462,2198,58.71
tshirtman,0,1,2,0,14,14,contributor,3462,2198,58.71
JeffryMAC,0,0,7,0,14,14,observer,3462,20,58.71
spoutnickgp,0,1,2,0,14,14,contributor,3462,2198,58.71
tegardp,0,1,2,0,14,14,contributor,3462,2198,58.71
nivangio,0,1,2,0,14,14,contributor,3462,2198,58.71
yoshi-the-dev,0,1,2,0,14,14,contributor,3462,2198,58.71
NotYuki,0,1,2,0,14,14,contributor,3462,2198,58.71
soliverr,0,1,2,0,14,14,contributor,3462,2198,58.71
DuanWeiFan,0,1,2,0,14,14,contributor,3462,2198,58.71
danccooper,0,0,7,0,14,14,observer,3462,20,58.71
attilaszombati,0,1,2,0,14,14,contributor,3462,2198,58.71
powerexploit,0,1,2,0,14,14,contributor,3462,2198,58.71
Jeevankumar-s,0,1,2,0,14,14,contributor,3462,2198,58.71
psg2,0,1,2,0,14,14,contributor,3462,2198,58.71
joarobles,0,1,2,0,14,14,contributor,3462,2198,58.71
weiwenlan,0,1,2,0,14,14,contributor,3462,2198,58.71
tm-drtina,0,1,2,0,14,14,contributor,3462,2198,58.71
paramjeet01,0,1,2,0,14,14,contributor,3462,2198,58.71
mariasumedre-3pg,0,1,2,0,14,14,contributor,3462,2198,58.71
rrr2rrr,0,1,2,0,14,14,contributor,3462,2198,58.71
ktmud,0,1,2,0,14,14,contributor,3462,2198,58.71
SaloniiSharmaa,0,1,2,0,14,14,contributor,3462,2198,58.71
otourzan,0,1,2,0,14,14,contributor,3462,2198,58.71
NaveenGokavarapu19,0,1,2,0,14,14,contributor,3462,2198,58.71
goodseeyou,0,1,2,0,14,14,contributor,3462,2198,58.71
tssahota,0,1,2,0,14,14,contributor,3462,2198,58.71
thsubramani,0,1,2,0,14,14,contributor,3462,2198,58.71
ttzhou,0,1,2,0,14,14,contributor,3462,2198,58.71
ShraddheyaS,0,1,2,0,14,14,contributor,3462,2198,58.71
pcolladosoto,0,1,2,0,14,14,contributor,3462,2198,58.71
dmoore247,0,1,2,0,14,14,contributor,3462,2198,58.71
vishnucoder1,0,1,2,0,14,14,contributor,3462,2198,58.71
gkirchou,0,1,2,0,14,14,contributor,3462,2198,58.71
pierceroberts,0,1,2,0,14,14,contributor,3462,2198,58.71
aamangeldi,0,1,2,0,14,14,contributor,3462,2198,58.71
vlazuka,0,1,2,0,14,14,contributor,3462,2198,58.71
resdevd,0,1,2,0,14,14,contributor,3462,2198,58.71
bhagany,0,1,2,0,14,14,contributor,3462,2198,58.71
cablespaghetti,0,1,2,0,14,14,contributor,3462,2198,58.71
varaprasadregani,0,1,2,0,14,14,contributor,3462,2198,58.71
11010cy,0,1,2,0,14,14,contributor,3462,2198,58.71
mckenzie-andrew,0,1,2,0,14,14,contributor,3462,2198,58.71
Nick-0723,0,1,2,0,14,14,contributor,3462,2198,58.71
MyLong,0,1,2,0,14,14,contributor,3462,2198,58.71
jeffery9876,0,1,2,0,14,14,contributor,3462,2198,58.71
tomasgatial,0,1,2,0,14,14,contributor,3462,2198,58.71
zigius,0,1,2,0,14,14,contributor,3462,2198,58.71
chapm250,0,1,2,0,14,14,contributor,3462,2198,58.71
carlinix,0,1,2,0,14,14,contributor,3462,2198,58.71
monroeclinton,0,1,2,0,14,14,contributor,3462,2198,58.71
MichaReiser,0,1,2,0,14,14,contributor,3462,2198,58.71
Ayushsunny,0,1,2,0,14,14,contributor,3462,2198,58.71
sarah-johnson,0,1,2,0,14,14,contributor,3462,2198,58.71
iamvvekverma,0,1,2,0,14,14,contributor,3462,2198,58.71
atsalolikhin-spokeo,0,1,2,0,14,14,contributor,3462,2198,58.71
basvandriel,0,1,2,0,14,14,contributor,3462,2198,58.71
1abdelhalim,0,1,2,0,14,14,contributor,3462,2198,58.71
kanetkarster,0,1,2,0,14,14,contributor,3462,2198,58.71
getChan,0,1,2,0,14,14,contributor,3462,2198,58.71
heeroyuy925,0,1,2,0,14,14,contributor,3462,2198,58.71
lennartkats-db,0,0,7,0,14,14,observer,3462,20,58.71
NiklasBeierl,0,1,2,0,14,14,contributor,3462,2198,58.71
cvaliente,0,1,2,0,14,14,contributor,3462,2198,58.71
Creative-Ataraxia,0,1,2,0,14,14,contributor,3462,2198,58.71
Stormhand,0,1,2,0,14,14,contributor,3462,2198,58.71
romanzdk,0,1,2,0,14,14,contributor,3462,2198,58.71
liuandy,0,1,2,0,14,14,contributor,3462,2198,58.71
Chris7,0,1,2,0,14,14,contributor,3462,2198,58.71
unknowntpo,0,1,2,0,14,14,contributor,3462,2198,58.71
christophlingg,0,1,2,0,14,14,contributor,3462,2198,58.71
gecko655,0,1,2,0,14,14,contributor,3462,2198,58.71
VelmiraPetkova,0,1,2,0,14,14,contributor,3462,2198,58.71
anikarni,0,1,2,0,14,14,contributor,3462,2198,58.71
hanifmusa96,0,1,2,0,14,14,contributor,3462,2198,58.71
dennysreg,0,1,2,0,14,14,contributor,3462,2198,58.71
cBrayton,0,1,2,0,14,14,contributor,3462,2198,58.71
ChloeSheasby,0,1,2,0,14,14,contributor,3462,2198,58.71
domantasjurkus,0,1,2,0,14,14,contributor,3462,2198,58.71
lssatvik,0,1,2,0,14,14,contributor,3462,2198,58.71
pvanliefland,0,1,2,0,14,14,contributor,3462,2198,58.71
billcrook,0,1,2,0,14,14,contributor,3462,2198,58.71
karunpoudel-chr,0,1,2,0,14,14,contributor,3462,2198,58.71
vamega,0,0,7,0,14,14,observer,3462,20,58.71
sinwoobang,0,1,2,0,14,14,contributor,3462,2198,58.71
davidpr91,0,1,2,0,14,14,contributor,3462,2198,58.71
cansjt,0,1,2,0,14,14,contributor,3462,2198,58.71
bradarndt,0,1,2,0,14,14,contributor,3462,2198,58.71
andreaslang,0,1,2,0,14,14,contributor,3462,2198,58.71
brki,0,1,2,0,14,14,contributor,3462,2198,58.71
nivaldoh,0,1,2,0,14,14,contributor,3462,2198,58.71
qwe-kev,0,1,2,0,14,14,contributor,3462,2198,58.71
spatocode,0,1,2,0,14,14,contributor,3462,2198,58.71
SledgeHammer01,0,1,2,0,14,14,contributor,3462,2198,58.71
kerlion,0,1,2,0,14,14,contributor,3462,2198,58.71
pasalkarsachin1,0,1,2,0,14,14,contributor,3462,2198,58.71
Walderman,0,1,2,0,14,14,contributor,3462,2198,58.71
calebwoofenden,0,1,2,0,14,14,contributor,3462,2198,58.71
aranjanthakur,0,1,2,0,14,14,contributor,3462,2198,58.71
Natalique,0,1,2,0,14,14,contributor,3462,2198,58.71
jacobmhoffman,0,1,2,0,14,14,contributor,3462,2198,58.71
nephtyws,0,1,1,0,12,12,contributor,3590,2320,56.79
gigatexal,0,1,1,0,12,12,contributor,3590,2320,56.79
HadarSha,0,1,1,0,12,12,contributor,3590,2320,56.79
kumare3,0,1,1,0,12,12,contributor,3590,2320,56.79
amindadgar,0,1,1,0,12,12,contributor,3590,2320,56.79
tpanza,0,1,1,0,12,12,contributor,3590,2320,56.79
razeghi71,0,1,1,0,12,12,contributor,3590,2320,56.79
samblackk,0,1,1,0,12,12,contributor,3590,2320,56.79
isatyamks,0,1,1,0,12,12,contributor,3590,2320,56.79
pratik-m,0,1,1,0,12,12,contributor,3590,2320,56.79
Frank-Kam,0,1,1,0,12,12,contributor,3590,2320,56.79
EmilyMazo,0,1,1,0,12,12,contributor,3590,2320,56.79
spencertollefson,0,1,1,0,12,12,contributor,3590,2320,56.79
hwooson12,0,1,1,0,12,12,contributor,3590,2320,56.79
scouvreur,0,1,1,0,12,12,contributor,3590,2320,56.79
martin-kokos,0,0,6,0,12,12,observer,3590,26,56.79
maiorBoltach,0,1,1,0,12,12,contributor,3590,2320,56.79
karthikkadajji,0,1,1,0,12,12,contributor,3590,2320,56.79
szpetyus,0,0,6,0,12,12,observer,3590,26,56.79
GraphtyLove,0,1,1,0,12,12,contributor,3590,2320,56.79
alexandear,0,1,1,0,12,12,contributor,3590,2320,56.79
cylabr,0,1,1,0,12,12,contributor,3590,2320,56.79
michotross257,0,1,1,0,12,12,contributor,3590,2320,56.79
macchiang,0,1,1,0,12,12,contributor,3590,2320,56.79
farrukh-t,0,1,1,0,12,12,contributor,3590,2320,56.79
alikhtag,0,1,1,0,12,12,contributor,3590,2320,56.79
kannon92,0,1,1,0,12,12,contributor,3590,2320,56.79
noamcohen97,0,1,1,0,12,12,contributor,3590,2320,56.79
grihabor,0,1,1,0,12,12,contributor,3590,2320,56.79
cswpy,0,1,1,0,12,12,contributor,3590,2320,56.79
joseph-max-coalfire,0,1,1,0,12,12,contributor,3590,2320,56.79
andrzejzysko,0,1,1,0,12,12,contributor,3590,2320,56.79
aksakalli,0,1,1,0,12,12,contributor,3590,2320,56.79
fbertsch,0,1,1,0,12,12,contributor,3590,2320,56.79
cchepelov,0,1,1,0,12,12,contributor,3590,2320,56.79
hx-markterry,0,1,1,0,12,12,contributor,3590,2320,56.79
simplylizz,0,1,1,0,12,12,contributor,3590,2320,56.79
RulerChen,0,1,1,0,12,12,contributor,3590,2320,56.79
acaire,0,1,1,0,12,12,contributor,3590,2320,56.79
daesung9511,0,1,1,0,12,12,contributor,3590,2320,56.79
mokshasoul,0,1,1,0,12,12,contributor,3590,2320,56.79
qzhang1,0,1,1,0,12,12,contributor,3590,2320,56.79
jh242,0,0,6,0,12,12,observer,3590,26,56.79
mdembiczak,0,1,1,0,12,12,contributor,3590,2320,56.79
ejk43,0,1,1,0,12,12,contributor,3590,2320,56.79
tadeha,0,1,1,0,12,12,contributor,3590,2320,56.79
tampal,0,1,1,0,12,12,contributor,3590,2320,56.79
avyuktsoni0731,0,1,1,0,12,12,contributor,3590,2320,56.79
erik-farmer,0,1,1,0,12,12,contributor,3590,2320,56.79
stefankeidel,0,1,1,0,12,12,contributor,3590,2320,56.79
dashanji,0,1,1,0,12,12,contributor,3590,2320,56.79
MaslikovEgor,0,1,1,0,12,12,contributor,3590,2320,56.79
harlequin,0,1,1,0,12,12,contributor,3590,2320,56.79
AkshatJoshi-18,0,1,1,0,12,12,contributor,3590,2320,56.79
Diogo-Costa,0,1,1,0,12,12,contributor,3590,2320,56.79
ccorleis,0,1,1,0,12,12,contributor,3590,2320,56.79
msimmoteit-neozo,0,1,1,0,12,12,contributor,3590,2320,56.79
samezapple,0,1,1,0,12,12,contributor,3590,2320,56.79
AmFlint,0,1,1,0,12,12,contributor,3590,2320,56.79
konpap94,0,1,1,0,12,12,contributor,3590,2320,56.79
miky-schreiber,0,1,1,0,12,12,contributor,3590,2320,56.79
akifcakir,0,1,1,0,12,12,contributor,3590,2320,56.79
khgouldy,0,1,1,0,12,12,contributor,3590,2320,56.79
mayankbatra123,0,1,1,0,12,12,contributor,3590,2320,56.79
koroder,0,1,1,0,12,12,contributor,3590,2320,56.79
Bucky789,0,1,1,0,12,12,contributor,3590,2320,56.79
zaimy,0,1,1,0,12,12,contributor,3590,2320,56.79
sshah90,0,1,1,0,12,12,contributor,3590,2320,56.79
sahebkanodia,0,1,1,0,12,12,contributor,3590,2320,56.79
hauntsaninja,0,1,1,0,12,12,contributor,3590,2320,56.79
Francesko90,0,1,1,0,12,12,contributor,3590,2320,56.79
flavio-assis,0,1,1,0,12,12,contributor,3590,2320,56.79
ruijiang-rjian,0,1,1,0,12,12,contributor,3590,2320,56.79
pdellarciprete,0,1,1,0,12,12,contributor,3590,2320,56.79
1109lun,0,1,1,0,12,12,contributor,3590,2320,56.79
takuti,0,1,1,0,12,12,contributor,3590,2320,56.79
Tcc0403,0,1,1,0,12,12,contributor,3590,2320,56.79
VietDucFCB,0,1,1,0,12,12,contributor,3590,2320,56.79
prakass1,0,0,6,0,12,12,observer,3590,26,56.79
1cadumagalhaes,0,1,1,0,12,12,contributor,3590,2320,56.79
tsugumi-sys,0,1,1,0,12,12,contributor,3590,2320,56.79
stromal,0,1,1,0,12,12,contributor,3590,2320,56.79
busunkim96,0,1,1,0,12,12,contributor,3590,2320,56.79
Illumaria,0,1,1,0,12,12,contributor,3590,2320,56.79
LeonGraveland,0,1,1,0,12,12,contributor,3590,2320,56.79
mathbou,0,1,1,0,12,12,contributor,3590,2320,56.79
MateuszKukiela,0,1,1,0,12,12,contributor,3590,2320,56.79
digvijay-y,0,1,1,0,12,12,contributor,3590,2320,56.79
KianYang-Lee,0,1,1,0,12,12,contributor,3590,2320,56.79
snazzyfox,0,1,1,0,12,12,contributor,3590,2320,56.79
fllaca,0,1,1,0,12,12,contributor,3590,2320,56.79
minnieshi,0,1,1,0,12,12,contributor,3590,2320,56.79
alexandraabbas,0,1,1,0,12,12,contributor,3590,2320,56.79
fuyi,0,1,1,0,12,12,contributor,3590,2320,56.79
mitcheccles,0,1,1,0,12,12,contributor,3590,2320,56.79
aaabramov,0,1,1,0,12,12,contributor,3590,2320,56.79
gmcatsf,0,1,1,0,12,12,contributor,3590,2320,56.79
thomas-vt,0,1,1,0,12,12,contributor,3590,2320,56.79
arpitrathore,0,1,1,0,12,12,contributor,3590,2320,56.79
orzZXY,0,1,1,0,12,12,contributor,3590,2320,56.79
narayave,0,1,1,0,12,12,contributor,3590,2320,56.79
anthonyp97,0,1,1,0,12,12,contributor,3590,2320,56.79
ziliangpeng,0,1,1,0,12,12,contributor,3590,2320,56.79
ZhaoMJ,0,1,1,0,12,12,contributor,3590,2320,56.79
jnturton,0,1,1,0,12,12,contributor,3590,2320,56.79
A-Costa,0,1,1,0,12,12,contributor,3590,2320,56.79
anjo0511,0,1,1,0,12,12,contributor,3590,2320,56.79
terekete,0,1,1,0,12,12,contributor,3590,2320,56.79
alephmelo,0,1,1,0,12,12,contributor,3590,2320,56.79
deepchand,0,1,1,0,12,12,contributor,3590,2320,56.79
cqzlxl,0,1,1,0,12,12,contributor,3590,2320,56.79
Mamiololo01,0,1,1,0,12,12,contributor,3590,2320,56.79
pavelgein,0,1,1,0,12,12,contributor,3590,2320,56.79
Jarvl,0,1,1,0,12,12,contributor,3590,2320,56.79
ealebed,0,1,1,0,12,12,contributor,3590,2320,56.79
awiede,0,1,1,0,12,12,contributor,3590,2320,56.79
nuclear0wl,0,1,1,0,12,12,contributor,3590,2320,56.79
KKIEEK,0,1,1,0,12,12,contributor,3590,2320,56.79
AstroSucheta,0,1,1,0,12,12,contributor,3590,2320,56.79
azharizz,0,1,1,0,12,12,contributor,3590,2320,56.79
ajinkya-xyz,0,1,1,0,12,12,contributor,3590,2320,56.79
moritzsanne,0,1,1,0,12,12,contributor,3590,2320,56.79
yquaziii,0,1,1,0,12,12,contributor,3590,2320,56.79
emredjan,0,1,1,0,12,12,contributor,3590,2320,56.79
anupalsupertramp,0,1,1,0,12,12,contributor,3590,2320,56.79
cherkavi,0,1,1,0,12,12,contributor,3590,2320,56.79
westonkl,0,1,1,0,12,12,contributor,3590,2320,56.79
BenGatewood,0,1,1,0,12,12,contributor,3590,2320,56.79
1yangsh,0,1,1,0,12,12,contributor,3590,2320,56.79
kenfinster,0,1,1,0,12,12,contributor,3590,2320,56.79
davidrabinowitz,0,1,1,0,12,12,contributor,3590,2320,56.79
VertexToEdge,0,1,1,0,12,12,contributor,3590,2320,56.79
gfeldman,0,1,1,0,12,12,contributor,3590,2320,56.79
AratiNagmal,0,1,1,0,12,12,contributor,3590,2320,56.79
kriti-sc,0,1,1,0,12,12,contributor,3590,2320,56.79
LiamOrmiston,0,1,1,0,12,12,contributor,3590,2320,56.79
ocean-zhc,0,1,1,0,12,12,contributor,3590,2320,56.79
yeswanth-s1th,0,1,1,0,12,12,contributor,3590,2320,56.79
vlasvlasvlas,0,1,1,0,12,12,contributor,3590,2320,56.79
nitinmahawadiwar,0,1,1,0,12,12,contributor,3590,2320,56.79
goncalorazevedo,0,1,1,0,12,12,contributor,3590,2320,56.79
alexzlue,0,1,1,0,12,12,contributor,3590,2320,56.79
sonmezonur,0,1,1,0,12,12,contributor,3590,2320,56.79
eliskovets,0,1,1,0,12,12,contributor,3590,2320,56.79
gdavoian,0,1,1,0,12,12,contributor,3590,2320,56.79
aairey,0,1,1,0,12,12,contributor,3590,2320,56.79
zmievsa,0,0,6,0,12,12,observer,3590,26,56.79
charliermarsh,0,1,1,0,12,12,contributor,3590,2320,56.79
idrisakorede,0,1,1,0,12,12,contributor,3590,2320,56.79
SimonOsipov,0,1,1,0,12,12,contributor,3590,2320,56.79
emincanoguz11,0,1,1,0,12,12,contributor,3590,2320,56.79
anthonyjgraff,0,1,1,0,12,12,contributor,3590,2320,56.79
ottomata,0,1,1,0,12,12,contributor,3590,2320,56.79
lattwood,0,1,1,0,12,12,contributor,3590,2320,56.79
kdsjZh,0,1,1,0,12,12,contributor,3590,2320,56.79
auyer,0,1,1,0,12,12,contributor,3590,2320,56.79
ssilb4,0,1,1,0,12,12,contributor,3590,2320,56.79
RagingPuppies,0,1,1,0,12,12,contributor,3590,2320,56.79
rafagsiqueira,0,1,1,0,12,12,contributor,3590,2320,56.79
astleychen,0,1,1,0,12,12,contributor,3590,2320,56.79
hectormirete,0,1,1,0,12,12,contributor,3590,2320,56.79
guoshiqi0830,0,1,1,0,12,12,contributor,3590,2320,56.79
AkhilaNenavath123,0,1,1,0,12,12,contributor,3590,2320,56.79
krikera,0,1,1,0,12,12,contributor,3590,2320,56.79
HARDIK-WEB-OSS,0,1,1,0,12,12,contributor,3590,2320,56.79
GleytonLima,0,1,1,0,12,12,contributor,3590,2320,56.79
ashwaq06,0,1,1,0,12,12,contributor,3590,2320,56.79
WSHoekstra,0,1,1,0,12,12,contributor,3590,2320,56.79
manesioz,0,1,1,0,12,12,contributor,3590,2320,56.79
richa-sawant,0,1,1,0,12,12,contributor,3590,2320,56.79
ananich,0,1,1,0,12,12,contributor,3590,2320,56.79
AbhiPrasad,0,1,1,0,12,12,contributor,3590,2320,56.79
mtraynham,0,1,1,0,12,12,contributor,3590,2320,56.79
fzylogic,0,1,1,0,12,12,contributor,3590,2320,56.79
gpadavala,0,1,1,0,12,12,contributor,3590,2320,56.79
mrohith3693,0,1,1,0,12,12,contributor,3590,2320,56.79
mattsax,0,1,1,0,12,12,contributor,3590,2320,56.79
BharathPESU,0,1,1,0,12,12,contributor,3590,2320,56.79
VincentChantreau,0,1,1,0,12,12,contributor,3590,2320,56.79
vagetablechicken,0,1,1,0,12,12,contributor,3590,2320,56.79
marcel-martinelli,0,1,1,0,12,12,contributor,3590,2320,56.79
andersbogsnes,0,1,1,0,12,12,contributor,3590,2320,56.79
Fahad-Alam-Jamal,0,1,1,0,12,12,contributor,3590,2320,56.79
s21lee,0,1,1,0,12,12,contributor,3590,2320,56.79
eladi99,0,1,1,0,12,12,contributor,3590,2320,56.79
havocbane,0,1,1,0,12,12,contributor,3590,2320,56.79
joebeeson,0,1,1,0,12,12,contributor,3590,2320,56.79
hredestig,0,0,6,0,12,12,observer,3590,26,56.79
confusedpublic,0,1,1,0,12,12,contributor,3590,2320,56.79
Zoynels,0,1,1,0,12,12,contributor,3590,2320,56.79
zashchitnik-kuka-1,0,1,1,0,12,12,contributor,3590,2320,56.79
rmidhun23,0,1,1,0,12,12,contributor,3590,2320,56.79
aboronnikov,0,1,1,0,12,12,contributor,3590,2320,56.79
andres-lowrie,0,1,1,0,12,12,contributor,3590,2320,56.79
sanjurm16,0,1,1,0,12,12,contributor,3590,2320,56.79
HerrB92,0,1,1,0,12,12,contributor,3590,2320,56.79
basjacobs93,0,1,1,0,12,12,contributor,3590,2320,56.79
kajanajustin,0,1,1,0,12,12,contributor,3590,2320,56.79
mivho,0,1,1,0,12,12,contributor,3590,2320,56.79
pranjalmittal,0,1,1,0,12,12,contributor,3590,2320,56.79
clay-porter,0,1,0,0,10,10,contributor,3790,2514,40.02
sarankrishna,0,1,0,0,10,10,contributor,3790,2514,40.02
waiyan1612,0,1,0,0,10,10,contributor,3790,2514,40.02
ivarec,0,1,0,0,10,10,contributor,3790,2514,40.02
MSchutt,0,1,0,0,10,10,contributor,3790,2514,40.02
tiberio-baptista,0,1,0,0,10,10,contributor,3790,2514,40.02
martinibach,0,1,0,0,10,10,contributor,3790,2514,40.02
akbarnotopb,0,1,0,0,10,10,contributor,3790,2514,40.02
KH-Coder865,0,1,0,0,10,10,contributor,3790,2514,40.02
Remmertmuller,0,1,0,0,10,10,contributor,3790,2514,40.02
fahran,0,1,0,0,10,10,contributor,3790,2514,40.02
steven-freed,0,1,0,0,10,10,contributor,3790,2514,40.02
marcjimz,0,1,0,0,10,10,contributor,3790,2514,40.02
glostis,0,1,0,0,10,10,contributor,3790,2514,40.02
mapengbo,0,1,0,0,10,10,contributor,3790,2514,40.02
chenjialin,0,1,0,0,10,10,contributor,3790,2514,40.02
SaremS,0,1,0,0,10,10,contributor,3790,2514,40.02
Kris,2,0,0,0,10,10,contributor,3790,2514,40.02
bearomorphism,0,1,0,0,10,10,contributor,3790,2514,40.02
Pandycool,2,0,0,0,10,10,contributor,3790,2514,40.02
Alexey Sanko,2,0,0,0,10,10,contributor,3790,2514,40.02
dylan-turnbull,0,1,0,0,10,10,contributor,3790,2514,40.02
mrbungie,0,1,0,0,10,10,contributor,3790,2514,40.02
sinemetu1,0,1,0,0,10,10,contributor,3790,2514,40.02
wongsl,0,1,0,0,10,10,contributor,3790,2514,40.02
Doncode,0,1,0,0,10,10,contributor,3790,2514,40.02
Keerthi421,0,1,0,0,10,10,contributor,3790,2514,40.02
adobe-ddavidso,0,1,0,0,10,10,contributor,3790,2514,40.02
waleedsamy,0,1,0,0,10,10,contributor,3790,2514,40.02
Abdul Nimeri,2,0,0,0,10,10,contributor,3790,2514,40.02
skylarbpayne,0,1,0,0,10,10,contributor,3790,2514,40.02
cnauroth,0,1,0,0,10,10,contributor,3790,2514,40.02
evanmiller,0,1,0,0,10,10,contributor,3790,2514,40.02
bastienmenis,0,1,0,0,10,10,contributor,3790,2514,40.02
Gurram Sai Ganesh,2,0,0,0,10,10,contributor,3790,2514,40.02
huang06,0,1,0,0,10,10,contributor,3790,2514,40.02
YardenRonKenshoo,0,1,0,0,10,10,contributor,3790,2514,40.02
yathit,0,1,0,0,10,10,contributor,3790,2514,40.02
Throne3d,0,1,0,0,10,10,contributor,3790,2514,40.02
youming1970,0,1,0,0,10,10,contributor,3790,2514,40.02
andrei-l,0,1,0,0,10,10,contributor,3790,2514,40.02
john-a-m,0,1,0,0,10,10,contributor,3790,2514,40.02
praveev,0,1,0,0,10,10,contributor,3790,2514,40.02
odavid,0,1,0,0,10,10,contributor,3790,2514,40.02
seregasheypak,0,1,0,0,10,10,contributor,3790,2514,40.02
edeNFed,0,1,0,0,10,10,contributor,3790,2514,40.02
candu,0,1,0,0,10,10,contributor,3790,2514,40.02
Alice Berard,2,0,0,0,10,10,contributor,3790,2514,40.02
nanco2sensei,2,0,0,0,10,10,contributor,3790,2514,40.02
alanwu4321,0,1,0,0,10,10,contributor,3790,2514,40.02
adamantnz,0,1,0,0,10,10,contributor,3790,2514,40.02
vignanv,0,1,0,0,10,10,contributor,3790,2514,40.02
Amogha-ark,0,1,0,0,10,10,contributor,3790,2514,40.02
CincyBC,0,1,0,0,10,10,contributor,3790,2514,40.02
Ivan Santos,2,0,0,0,10,10,contributor,3790,2514,40.02
Maico Timmerman,2,0,0,0,10,10,contributor,3790,2514,40.02
squingo44,0,1,0,0,10,10,contributor,3790,2514,40.02
Raj,2,0,0,0,10,10,contributor,3790,2514,40.02
dm-tran,0,1,0,0,10,10,contributor,3790,2514,40.02
abitrolly,0,1,0,0,10,10,contributor,3790,2514,40.02
Giuzzilla,0,1,0,0,10,10,contributor,3790,2514,40.02
meysam81,0,1,0,0,10,10,contributor,3790,2514,40.02
adamwhitneysoftwire,0,1,0,0,10,10,contributor,3790,2514,40.02
artur-v-zaripov,0,1,0,0,10,10,contributor,3790,2514,40.02
heavelock,0,1,0,0,10,10,contributor,3790,2514,40.02
q121212,0,1,0,0,10,10,contributor,3790,2514,40.02
ebenoist,0,1,0,0,10,10,contributor,3790,2514,40.02
ssatia,0,1,0,0,10,10,contributor,3790,2514,40.02
Pradeep Kalluri,2,0,0,0,10,10,contributor,3790,2514,40.02
gbenison,0,1,0,0,10,10,contributor,3790,2514,40.02
ibigquant,0,1,0,0,10,10,contributor,3790,2514,40.02
nickmyatt,0,1,0,0,10,10,contributor,3790,2514,40.02
impangt,0,1,0,0,10,10,contributor,3790,2514,40.02
Derrreks,0,1,0,0,10,10,contributor,3790,2514,40.02
adh-wonolo,0,1,0,0,10,10,contributor,3790,2514,40.02
riastrad,0,1,0,0,10,10,contributor,3790,2514,40.02
conradlee,0,1,0,0,10,10,contributor,3790,2514,40.02
tuanhm2911,0,1,0,0,10,10,contributor,3790,2514,40.02
Dharamkumar Gajera,2,0,0,0,10,10,contributor,3790,2514,40.02
rozza,0,1,0,0,10,10,contributor,3790,2514,40.02
qleroy,0,1,0,0,10,10,contributor,3790,2514,40.02
WilliamQLiu,0,1,0,0,10,10,contributor,3790,2514,40.02
AgnesNM,0,1,0,0,10,10,contributor,3790,2514,40.02
natsumehu,0,1,0,0,10,10,contributor,3790,2514,40.02
vladimirbinshtok,0,1,0,0,10,10,contributor,3790,2514,40.02
benjigoldberg,0,1,0,0,10,10,contributor,3790,2514,40.02
luistm,0,1,0,0,10,10,contributor,3790,2514,40.02
ranjanmanish,0,1,0,0,10,10,contributor,3790,2514,40.02
ksolan,0,1,0,0,10,10,contributor,3790,2514,40.02
bonniewhy,0,1,0,0,10,10,contributor,3790,2514,40.02
martinzlocha,0,1,0,0,10,10,contributor,3790,2514,40.02
iroddis,0,1,0,0,10,10,contributor,3790,2514,40.02
stankud,0,1,0,0,10,10,contributor,3790,2514,40.02
utieyin,0,1,0,0,10,10,contributor,3790,2514,40.02
tommalt,0,1,0,0,10,10,contributor,3790,2514,40.02
rguillome,0,1,0,0,10,10,contributor,3790,2514,40.02
sicarul,0,1,0,0,10,10,contributor,3790,2514,40.02
gitstart,0,1,0,0,10,10,contributor,3790,2514,40.02
danassa,0,1,0,0,10,10,contributor,3790,2514,40.02
saikatharryc,0,1,0,0,10,10,contributor,3790,2514,40.02
wdoug,0,1,0,0,10,10,contributor,3790,2514,40.02
HansBambel,0,1,0,0,10,10,contributor,3790,2514,40.02
Hiroki-Engineer,0,1,0,0,10,10,contributor,3790,2514,40.02
jason-z-hang,0,1,0,0,10,10,contributor,3790,2514,40.02
joshuaghezzi,0,1,0,0,10,10,contributor,3790,2514,40.02
Pverheijen,0,1,0,0,10,10,contributor,3790,2514,40.02
mathieumontgomery,0,1,0,0,10,10,contributor,3790,2514,40.02
m-rossi,0,1,0,0,10,10,contributor,3790,2514,40.02
standyro,0,1,0,0,10,10,contributor,3790,2514,40.02
MarcusSorealheis,0,1,0,0,10,10,contributor,3790,2514,40.02
brantlee,0,1,0,0,10,10,contributor,3790,2514,40.02
Mike,2,0,0,0,10,10,contributor,3790,2514,40.02
Igor Dralyuk,2,0,0,0,10,10,contributor,3790,2514,40.02
aaronmyatt,0,1,0,0,10,10,contributor,3790,2514,40.02
keyurusdadiya,0,1,0,0,10,10,contributor,3790,2514,40.02
W. Scott Gromme,2,0,0,0,10,10,contributor,3790,2514,40.02
blaa,0,1,0,0,10,10,contributor,3790,2514,40.02
mikemole,0,1,0,0,10,10,contributor,3790,2514,40.02
SalikramPaudel,0,1,0,0,10,10,contributor,3790,2514,40.02
federicsp,0,1,0,0,10,10,contributor,3790,2514,40.02
jdistler,0,1,0,0,10,10,contributor,3790,2514,40.02
TomAugspurger,0,1,0,0,10,10,contributor,3790,2514,40.02
bertiewooster,0,1,0,0,10,10,contributor,3790,2514,40.02
Chris Hronek,2,0,0,0,10,10,contributor,3790,2514,40.02
MSempere,2,0,0,0,10,10,contributor,3790,2514,40.02
delijati,0,1,0,0,10,10,contributor,3790,2514,40.02
Đỗ Trọng Hải,2,0,0,0,10,10,contributor,3790,2514,40.02
ChaotX,0,1,0,0,10,10,contributor,3790,2514,40.02
villoro,0,1,0,0,10,10,contributor,3790,2514,40.02
imsut,0,1,0,0,10,10,contributor,3790,2514,40.02
Jason Wu,2,0,0,0,10,10,contributor,3790,2514,40.02
ksh24865,0,1,0,0,10,10,contributor,3790,2514,40.02
Stefan Blumentrath,2,0,0,0,10,10,contributor,3790,2514,40.02
nandoquintana,0,1,0,0,10,10,contributor,3790,2514,40.02
yanfangli,2,0,0,0,10,10,contributor,3790,2514,40.02
rgangopadhya,0,1,0,0,10,10,contributor,3790,2514,40.02
nurikk,0,1,0,0,10,10,contributor,3790,2514,40.02
macdub,0,1,0,0,10,10,contributor,3790,2514,40.02
xales,0,1,0,0,10,10,contributor,3790,2514,40.02
NarekA,0,1,0,0,10,10,contributor,3790,2514,40.02
christopheralcock,0,1,0,0,10,10,contributor,3790,2514,40.02
Jakub Novák,2,0,0,0,10,10,contributor,3790,2514,40.02
Shahbaz Aamir,2,0,0,0,10,10,contributor,3790,2514,40.02
dkinzer,0,1,0,0,10,10,contributor,3790,2514,40.02
carterjfulcher,0,1,0,0,10,10,contributor,3790,2514,40.02
Dark-Knight11,0,1,0,0,10,10,contributor,3790,2514,40.02
ryan-williams,0,1,0,0,10,10,contributor,3790,2514,40.02
Jianxuan-Li,0,1,0,0,10,10,contributor,3790,2514,40.02
uesenthi,0,1,0,0,10,10,contributor,3790,2514,40.02
Yuan Chuan Kee,2,0,0,0,10,10,contributor,3790,2514,40.02
omer-ginosar,0,1,0,0,10,10,contributor,3790,2514,40.02
jwi078,0,1,0,0,10,10,contributor,3790,2514,40.02
Nagalenoj,0,1,0,0,10,10,contributor,3790,2514,40.02
nabuskey,0,1,0,0,10,10,contributor,3790,2514,40.02
calefpaz99-design,0,1,0,0,10,10,contributor,3790,2514,40.02
Wang Ran (汪然),2,0,0,0,10,10,contributor,3790,2514,40.02
poupounetjoyeux,0,1,0,0,10,10,contributor,3790,2514,40.02
aditya-sheth-quizizz,0,1,0,0,10,10,contributor,3790,2514,40.02
sohaibqureshii,0,1,0,0,10,10,contributor,3790,2514,40.02
Jianzhun Du,2,0,0,0,10,10,contributor,3790,2514,40.02
Salem Albarudy,2,0,0,0,10,10,contributor,3790,2514,40.02
jckinjo,0,1,0,0,10,10,contributor,3790,2514,40.02
Harisonm,0,1,0,0,10,10,contributor,3790,2514,40.02
Filippo Alimonda,2,0,0,0,10,10,contributor,3790,2514,40.02
EvgenyNik,0,1,0,0,10,10,contributor,3790,2514,40.02
Tom Ross,2,0,0,0,10,10,contributor,3790,2514,40.02
rajatsri28,0,1,0,0,10,10,contributor,3790,2514,40.02
awbush,0,1,0,0,10,10,contributor,3790,2514,40.02
josephangbc,0,1,0,0,10,10,contributor,3790,2514,40.02
pbjc,0,1,0,0,10,10,contributor,3790,2514,40.02
rsecob,0,1,0,0,10,10,contributor,3790,2514,40.02
apekshithr,0,1,0,0,10,10,contributor,3790,2514,40.02
kremogen,0,1,0,0,10,10,contributor,3790,2514,40.02
davidnateberg,0,1,0,0,10,10,contributor,3790,2514,40.02
Bierbarbar,0,1,0,0,10,10,contributor,3790,2514,40.02
yanivsin,0,1,0,0,10,10,contributor,3790,2514,40.02
Luyang Liu,2,0,0,0,10,10,contributor,3790,2514,40.02
sganz,0,1,0,0,10,10,contributor,3790,2514,40.02
Alex Tonkonozhenko,2,0,0,0,10,10,contributor,3790,2514,40.02
kzmain,0,1,0,0,10,10,contributor,3790,2514,40.02
Đặng Minh Dũng,2,0,0,0,10,10,contributor,3790,2514,40.02
saurabhwahile,0,1,0,0,10,10,contributor,3790,2514,40.02
slvwolf,0,1,0,0,10,10,contributor,3790,2514,40.02
sbaltus,0,1,0,0,10,10,contributor,3790,2514,40.02
LostBenjamin,0,1,0,0,10,10,contributor,3790,2514,40.02
Paulius,2,0,0,0,10,10,contributor,3790,2514,40.02
kevinjmullen,0,1,0,0,10,10,contributor,3790,2514,40.02
allanjsx,0,1,0,0,10,10,contributor,3790,2514,40.02
saschwartz,0,1,0,0,10,10,contributor,3790,2514,40.02
Oliver Wannenwetsch,2,0,0,0,10,10,contributor,3790,2514,40.02
longslvr,0,1,0,0,10,10,contributor,3790,2514,40.02
jshvrsn,0,1,0,0,10,10,contributor,3790,2514,40.02
ReptilianBrain,0,1,0,0,10,10,contributor,3790,2514,40.02
Cyril Shcherbin,2,0,0,0,10,10,contributor,3790,2514,40.02
TomatoEgg,0,1,0,0,10,10,contributor,3790,2514,40.02
fj-sanchez,0,1,0,0,10,10,contributor,3790,2514,40.02
kashifkhan,0,1,0,0,10,10,contributor,3790,2514,40.02
fbenevides,0,1,0,0,10,10,contributor,3790,2514,40.02
skogsbaeck,0,1,0,0,10,10,contributor,3790,2514,40.02
loicbenoit,0,1,0,0,10,10,contributor,3790,2514,40.02
rlkelly,0,1,0,0,10,10,contributor,3790,2514,40.02
ocical,0,1,0,0,10,10,contributor,3790,2514,40.02
sdaberdaku,0,1,0,0,10,10,contributor,3790,2514,40.02
Lutz Ostkamp,2,0,0,0,10,10,contributor,3790,2514,40.02
JohannesJungbluth,0,1,0,0,10,10,contributor,3790,2514,40.02
dykderrick,0,1,0,0,10,10,contributor,3790,2514,40.02
jinnovation,0,1,0,0,10,10,contributor,3790,2514,40.02
Riccardo Bini,2,0,0,0,10,10,contributor,3790,2514,40.02
Dalei Li,2,0,0,0,10,10,contributor,3790,2514,40.02
Jonathan Stacks,2,0,0,0,10,10,contributor,3790,2514,40.02
Nick Hughes,2,0,0,0,10,10,contributor,3790,2514,40.02
mr1holmes,0,1,0,0,10,10,contributor,3790,2514,40.02
SML0127,0,1,0,0,10,10,contributor,3790,2514,40.02
sezeerz,0,1,0,0,10,10,contributor,3790,2514,40.02
sellist,0,1,0,0,10,10,contributor,3790,2514,40.02
jgogstad,0,1,0,0,10,10,contributor,3790,2514,40.02
wjo1212,0,1,0,0,10,10,contributor,3790,2514,40.02
vvondra,0,1,0,0,10,10,contributor,3790,2514,40.02
jamescnowell,0,1,0,0,10,10,contributor,3790,2514,40.02
ignitz,0,1,0,0,10,10,contributor,3790,2514,40.02
Emma,2,0,0,0,10,10,contributor,3790,2514,40.02
SolbiatiAlessandro,0,1,0,0,10,10,contributor,3790,2514,40.02
rwitzel,0,1,0,0,10,10,contributor,3790,2514,40.02
kolban-google,0,1,0,0,10,10,contributor,3790,2514,40.02
Zhou Fang,2,0,0,0,10,10,contributor,3790,2514,40.02
vgupta3,0,1,0,0,10,10,contributor,3790,2514,40.02
cubranic,0,1,0,0,10,10,contributor,3790,2514,40.02
vazhuk,0,1,0,0,10,10,contributor,3790,2514,40.02
Jonny Fuller,2,0,0,0,10,10,contributor,3790,2514,40.02
lendle,0,1,0,0,10,10,contributor,3790,2514,40.02
AndreiDev,0,1,0,0,10,10,contributor,3790,2514,40.02
pablo-moreno-mancebo,0,1,0,0,10,10,contributor,3790,2514,40.02
JacobHayes,0,1,0,0,10,10,contributor,3790,2514,40.02
gnthibault,0,1,0,0,10,10,contributor,3790,2514,40.02
neuralgremlin,0,1,0,0,10,10,contributor,3790,2514,40.02
dim-ops,0,1,0,0,10,10,contributor,3790,2514,40.02
lucasfusinato,0,1,0,0,10,10,contributor,3790,2514,40.02
ravimakhijapi,0,1,0,0,10,10,contributor,3790,2514,40.02
Guy Driesen,2,0,0,0,10,10,contributor,3790,2514,40.02
gyandeeps,0,1,0,0,10,10,contributor,3790,2514,40.02
rocketbitz,0,1,0,0,10,10,contributor,3790,2514,40.02
Oleksii Davydenko,2,0,0,0,10,10,contributor,3790,2514,40.02
chinmay-vulcan,0,1,0,0,10,10,contributor,3790,2514,40.02
prabeesh,0,1,0,0,10,10,contributor,3790,2514,40.02
HarryWu99,0,1,0,0,10,10,contributor,3790,2514,40.02
StevenReitsma,0,1,0,0,10,10,contributor,3790,2514,40.02
belidzs,0,1,0,0,10,10,contributor,3790,2514,40.02
ChristianDavis,0,1,0,0,10,10,contributor,3790,2514,40.02
xissy,0,1,0,0,10,10,contributor,3790,2514,40.02
Kyle Nathan Naranjo,2,0,0,0,10,10,contributor,3790,2514,40.02
Ben Mares,2,0,0,0,10,10,contributor,3790,2514,40.02
fabien-sarcel,0,1,0,0,10,10,contributor,3790,2514,40.02
ppenelon,0,1,0,0,10,10,contributor,3790,2514,40.02
mebelousov,0,1,0,0,10,10,contributor,3790,2514,40.02
lsimoneau,0,1,0,0,10,10,contributor,3790,2514,40.02
mpunch1,0,1,0,0,10,10,contributor,3790,2514,40.02
float34,0,1,0,0,10,10,contributor,3790,2514,40.02
ZhukovAlexander,0,1,0,0,10,10,contributor,3790,2514,40.02
Jack-R-lantern,0,1,0,0,10,10,contributor,3790,2514,40.02
m-racine,0,1,0,0,10,10,contributor,3790,2514,40.02
Nathan Rousseau,2,0,0,0,10,10,contributor,3790,2514,40.02
yaswanthrajyadiki,0,1,0,0,10,10,contributor,3790,2514,40.02
ArjunSharda,0,1,0,0,10,10,contributor,3790,2514,40.02
asherkhb,0,1,0,0,10,10,contributor,3790,2514,40.02
antoinetavant,0,1,0,0,10,10,contributor,3790,2514,40.02
joeycumines-scw,0,1,0,0,10,10,contributor,3790,2514,40.02
brunokloss,0,1,0,0,10,10,contributor,3790,2514,40.02
Ajay Yadava,2,0,0,0,10,10,contributor,3790,2514,40.02
shyam-cb,0,1,0,0,10,10,contributor,3790,2514,40.02
EamonKeane,0,1,0,0,10,10,contributor,3790,2514,40.02
samc1213,0,1,0,0,10,10,contributor,3790,2514,40.02
stevencasey,0,1,0,0,10,10,contributor,3790,2514,40.02
erssebaggala,0,1,0,0,10,10,contributor,3790,2514,40.02
jharriman,0,1,0,0,10,10,contributor,3790,2514,40.02
mhue,0,1,0,0,10,10,contributor,3790,2514,40.02
Jayyadav1903,0,1,0,0,10,10,contributor,3790,2514,40.02
DilanJT,0,1,0,0,10,10,contributor,3790,2514,40.02
KailashSatkuri-warangal,0,1,0,0,10,10,contributor,3790,2514,40.02
kalyanaramansanthanam,0,1,0,0,10,10,contributor,3790,2514,40.02
tromika,0,1,0,0,10,10,contributor,3790,2514,40.02
Ján Koščo,2,0,0,0,10,10,contributor,3790,2514,40.02
Dax Mahoney,2,0,0,0,10,10,contributor,3790,2514,40.02
c-nuro,0,1,0,0,10,10,contributor,3790,2514,40.02
OscarCarPu,0,1,0,0,10,10,contributor,3790,2514,40.02
suzil,0,1,0,0,10,10,contributor,3790,2514,40.02
torkjel,0,1,0,0,10,10,contributor,3790,2514,40.02
klickagent,0,1,0,0,10,10,contributor,3790,2514,40.02
dcecchini,0,1,0,0,10,10,contributor,3790,2514,40.02
willyyang,0,1,0,0,10,10,contributor,3790,2514,40.02
Dan Vaughan,2,0,0,0,10,10,contributor,3790,2514,40.02
sheinbergon,0,1,0,0,10,10,contributor,3790,2514,40.02
fedorkobak,0,1,0,0,10,10,contributor,3790,2514,40.02
felipefb,0,1,0,0,10,10,contributor,3790,2514,40.02
robertvolkmann,0,1,0,0,10,10,contributor,3790,2514,40.02
kimvanwyk,0,1,0,0,10,10,contributor,3790,2514,40.02
hamedsh,0,1,0,0,10,10,contributor,3790,2514,40.02
lmaczulajtys,0,1,0,0,10,10,contributor,3790,2514,40.02
boiler,0,1,0,0,10,10,contributor,3790,2514,40.02
rivolity,0,1,0,0,10,10,contributor,3790,2514,40.02
ggeorgiadis,0,1,0,0,10,10,contributor,3790,2514,40.02
Starefossen,0,1,0,0,10,10,contributor,3790,2514,40.02
janfrederik,0,1,0,0,10,10,contributor,3790,2514,40.02
akompos,0,1,0,0,10,10,contributor,3790,2514,40.02
higumachan,0,1,0,0,10,10,contributor,3790,2514,40.02
bharatnc,0,1,0,0,10,10,contributor,3790,2514,40.02
cameres,0,1,0,0,10,10,contributor,3790,2514,40.02
Rishi Kulkarni,2,0,0,0,10,10,contributor,3790,2514,40.02
grotos,0,1,0,0,10,10,contributor,3790,2514,40.02
Codingaditya17,0,1,0,0,10,10,contributor,3790,2514,40.02
patchandpray,0,1,0,0,10,10,contributor,3790,2514,40.02
gyamxxx,0,1,0,0,10,10,contributor,3790,2514,40.02
AndreasAlbertQC,0,1,0,0,10,10,contributor,3790,2514,40.02
brennerpablo,0,1,0,0,10,10,contributor,3790,2514,40.02
packbase,0,1,0,0,10,10,contributor,3790,2514,40.02
nzdable,0,1,0,0,10,10,contributor,3790,2514,40.02
marchenko1985,0,1,0,0,10,10,contributor,3790,2514,40.02
venufix,0,1,0,0,10,10,contributor,3790,2514,40.02
vianhazman,0,1,0,0,10,10,contributor,3790,2514,40.02
Padarn,0,1,0,0,10,10,contributor,3790,2514,40.02
duynguyenhoang,0,1,0,0,10,10,contributor,3790,2514,40.02
dennisobrien,0,1,0,0,10,10,contributor,3790,2514,40.02
victorddiniz,0,1,0,0,10,10,contributor,3790,2514,40.02
haoch,0,1,0,0,10,10,contributor,3790,2514,40.02
spdeshpande,0,1,0,0,10,10,contributor,3790,2514,40.02
manugarri,0,1,0,0,10,10,contributor,3790,2514,40.02
schosterbarak,0,1,0,0,10,10,contributor,3790,2514,40.02
dmelchor-stripe,0,1,0,0,10,10,contributor,3790,2514,40.02
mahdi alizade,2,0,0,0,10,10,contributor,3790,2514,40.02
Ian Suvak,2,0,0,0,10,10,contributor,3790,2514,40.02
CastielWong,0,1,0,0,10,10,contributor,3790,2514,40.02
kaydee-edb,0,1,0,0,10,10,contributor,3790,2514,40.02
Dan Aronson,2,0,0,0,10,10,contributor,3790,2514,40.02
emartgu,0,1,0,0,10,10,contributor,3790,2514,40.02
codebuff,0,1,0,0,10,10,contributor,3790,2514,40.02
tmccartan,0,1,0,0,10,10,contributor,3790,2514,40.02
debek,0,1,0,0,10,10,contributor,3790,2514,40.02
wesolowskim,0,1,0,0,10,10,contributor,3790,2514,40.02
jacobeturpin,0,1,0,0,10,10,contributor,3790,2514,40.02
wherrmann,0,1,0,0,10,10,contributor,3790,2514,40.02
gitter-badger,0,1,0,0,10,10,contributor,3790,2514,40.02
Kiretori,0,1,0,0,10,10,contributor,3790,2514,40.02
harikaduyu,0,1,0,0,10,10,contributor,3790,2514,40.02
Tanguy,2,0,0,0,10,10,contributor,3790,2514,40.02
mikeghen,0,1,0,0,10,10,contributor,3790,2514,40.02
RefiPeretz,0,1,0,0,10,10,contributor,3790,2514,40.02
Gwak Beomgyu,2,0,0,0,10,10,contributor,3790,2514,40.02
shmanu017,0,1,0,0,10,10,contributor,3790,2514,40.02
himank,0,1,0,0,10,10,contributor,3790,2514,40.02
Adan Rosales,2,0,0,0,10,10,contributor,3790,2514,40.02
Tomasz Bartczak,2,0,0,0,10,10,contributor,3790,2514,40.02
vincelevey,0,1,0,0,10,10,contributor,3790,2514,40.02
Jason Jho,2,0,0,0,10,10,contributor,3790,2514,40.02
felipetancredo,0,1,0,0,10,10,contributor,3790,2514,40.02
SBurwash,0,1,0,0,10,10,contributor,3790,2514,40.02
thomasruiz,0,1,0,0,10,10,contributor,3790,2514,40.02
cploonker,0,1,0,0,10,10,contributor,3790,2514,40.02
Mário Hunka,2,0,0,0,10,10,contributor,3790,2514,40.02
gunziptarball,0,1,0,0,10,10,contributor,3790,2514,40.02
alexisrosuel,0,1,0,0,10,10,contributor,3790,2514,40.02
mkravtsov-fetchrewards,0,1,0,0,10,10,contributor,3790,2514,40.02
hweecat,0,1,0,0,10,10,contributor,3790,2514,40.02
konqui0,0,1,0,0,10,10,contributor,3790,2514,40.02
darrenmk,0,1,0,0,10,10,contributor,3790,2514,40.02
WilliamTun,0,1,0,0,10,10,contributor,3790,2514,40.02
yangmingfu404,0,1,0,0,10,10,contributor,3790,2514,40.02
Anay Nayak,2,0,0,0,10,10,contributor,3790,2514,40.02
Habibullah Oladepo,2,0,0,0,10,10,contributor,3790,2514,40.02
maycuatroi1,0,1,0,0,10,10,contributor,3790,2514,40.02
mohiuddin-khan-shiam,0,1,0,0,10,10,contributor,3790,2514,40.02
fkabs,0,1,0,0,10,10,contributor,3790,2514,40.02
dcox,0,1,0,0,10,10,contributor,3790,2514,40.02
CaselIT,0,1,0,0,10,10,contributor,3790,2514,40.02
Jonathan Stott,2,0,0,0,10,10,contributor,3790,2514,40.02
Tomás Farías Santana,2,0,0,0,10,10,contributor,3790,2514,40.02
CaptnSalazar,0,1,0,0,10,10,contributor,3790,2514,40.02
Waldo92,0,1,0,0,10,10,contributor,3790,2514,40.02
schwartzpub,0,1,0,0,10,10,contributor,3790,2514,40.02
SaurabhBajaj,0,1,0,0,10,10,contributor,3790,2514,40.02
ttencate,0,1,0,0,10,10,contributor,3790,2514,40.02
federico-zb,0,1,0,0,10,10,contributor,3790,2514,40.02
maraca,0,1,0,0,10,10,contributor,3790,2514,40.02
elipapa,0,1,0,0,10,10,contributor,3790,2514,40.02
sudowork,0,1,0,0,10,10,contributor,3790,2514,40.02
Caerbannog,0,1,0,0,10,10,contributor,3790,2514,40.02
ramannanda,0,1,0,0,10,10,contributor,3790,2514,40.02
Ivica Kolenkaš,2,0,0,0,10,10,contributor,3790,2514,40.02
GeorgeSirois,0,1,0,0,10,10,contributor,3790,2514,40.02
thawk105,0,1,0,0,10,10,contributor,3790,2514,40.02
saurabh3091,0,1,0,0,10,10,contributor,3790,2514,40.02
vezeli,0,1,0,0,10,10,contributor,3790,2514,40.02
naoyak,0,1,0,0,10,10,contributor,3790,2514,40.02
songyanho,0,1,0,0,10,10,contributor,3790,2514,40.02
abhishekray07,0,1,0,0,10,10,contributor,3790,2514,40.02
norknium,0,1,0,0,10,10,contributor,3790,2514,40.02
lmarvaud,0,1,0,0,10,10,contributor,3790,2514,40.02
fernandosjp,0,1,0,0,10,10,contributor,3790,2514,40.02
rllin-fathom,0,1,0,0,10,10,contributor,3790,2514,40.02
highpon,0,1,0,0,10,10,contributor,3790,2514,40.02
Quimstr,0,1,0,0,10,10,contributor,3790,2514,40.02
JLDLaughlin,0,1,0,0,10,10,contributor,3790,2514,40.02
Omkar Desai,2,0,0,0,10,10,contributor,3790,2514,40.02
prajyotnaik3,0,1,0,0,10,10,contributor,3790,2514,40.02
IvanUkhov,0,1,0,0,10,10,contributor,3790,2514,40.02
temmyzeus,0,1,0,0,10,10,contributor,3790,2514,40.02
Karun Japhet,2,0,0,0,10,10,contributor,3790,2514,40.02
xingdao,0,1,0,0,10,10,contributor,3790,2514,40.02
billstark,0,1,0,0,10,10,contributor,3790,2514,40.02
rgrizzell,0,1,0,0,10,10,contributor,3790,2514,40.02
Arielyos93,0,1,0,0,10,10,contributor,3790,2514,40.02
arvindeybram,0,1,0,0,10,10,contributor,3790,2514,40.02
dvfeinblum-betterment,0,1,0,0,10,10,contributor,3790,2514,40.02
aakside,0,1,0,0,10,10,contributor,3790,2514,40.02
Tianyou Gu,2,0,0,0,10,10,contributor,3790,2514,40.02
Marcin Molak,2,0,0,0,10,10,contributor,3790,2514,40.02
msardana94,0,1,0,0,10,10,contributor,3790,2514,40.02
junis,2,0,0,0,10,10,contributor,3790,2514,40.02
LeBlanc,0,1,0,0,10,10,contributor,3790,2514,40.02
k29deepak,0,1,0,0,10,10,contributor,3790,2514,40.02
cromgit,0,1,0,0,10,10,contributor,3790,2514,40.02
sandeepmandal70,0,1,0,0,10,10,contributor,3790,2514,40.02
Johanna Öjeling,2,0,0,0,10,10,contributor,3790,2514,40.02
jucke,0,1,0,0,10,10,contributor,3790,2514,40.02
yampelo,0,1,0,0,10,10,contributor,3790,2514,40.02
Mrngilles,0,1,0,0,10,10,contributor,3790,2514,40.02
Fortytwo,2,0,0,0,10,10,contributor,3790,2514,40.02
barrachri,0,1,0,0,10,10,contributor,3790,2514,40.02
nheer,0,1,0,0,10,10,contributor,3790,2514,40.02
InFiNiTy0639,0,1,0,0,10,10,contributor,3790,2514,40.02
mpermana,0,1,0,0,10,10,contributor,3790,2514,40.02
Taylor Murphy,2,0,0,0,10,10,contributor,3790,2514,40.02
CalRobert,0,1,0,0,10,10,contributor,3790,2514,40.02
avram-dames,0,1,0,0,10,10,contributor,3790,2514,40.02
lsenjov,0,1,0,0,10,10,contributor,3790,2514,40.02
evinism,0,1,0,0,10,10,contributor,3790,2514,40.02
Castle Cheng,2,0,0,0,10,10,contributor,3790,2514,40.02
pwoods25443,0,1,0,0,10,10,contributor,3790,2514,40.02
PannawatChauychoo,0,1,0,0,10,10,contributor,3790,2514,40.02
TediPapajorgji,0,1,0,0,10,10,contributor,3790,2514,40.02
mjkonarski-b,0,1,0,0,10,10,contributor,3790,2514,40.02
jongyoul,0,1,0,0,10,10,contributor,3790,2514,40.02
muriumiqbal,0,1,0,0,10,10,contributor,3790,2514,40.02
morningcloud,0,1,0,0,10,10,contributor,3790,2514,40.02
saigopal,0,1,0,0,10,10,contributor,3790,2514,40.02
onggizam,0,1,0,0,10,10,contributor,3790,2514,40.02
mtilda,0,1,0,0,10,10,contributor,3790,2514,40.02
henryzhangsta,0,1,0,0,10,10,contributor,3790,2514,40.02
kunz07,0,1,0,0,10,10,contributor,3790,2514,40.02
kmdupr33,0,1,0,0,10,10,contributor,3790,2514,40.02
mehdigati,0,1,0,0,10,10,contributor,3790,2514,40.02
davidshur,0,1,0,0,10,10,contributor,3790,2514,40.02
flo076,0,1,0,0,10,10,contributor,3790,2514,40.02
nitish-samsung-jha,0,1,0,0,10,10,contributor,3790,2514,40.02
le749,0,1,0,0,10,10,contributor,3790,2514,40.02
xiaoliangsc,0,1,0,0,10,10,contributor,3790,2514,40.02
eitan-shalev,0,1,0,0,10,10,contributor,3790,2514,40.02
Augusto Herrmann,2,0,0,0,10,10,contributor,3790,2514,40.02
dewaldabrie,0,1,0,0,10,10,contributor,3790,2514,40.02
christophergrant,0,1,0,0,10,10,contributor,3790,2514,40.02
Olivier Girardot,2,0,0,0,10,10,contributor,3790,2514,40.02
Jacob Kim,2,0,0,0,10,10,contributor,3790,2514,40.02
Yati Sagade,2,0,0,0,10,10,contributor,3790,2514,40.02
jakebiesinger,0,1,0,0,10,10,contributor,3790,2514,40.02
fmoor,0,1,0,0,10,10,contributor,3790,2514,40.02
MikaYuoadas,0,1,0,0,10,10,contributor,3790,2514,40.02
marcweil,0,1,0,0,10,10,contributor,3790,2514,40.02
wangxisea,0,1,0,0,10,10,contributor,3790,2514,40.02
avborhanian,0,1,0,0,10,10,contributor,3790,2514,40.02
mtahakhan,0,1,0,0,10,10,contributor,3790,2514,40.02
j450h1,0,1,0,0,10,10,contributor,3790,2514,40.02
varunvora,0,1,0,0,10,10,contributor,3790,2514,40.02
pierluc-codes,0,1,0,0,10,10,contributor,3790,2514,40.02
spennihana,0,1,0,0,10,10,contributor,3790,2514,40.02
kleese,0,1,0,0,10,10,contributor,3790,2514,40.02
razius,0,1,0,0,10,10,contributor,3790,2514,40.02
hafid-d,0,1,0,0,10,10,contributor,3790,2514,40.02
DucNgn,0,1,0,0,10,10,contributor,3790,2514,40.02
tomsej,0,1,0,0,10,10,contributor,3790,2514,40.02
aldenstpage,0,1,0,0,10,10,contributor,3790,2514,40.02
mattrasto,0,1,0,0,10,10,contributor,3790,2514,40.02
mahe1989,0,1,0,0,10,10,contributor,3790,2514,40.02
123MwanjeMike,0,1,0,0,10,10,contributor,3790,2514,40.02
xyc-pz,0,1,0,0,10,10,contributor,3790,2514,40.02
spetrescu,0,1,0,0,10,10,contributor,3790,2514,40.02
mbreining,0,1,0,0,10,10,contributor,3790,2514,40.02
rajivpb,0,1,0,0,10,10,contributor,3790,2514,40.02
millsks,0,1,0,0,10,10,contributor,3790,2514,40.02
k-nithin,0,1,0,0,10,10,contributor,3790,2514,40.02
jonathan5p,0,1,0,0,10,10,contributor,3790,2514,40.02
zawhtetgithub,0,1,0,0,10,10,contributor,3790,2514,40.02
fabioba,0,1,0,0,10,10,contributor,3790,2514,40.02
MeiK2333,0,1,0,0,10,10,contributor,3790,2514,40.02
lucid-x,0,1,0,0,10,10,contributor,3790,2514,40.02
turbotimon,0,1,0,0,10,10,contributor,3790,2514,40.02
SZN,2,0,0,0,10,10,contributor,3790,2514,40.02
Pedro Miranda,2,0,0,0,10,10,contributor,3790,2514,40.02
swiffer,0,1,0,0,10,10,contributor,3790,2514,40.02
swapkh91,0,1,0,0,10,10,contributor,3790,2514,40.02
Ai Ozaki,2,0,0,0,10,10,contributor,3790,2514,40.02
isknight,0,1,0,0,10,10,contributor,3790,2514,40.02
WouterJTB,0,1,0,0,10,10,contributor,3790,2514,40.02
germaintanguy,0,1,0,0,10,10,contributor,3790,2514,40.02
blugowski,0,1,0,0,10,10,contributor,3790,2514,40.02
Tofull,0,1,0,0,10,10,contributor,3790,2514,40.02
msantino,0,1,0,0,10,10,contributor,3790,2514,40.02
rweverwijk,0,1,0,0,10,10,contributor,3790,2514,40.02
kishorek07,0,1,0,0,10,10,contributor,3790,2514,40.02
Yi Wang,2,0,0,0,10,10,contributor,3790,2514,40.02
richardpenman,0,1,0,0,10,10,contributor,3790,2514,40.02
ighoshsubho,0,1,0,0,10,10,contributor,3790,2514,40.02
avicol,0,1,0,0,10,10,contributor,3790,2514,40.02
ning-github,0,1,0,0,10,10,contributor,3790,2514,40.02
kameshkotwani,0,1,0,0,10,10,contributor,3790,2514,40.02
Arbaaz123676,0,1,0,0,10,10,contributor,3790,2514,40.02
peterdn,0,1,0,0,10,10,contributor,3790,2514,40.02
laredoo,0,1,0,0,10,10,contributor,3790,2514,40.02
medmrgh,0,1,0,0,10,10,contributor,3790,2514,40.02
sleep1661,0,1,0,0,10,10,contributor,3790,2514,40.02
colinbreame,0,1,0,0,10,10,contributor,3790,2514,40.02
thepabloaguilar,0,0,5,0,10,10,observer,3790,32,40.02
morihaya,0,1,0,0,10,10,contributor,3790,2514,40.02
Wouter-M,0,1,0,0,10,10,contributor,3790,2514,40.02
GonzaloUl,0,1,0,0,10,10,contributor,3790,2514,40.02
radhwene,0,1,0,0,10,10,contributor,3790,2514,40.02
John Barker,2,0,0,0,10,10,contributor,3790,2514,40.02
artem-kirillov,0,1,0,0,10,10,contributor,3790,2514,40.02
gauthiermartin,0,1,0,0,10,10,contributor,3790,2514,40.02
yunstanford,0,1,0,0,10,10,contributor,3790,2514,40.02
sethlwilson,0,1,0,0,10,10,contributor,3790,2514,40.02
Parker Chang,2,0,0,0,10,10,contributor,3790,2514,40.02
foxlooo,0,1,0,0,10,10,contributor,3790,2514,40.02
haavardw,0,1,0,0,10,10,contributor,3790,2514,40.02
Armand Sauzay,2,0,0,0,10,10,contributor,3790,2514,40.02
liamalsopp,0,1,0,0,10,10,contributor,3790,2514,40.02
badaAbba,0,1,0,0,10,10,contributor,3790,2514,40.02
maiconcGringo,0,1,0,0,10,10,contributor,3790,2514,40.02
juneoh,0,1,0,0,10,10,contributor,3790,2514,40.02
kneckinator,0,1,0,0,10,10,contributor,3790,2514,40.02
hominot,0,1,0,0,10,10,contributor,3790,2514,40.02
ludovicc,0,1,0,0,10,10,contributor,3790,2514,40.02
Guido Tournois,2,0,0,0,10,10,contributor,3790,2514,40.02
iamthebot,0,1,0,0,10,10,contributor,3790,2514,40.02
ikurian-coatue,0,1,0,0,10,10,contributor,3790,2514,40.02
AndrewSmith593,0,1,0,0,10,10,contributor,3790,2514,40.02
Abelardoavara,0,1,0,0,10,10,contributor,3790,2514,40.02
RvN76,0,1,0,0,10,10,contributor,3790,2514,40.02
ahobson,0,1,0,0,10,10,contributor,3790,2514,40.02
renardguill,0,1,0,0,10,10,contributor,3790,2514,40.02
deneshvarma22,0,1,0,0,10,10,contributor,3790,2514,40.02
tfayyaz,0,1,0,0,10,10,contributor,3790,2514,40.02
Matt Usifer,2,0,0,0,10,10,contributor,3790,2514,40.02
walternewzoo,0,1,0,0,10,10,contributor,3790,2514,40.02
wiktorn,0,1,0,0,10,10,contributor,3790,2514,40.02
Roberto Dedoro,2,0,0,0,10,10,contributor,3790,2514,40.02
bryantbiggs,0,1,0,0,10,10,contributor,3790,2514,40.02
asosnovsky-sumologic,0,0,2,2,10,10,observer,3790,32,40.02
clojurians-org,0,1,0,0,10,10,contributor,3790,2514,40.02
Roman Sheludko,2,0,0,0,10,10,contributor,3790,2514,40.02
NeckBeardPrince,0,1,0,0,10,10,contributor,3790,2514,40.02
alberto.calderari,2,0,0,0,10,10,contributor,3790,2514,40.02
Matt Buell,2,0,0,0,10,10,contributor,3790,2514,40.02
Daniel Barrundia Gonzalez,2,0,0,0,10,10,contributor,3790,2514,40.02
Ayush Srivastava,2,0,0,0,10,10,contributor,3790,2514,40.02
Jeongseok Kang,2,0,0,0,10,10,contributor,3790,2514,40.02
bouli,0,1,0,0,10,10,contributor,3790,2514,40.02
ArrichM,0,1,0,0,10,10,contributor,3790,2514,40.02
kimpers,0,1,0,0,10,10,contributor,3790,2514,40.02
xionams,0,1,0,0,10,10,contributor,3790,2514,40.02
fralalonde,0,1,0,0,10,10,contributor,3790,2514,40.02
masterlittle,0,1,0,0,10,10,contributor,3790,2514,40.02
TristanJMcCormick,0,1,0,0,10,10,contributor,3790,2514,40.02
sarfarazsoomro,0,1,0,0,10,10,contributor,3790,2514,40.02
sulantha2006,0,1,0,0,10,10,contributor,3790,2514,40.02
geobio,0,1,0,0,10,10,contributor,3790,2514,40.02
benjscohen,0,1,0,0,10,10,contributor,3790,2514,40.02
jmcbroom,0,1,0,0,10,10,contributor,3790,2514,40.02
chopkins123,0,1,0,0,10,10,contributor,3790,2514,40.02
stevesoundcloud,0,1,0,0,10,10,contributor,3790,2514,40.02
Christian Mladenov,2,0,0,0,10,10,contributor,3790,2514,40.02
romilsiddhapura,0,1,0,0,10,10,contributor,3790,2514,40.02
CalvinKirs,0,1,0,0,10,10,contributor,3790,2514,40.02
Pavel T,2,0,0,0,10,10,contributor,3790,2514,40.02
Alexey Ustyantsev,2,0,0,0,10,10,contributor,3790,2514,40.02
amariucaitheodor,0,1,0,0,10,10,contributor,3790,2514,40.02
superdosh,0,1,0,0,10,10,contributor,3790,2514,40.02
Tal Nagar,2,0,0,0,10,10,contributor,3790,2514,40.02
Evgeny,2,0,0,0,10,10,contributor,3790,2514,40.02
BohdanSemonov,0,1,0,0,10,10,contributor,3790,2514,40.02
Sebastian Brandt,2,0,0,0,10,10,contributor,3790,2514,40.02
ferenc-hechler,0,1,0,0,10,10,contributor,3790,2514,40.02
rusher,0,1,0,0,10,10,contributor,3790,2514,40.02
mkly,0,1,0,0,10,10,contributor,3790,2514,40.02
jyothsnakanand,0,1,0,0,10,10,contributor,3790,2514,40.02
rentom,0,1,0,0,10,10,contributor,3790,2514,40.02
britishbadger,0,1,0,0,10,10,contributor,3790,2514,40.02
Ivan Wirawan,2,0,0,0,10,10,contributor,3790,2514,40.02
agrajm,0,1,0,0,10,10,contributor,3790,2514,40.02
anushkrishnav,0,1,0,0,10,10,contributor,3790,2514,40.02
blimmer,0,1,0,0,10,10,contributor,3790,2514,40.02
Diogo Rodrigues,2,0,0,0,10,10,contributor,3790,2514,40.02
moon-jam,0,1,0,0,10,10,contributor,3790,2514,40.02
yucer,0,1,0,0,10,10,contributor,3790,2514,40.02
Ash-ZAMAN,0,1,0,0,10,10,contributor,3790,2514,40.02
wuiscmc,0,1,0,0,10,10,contributor,3790,2514,40.02
robbiebusinessacc,0,1,0,0,10,10,contributor,3790,2514,40.02
HollowMan6,0,1,0,0,10,10,contributor,3790,2514,40.02
abrenaut,0,1,0,0,10,10,contributor,3790,2514,40.02
steve148,0,1,0,0,10,10,contributor,3790,2514,40.02
MazrimT,0,1,0,0,10,10,contributor,3790,2514,40.02
microblag,0,1,0,0,10,10,contributor,3790,2514,40.02
cuerty,0,1,0,0,10,10,contributor,3790,2514,40.02
biertie,0,1,0,0,10,10,contributor,3790,2514,40.02
Naseem Shah,2,0,0,0,10,10,contributor,3790,2514,40.02
LuizArmesto,0,1,0,0,10,10,contributor,3790,2514,40.02
cwegrzyn,0,1,0,0,10,10,contributor,3790,2514,40.02
Gezili,0,1,0,0,10,10,contributor,3790,2514,40.02
Sebastián Ortega,2,0,0,0,10,10,contributor,3790,2514,40.02
amarnus,0,1,0,0,10,10,contributor,3790,2514,40.02
arnab-guin,0,1,0,0,10,10,contributor,3790,2514,40.02
Daniel-Han-Yang,0,1,0,0,10,10,contributor,3790,2514,40.02
Unknown,2,0,0,0,10,10,contributor,3790,2514,40.02
canhtran,0,1,0,0,10,10,contributor,3790,2514,40.02
kristiany,0,1,0,0,10,10,contributor,3790,2514,40.02
Sahil-Shadwal,0,1,0,0,10,10,contributor,3790,2514,40.02
jonathansp,0,1,0,0,10,10,contributor,3790,2514,40.02
chncaption,0,1,0,0,10,10,contributor,3790,2514,40.02
samdfonseca,0,1,0,0,10,10,contributor,3790,2514,40.02
krcrouse,0,1,0,0,10,10,contributor,3790,2514,40.02
Richard Goodman,2,0,0,0,10,10,contributor,3790,2514,40.02
yanshil,0,1,0,0,10,10,contributor,3790,2514,40.02
viniciusdsmello,0,1,0,0,10,10,contributor,3790,2514,40.02
zhaodonglin,0,1,0,0,10,10,contributor,3790,2514,40.02
RulaKhaled,0,1,0,0,10,10,contributor,3790,2514,40.02
sdevani,0,1,0,0,10,10,contributor,3790,2514,40.02
mosheavni,0,1,0,0,10,10,contributor,3790,2514,40.02
aramxc,0,1,0,0,10,10,contributor,3790,2514,40.02
Allison Wang,2,0,0,0,10,10,contributor,3790,2514,40.02
idlecool,0,1,0,0,10,10,contributor,3790,2514,40.02
sharpn,0,1,0,0,10,10,contributor,3790,2514,40.02
ilopezfr,0,1,0,0,10,10,contributor,3790,2514,40.02
xjlem,0,1,0,0,10,10,contributor,3790,2514,40.02
Andreas Poehlmann,2,0,0,0,10,10,contributor,3790,2514,40.02
jasonspeck,0,1,0,0,10,10,contributor,3790,2514,40.02
huaerheima,0,1,0,0,10,10,contributor,3790,2514,40.02
Kim,2,0,0,0,10,10,contributor,3790,2514,40.02
akkik04,0,1,0,0,10,10,contributor,3790,2514,40.02
artemSSSS,0,1,0,0,10,10,contributor,3790,2514,40.02
Chen Tong,2,0,0,0,10,10,contributor,3790,2514,40.02
Oleksandr Slynko,2,0,0,0,10,10,contributor,3790,2514,40.02
liamstewart,0,1,0,0,10,10,contributor,3790,2514,40.02
paolostancato,0,1,0,0,10,10,contributor,3790,2514,40.02
Benedikt Ramsauer,2,0,0,0,10,10,contributor,3790,2514,40.02
KrunchMuffin,0,1,0,0,10,10,contributor,3790,2514,40.02
dskoda1,0,1,0,0,10,10,contributor,3790,2514,40.02
pacmora,0,1,0,0,10,10,contributor,3790,2514,40.02
kha84,0,1,0,0,10,10,contributor,3790,2514,40.02
neil90,2,0,0,0,10,10,contributor,3790,2514,40.02
Alejandro Rojas,2,0,0,0,10,10,contributor,3790,2514,40.02
htkuan,0,1,0,0,10,10,contributor,3790,2514,40.02
vishnu667,0,1,0,0,10,10,contributor,3790,2514,40.02
reggieag,0,1,0,0,10,10,contributor,3790,2514,40.02
Joe Lyman,2,0,0,0,10,10,contributor,3790,2514,40.02
kstine93,0,1,0,0,10,10,contributor,3790,2514,40.02
mcreenan,0,1,0,0,10,10,contributor,3790,2514,40.02
Dennnnny,0,1,0,0,10,10,contributor,3790,2514,40.02
banderson131,0,1,0,0,10,10,contributor,3790,2514,40.02
0eu,0,1,0,0,10,10,contributor,3790,2514,40.02
eyanq,0,1,0,0,10,10,contributor,3790,2514,40.02
AnthonyShipman,0,1,0,0,10,10,contributor,3790,2514,40.02
ostapkonst,0,1,0,0,10,10,contributor,3790,2514,40.02
jomach,0,1,0,0,10,10,contributor,3790,2514,40.02
tronlightracer,0,1,0,0,10,10,contributor,3790,2514,40.02
tianet,0,1,0,0,10,10,contributor,3790,2514,40.02
ziheng,2,0,0,0,10,10,contributor,3790,2514,40.02
mattpetersen,0,1,0,0,10,10,contributor,3790,2514,40.02
jlricon,0,1,0,0,10,10,contributor,3790,2514,40.02
ccary64,0,1,0,0,10,10,contributor,3790,2514,40.02
reubenvanammers,0,1,0,0,10,10,contributor,3790,2514,40.02
asawitt,0,1,0,0,10,10,contributor,3790,2514,40.02
Jakub Orłowski,2,0,0,0,10,10,contributor,3790,2514,40.02
Erotemic,0,1,0,0,10,10,contributor,3790,2514,40.02
mohammadehghan,0,1,0,0,10,10,contributor,3790,2514,40.02
aleksandr-shel,0,1,0,0,10,10,contributor,3790,2514,40.02
raface,0,1,0,0,10,10,contributor,3790,2514,40.02
Aurelien Didier,2,0,0,0,10,10,contributor,3790,2514,40.02
nitinmuteja,0,1,0,0,10,10,contributor,3790,2514,40.02
tokoko,0,1,0,0,10,10,contributor,3790,2514,40.02
chandu kavar,2,0,0,0,10,10,contributor,3790,2514,40.02
Shuang-Feng,0,1,0,0,10,10,contributor,3790,2514,40.02
alepuccetti,0,1,0,0,10,10,contributor,3790,2514,40.02
Lucas Rodrigues,2,0,0,0,10,10,contributor,3790,2514,40.02
CannibalVox,0,1,0,0,10,10,contributor,3790,2514,40.02
Matt,2,0,0,0,10,10,contributor,3790,2514,40.02
Stas Bytsko,2,0,0,0,10,10,contributor,3790,2514,40.02
andrewrjones,0,1,0,0,10,10,contributor,3790,2514,40.02
Stefanie Grunwald,2,0,0,0,10,10,contributor,3790,2514,40.02
GaetanJuvin,0,1,0,0,10,10,contributor,3790,2514,40.02
hammad13060,0,1,0,0,10,10,contributor,3790,2514,40.02
sathish9094,0,1,0,0,10,10,contributor,3790,2514,40.02
James Garratt,2,0,0,0,10,10,contributor,3790,2514,40.02
seibert,0,1,0,0,10,10,contributor,3790,2514,40.02
aprotopopov,0,1,0,0,10,10,contributor,3790,2514,40.02
headincl0ud,0,1,0,0,10,10,contributor,3790,2514,40.02
Guoqiang Ding,2,0,0,0,10,10,contributor,3790,2514,40.02
austinletson,0,1,0,0,10,10,contributor,3790,2514,40.02
Rishabh Karajgi,2,0,0,0,10,10,contributor,3790,2514,40.02
folderplus,0,1,0,0,10,10,contributor,3790,2514,40.02
Juho Lauri,2,0,0,0,10,10,contributor,3790,2514,40.02
esgn,0,1,0,0,10,10,contributor,3790,2514,40.02
wlinamchurch,0,1,0,0,10,10,contributor,3790,2514,40.02
y.yoshida5,2,0,0,0,10,10,contributor,3790,2514,40.02
olsenbudanur,0,1,0,0,10,10,contributor,3790,2514,40.02
vinayak-mehta,0,1,0,0,10,10,contributor,3790,2514,40.02
AqeelAltaf,0,1,0,0,10,10,contributor,3790,2514,40.02
yjwong,0,1,0,0,10,10,contributor,3790,2514,40.02
rackleydc,0,1,0,0,10,10,contributor,3790,2514,40.02
Paul-Michaud,0,1,0,0,10,10,contributor,3790,2514,40.02
sivamurthy30,0,1,0,0,10,10,contributor,3790,2514,40.02
lorenanicole,0,1,0,0,10,10,contributor,3790,2514,40.02
marceloslacerda,0,1,0,0,10,10,contributor,3790,2514,40.02
jbd,0,1,0,0,10,10,contributor,3790,2514,40.02
Samira-g-js,0,1,0,0,10,10,contributor,3790,2514,40.02
piorkowskiprzemyslaw,0,1,0,0,10,10,contributor,3790,2514,40.02
derrick-mink-sp,0,1,0,0,10,10,contributor,3790,2514,40.02
noeun-kim,0,1,0,0,10,10,contributor,3790,2514,40.02
Jakub Semrič,2,0,0,0,10,10,contributor,3790,2514,40.02
rajpratik71,0,1,0,0,10,10,contributor,3790,2514,40.02
Mati O,2,0,0,0,10,10,contributor,3790,2514,40.02
doyong365,0,1,0,0,10,10,contributor,3790,2514,40.02
Arunodoy Banerjee,2,0,0,0,10,10,contributor,3790,2514,40.02
Jie211,0,1,0,0,10,10,contributor,3790,2514,40.02
michaelmu,0,1,0,0,10,10,contributor,3790,2514,40.02
bbrumi,0,1,0,0,10,10,contributor,3790,2514,40.02
gaurav-batra-couture,0,1,0,0,10,10,contributor,3790,2514,40.02
QuinRiva,0,1,0,0,10,10,contributor,3790,2514,40.02
slyapustin,0,1,0,0,10,10,contributor,3790,2514,40.02
almogtavor,0,1,0,0,10,10,contributor,3790,2514,40.02
Orhideous,0,1,0,0,10,10,contributor,3790,2514,40.02
eter4eter,0,1,0,0,10,10,contributor,3790,2514,40.02
ryancbuckley,0,1,0,0,10,10,contributor,3790,2514,40.02
aschoe21,0,1,0,0,10,10,contributor,3790,2514,40.02
Ling Li,2,0,0,0,10,10,contributor,3790,2514,40.02
andrejbaran,0,1,0,0,10,10,contributor,3790,2514,40.02
fadingpisces,0,1,0,0,10,10,contributor,3790,2514,40.02
kylehayes,0,1,0,0,10,10,contributor,3790,2514,40.02
VShkaberda,0,1,0,0,10,10,contributor,3790,2514,40.02
maksim77,0,1,0,0,10,10,contributor,3790,2514,40.02
faheem-khau9,0,1,0,0,10,10,contributor,3790,2514,40.02
nj7,0,1,0,0,10,10,contributor,3790,2514,40.02
Sergey Serebryakov,2,0,0,0,10,10,contributor,3790,2514,40.02
yb-yu,0,1,0,0,10,10,contributor,3790,2514,40.02
JiHyeongSeo,0,1,0,0,10,10,contributor,3790,2514,40.02
preethamrajk,0,1,0,0,10,10,contributor,3790,2514,40.02
jasonmar310,0,1,0,0,10,10,contributor,3790,2514,40.02
Srivats7,0,1,0,0,10,10,contributor,3790,2514,40.02
Tajinder Singh,2,0,0,0,10,10,contributor,3790,2514,40.02
alexandrnikitin,0,1,0,0,10,10,contributor,3790,2514,40.02
oxymor0n,0,1,0,0,10,10,contributor,3790,2514,40.02
brancof,0,1,0,0,10,10,contributor,3790,2514,40.02
jose-neta,0,1,0,0,10,10,contributor,3790,2514,40.02
Gabriel,2,0,0,0,10,10,contributor,3790,2514,40.02
natekupp,0,1,0,0,10,10,contributor,3790,2514,40.02
Sam Firke,2,0,0,0,10,10,contributor,3790,2514,40.02
apogre,0,1,0,0,10,10,contributor,3790,2514,40.02
liuzheng,0,1,0,0,10,10,contributor,3790,2514,40.02
levihernan,0,1,0,0,10,10,contributor,3790,2514,40.02
fuzheado,0,1,0,0,10,10,contributor,3790,2514,40.02
Ben Nadler,2,0,0,0,10,10,contributor,3790,2514,40.02
vijayakumarpattanashetti,0,1,0,0,10,10,contributor,3790,2514,40.02
yyuu,0,1,0,0,10,10,contributor,3790,2514,40.02
tjb,0,1,0,0,10,10,contributor,3790,2514,40.02
kavodsky,0,1,0,0,10,10,contributor,3790,2514,40.02
junli-lyft,0,1,0,0,10,10,contributor,3790,2514,40.02
xwydq,0,1,0,0,10,10,contributor,3790,2514,40.02
Ilia Lazebnik,2,0,0,0,10,10,contributor,3790,2514,40.02
pawsok,0,1,0,0,10,10,contributor,3790,2514,40.02
samit-maharjan,0,1,0,0,10,10,contributor,3790,2514,40.02
Mark H,2,0,0,0,10,10,contributor,3790,2514,40.02
CongyueZhang,0,1,0,0,10,10,contributor,3790,2514,40.02
dharamsk,0,1,0,0,10,10,contributor,3790,2514,40.02
sherifkk,0,1,0,0,10,10,contributor,3790,2514,40.02
Madhurboard,0,1,0,0,10,10,contributor,3790,2514,40.02
kbpk,0,1,0,0,10,10,contributor,3790,2514,40.02
tata2000,0,1,0,0,10,10,contributor,3790,2514,40.02
mprinc,0,1,0,0,10,10,contributor,3790,2514,40.02
aldwyn,0,1,0,0,10,10,contributor,3790,2514,40.02
tokeefe,0,1,0,0,10,10,contributor,3790,2514,40.02
diegosolisfr,0,1,0,0,10,10,contributor,3790,2514,40.02
sweco,0,1,0,0,10,10,contributor,3790,2514,40.02
Jason Brownstein,2,0,0,0,10,10,contributor,3790,2514,40.02
dgorelik,0,1,0,0,10,10,contributor,3790,2514,40.02
Stephan Werges,2,0,0,0,10,10,contributor,3790,2514,40.02
hkhoa,0,1,0,0,10,10,contributor,3790,2514,40.02
TheEmperorPenguin,0,1,0,0,10,10,contributor,3790,2514,40.02
Prakshal Jain,2,0,0,0,10,10,contributor,3790,2514,40.02
Mayuresh16,0,1,0,0,10,10,contributor,3790,2514,40.02
enniomorricone123,0,1,0,0,10,10,contributor,3790,2514,40.02
sanxore,0,1,0,0,10,10,contributor,3790,2514,40.02
0x0ece,0,1,0,0,10,10,contributor,3790,2514,40.02
Okue,2,0,0,0,10,10,contributor,3790,2514,40.02
amread,0,1,0,0,10,10,contributor,3790,2514,40.02
ayushjain2809,0,1,0,0,10,10,contributor,3790,2514,40.02
apurvajoshi,0,1,0,0,10,10,contributor,3790,2514,40.02
zambadruzaman,0,1,0,0,10,10,contributor,3790,2514,40.02
wwlian,0,1,0,0,10,10,contributor,3790,2514,40.02
tyhan,0,1,0,0,10,10,contributor,3790,2514,40.02
Rohxn16,0,1,0,0,10,10,contributor,3790,2514,40.02
ianchudson-caribou,0,1,0,0,10,10,contributor,3790,2514,40.02
yuta4895,0,1,0,0,10,10,contributor,3790,2514,40.02
genehynson,0,1,0,0,10,10,contributor,3790,2514,40.02
alison985,0,1,0,0,10,10,contributor,3790,2514,40.02
jie8357IOII,0,1,0,0,10,10,contributor,3790,2514,40.02
aboitreaud,0,1,0,0,10,10,contributor,3790,2514,40.02
sdas13,0,1,0,0,10,10,contributor,3790,2514,40.02
DougTrajano,0,1,0,0,10,10,contributor,3790,2514,40.02
yourhiro,0,1,0,0,10,10,contributor,3790,2514,40.02
brunocmacedo,0,1,0,0,10,10,contributor,3790,2514,40.02
srn221B,0,1,0,0,10,10,contributor,3790,2514,40.02
neil3handari,0,1,0,0,10,10,contributor,3790,2514,40.02
mikethoun,0,1,0,0,10,10,contributor,3790,2514,40.02
rbm897,0,1,0,0,10,10,contributor,3790,2514,40.02
kbendick,0,0,5,0,10,10,observer,3790,32,40.02
Yang Yule,2,0,0,0,10,10,contributor,3790,2514,40.02
jnqn,0,1,0,0,10,10,contributor,3790,2514,40.02
gardnerdev,2,0,0,0,10,10,contributor,3790,2514,40.02
csmc88,0,1,0,0,10,10,contributor,3790,2514,40.02
Rui Lopes,2,0,0,0,10,10,contributor,3790,2514,40.02
thekashifmalik,0,1,0,0,10,10,contributor,3790,2514,40.02
bljohnson42,0,1,0,0,10,10,contributor,3790,2514,40.02
LU WEI HAO,2,0,0,0,10,10,contributor,3790,2514,40.02
biswa-b,0,1,0,0,10,10,contributor,3790,2514,40.02
shuva10v,0,1,0,0,10,10,contributor,3790,2514,40.02
richsuca,0,1,0,0,10,10,contributor,3790,2514,40.02
hyw,0,1,0,0,10,10,contributor,3790,2514,40.02
Dippatel98,0,0,5,0,10,10,observer,3790,32,40.02
Vadim,2,0,0,0,10,10,contributor,3790,2514,40.02
acciobugs,0,1,0,0,10,10,contributor,3790,2514,40.02
arlugones,0,1,0,0,10,10,contributor,3790,2514,40.02
jintong1,0,1,0,0,10,10,contributor,3790,2514,40.02
DavidTraina,0,1,0,0,10,10,contributor,3790,2514,40.02
xiaomj,0,1,0,0,10,10,contributor,3790,2514,40.02
nykh,0,1,0,0,10,10,contributor,3790,2514,40.02
matejkloska,0,1,0,0,10,10,contributor,3790,2514,40.02
slangwald,0,1,0,0,10,10,contributor,3790,2514,40.02
jimwbaldwin,0,1,0,0,10,10,contributor,3790,2514,40.02
vi3k6i5,0,1,0,0,10,10,contributor,3790,2514,40.02
rafaelleinio,0,1,0,0,10,10,contributor,3790,2514,40.02
dmitrikuksik,0,1,0,0,10,10,contributor,3790,2514,40.02
jackar,0,1,0,0,10,10,contributor,3790,2514,40.02
hingstarne,0,1,0,0,10,10,contributor,3790,2514,40.02
logarithm,0,1,0,0,10,10,contributor,3790,2514,40.02
benchoncy,0,1,0,0,10,10,contributor,3790,2514,40.02
jordy25519,0,1,0,0,10,10,contributor,3790,2514,40.02
namjals,0,1,0,0,10,10,contributor,3790,2514,40.02
ranjithkumar-glean,0,1,0,0,10,10,contributor,3790,2514,40.02
Jakub Czaplicki,2,0,0,0,10,10,contributor,3790,2514,40.02
mishc9,0,1,0,0,10,10,contributor,3790,2514,40.02
haoli-buaa,0,1,0,0,10,10,contributor,3790,2514,40.02
JoergRittinger,0,1,0,0,10,10,contributor,3790,2514,40.02
Justin Bandoro,2,0,0,0,10,10,contributor,3790,2514,40.02
ZackBarry,0,1,0,0,10,10,contributor,3790,2514,40.02
Daniel Frank,2,0,0,0,10,10,contributor,3790,2514,40.02
bataliero,0,1,0,0,10,10,contributor,3790,2514,40.02
cjay2067,0,1,0,0,10,10,contributor,3790,2514,40.02
rasebo,0,1,0,0,10,10,contributor,3790,2514,40.02
tomoyat,0,1,0,0,10,10,contributor,3790,2514,40.02
robinknox,0,1,0,0,10,10,contributor,3790,2514,40.02
SeifEddineMezned,0,1,0,0,10,10,contributor,3790,2514,40.02
aviralwal,0,1,0,0,10,10,contributor,3790,2514,40.02
amankum2004,0,1,0,0,10,10,contributor,3790,2514,40.02
whrocha,0,1,0,0,10,10,contributor,3790,2514,40.02
minu7,0,1,0,0,10,10,contributor,3790,2514,40.02
jcpark3797,0,1,0,0,10,10,contributor,3790,2514,40.02
bshea5,0,1,0,0,10,10,contributor,3790,2514,40.02
Gyaneshwar81,0,1,0,0,10,10,contributor,3790,2514,40.02
fangpenlin,0,1,0,0,10,10,contributor,3790,2514,40.02
dolevf,0,1,0,0,10,10,contributor,3790,2514,40.02
CyberHippo,0,1,0,0,10,10,contributor,3790,2514,40.02
Paul Rhodes,2,0,0,0,10,10,contributor,3790,2514,40.02
barney-s,0,1,0,0,10,10,contributor,3790,2514,40.02
isarota,0,1,0,0,10,10,contributor,3790,2514,40.02
hliu-VoleonGroup,0,1,0,0,10,10,contributor,3790,2514,40.02
samuelmullin,0,1,0,0,10,10,contributor,3790,2514,40.02
cnabro,0,1,0,0,10,10,contributor,3790,2514,40.02
gor-obr,0,1,0,0,10,10,contributor,3790,2514,40.02
kdubovikov,0,1,0,0,10,10,contributor,3790,2514,40.02
武田隆志,2,0,0,0,10,10,contributor,3790,2514,40.02
James Ong,2,0,0,0,10,10,contributor,3790,2514,40.02
danielchalef,0,1,0,0,10,10,contributor,3790,2514,40.02
holmen1,0,1,0,0,10,10,contributor,3790,2514,40.02
MattTriano,0,1,0,0,10,10,contributor,3790,2514,40.02
deban9017,0,1,0,0,10,10,contributor,3790,2514,40.02
lblack00,0,1,0,0,10,10,contributor,3790,2514,40.02
Ihor Lukianov,2,0,0,0,10,10,contributor,3790,2514,40.02
vmehtalinux,0,1,0,0,10,10,contributor,3790,2514,40.02
hg1112,0,1,0,0,10,10,contributor,3790,2514,40.02
tienhung2812,0,1,0,0,10,10,contributor,3790,2514,40.02
brandon-kaplan,0,1,0,0,10,10,contributor,3790,2514,40.02
bryan824,0,1,0,0,10,10,contributor,3790,2514,40.02
fivejjs,0,1,0,0,10,10,contributor,3790,2514,40.02
Wyndham Blanton,2,0,0,0,10,10,contributor,3790,2514,40.02
Eric P,2,0,0,0,10,10,contributor,3790,2514,40.02
dineshdsharma,0,1,0,0,10,10,contributor,3790,2514,40.02
duke8585,0,1,0,0,10,10,contributor,3790,2514,40.02
CoodingPenguin,0,1,0,0,10,10,contributor,3790,2514,40.02
Lavedonio,0,1,0,0,10,10,contributor,3790,2514,40.02
chrisnordqvist,0,1,0,0,10,10,contributor,3790,2514,40.02
springbearpro,0,1,0,0,10,10,contributor,3790,2514,40.02
Jihoon Park,2,0,0,0,10,10,contributor,3790,2514,40.02
openbrian,0,1,0,0,10,10,contributor,3790,2514,40.02
shubhamvk03,0,1,0,0,10,10,contributor,3790,2514,40.02
lepture,0,1,0,0,10,10,contributor,3790,2514,40.02
pvditt,0,1,0,0,10,10,contributor,3790,2514,40.02
alexio215,0,1,0,0,10,10,contributor,3790,2514,40.02
Sakshi Bansal,2,0,0,0,10,10,contributor,3790,2514,40.02
Vijayant,2,0,0,0,10,10,contributor,3790,2514,40.02
aedoran,0,1,0,0,10,10,contributor,3790,2514,40.02
Pavel,2,0,0,0,10,10,contributor,3790,2514,40.02
Amin Ghadersohi,2,0,0,0,10,10,contributor,3790,2514,40.02
joshsgoldstein,0,1,0,0,10,10,contributor,3790,2514,40.02
Sasa Brankovic,2,0,0,0,10,10,contributor,3790,2514,40.02
2108vijay,0,1,0,0,10,10,contributor,3790,2514,40.02
fcce,0,1,0,0,10,10,contributor,3790,2514,40.02
jackwotherspoon,0,1,0,0,10,10,contributor,3790,2514,40.02
boredland,0,1,0,0,10,10,contributor,3790,2514,40.02
julianvmodesto,0,1,0,0,10,10,contributor,3790,2514,40.02
zfanswer,0,1,0,0,10,10,contributor,3790,2514,40.02
boxysean,0,1,0,0,10,10,contributor,3790,2514,40.02
lucafurrer,0,1,0,0,10,10,contributor,3790,2514,40.02
phigrofi,0,1,0,0,10,10,contributor,3790,2514,40.02
cchung100m,0,1,0,0,10,10,contributor,3790,2514,40.02
dongjinleekr,0,1,0,0,10,10,contributor,3790,2514,40.02
ghodouss,0,1,0,0,10,10,contributor,3790,2514,40.02
awentzonline,0,1,0,0,10,10,contributor,3790,2514,40.02
C4,0,1,0,0,10,10,contributor,3790,2514,40.02
Ahzaz Hingora,2,0,0,0,10,10,contributor,3790,2514,40.02
mashour-hydrosat,0,1,0,0,10,10,contributor,3790,2514,40.02
Prakhar Srivastava,2,0,0,0,10,10,contributor,3790,2514,40.02
diegobenedicto,0,1,0,0,10,10,contributor,3790,2514,40.02
jlynch1,0,1,0,0,10,10,contributor,3790,2514,40.02
Dmytro Yurchenko,2,0,0,0,10,10,contributor,3790,2514,40.02
philipphoffmann,0,1,0,0,10,10,contributor,3790,2514,40.02
Dragan Kesic,2,0,0,0,10,10,contributor,3790,2514,40.02
Egorees,0,1,0,0,10,10,contributor,3790,2514,40.02
shinsj4653,0,1,0,0,10,10,contributor,3790,2514,40.02
Steph Samson,2,0,0,0,10,10,contributor,3790,2514,40.02
NeilHanlon,0,1,0,0,10,10,contributor,3790,2514,40.02
haitaoyao,0,1,0,0,10,10,contributor,3790,2514,40.02
tskir,0,1,0,0,10,10,contributor,3790,2514,40.02
fsellecchia,0,1,0,0,10,10,contributor,3790,2514,40.02
vahidnia,0,1,0,0,10,10,contributor,3790,2514,40.02
pierre-borckmans,0,1,0,0,10,10,contributor,3790,2514,40.02
rmoff,0,1,0,0,10,10,contributor,3790,2514,40.02
jarkkorantala,0,1,0,0,10,10,contributor,3790,2514,40.02
joshua-stauffer,0,1,0,0,10,10,contributor,3790,2514,40.02
Corentin Kerisit,2,0,0,0,10,10,contributor,3790,2514,40.02
JonnyDaenen,0,1,0,0,10,10,contributor,3790,2514,40.02
wxiang7,0,1,0,0,10,10,contributor,3790,2514,40.02
Pubudu Fernando,2,0,0,0,10,10,contributor,3790,2514,40.02
Vijay Ramesh,2,0,0,0,10,10,contributor,3790,2514,40.02
Aleksei Loginov,2,0,0,0,10,10,contributor,3790,2514,40.02
ayudovin,0,1,0,0,10,10,contributor,3790,2514,40.02
Minutis,0,1,0,0,10,10,contributor,3790,2514,40.02
sanjay-rendu,0,1,0,0,10,10,contributor,3790,2514,40.02
rostskadat,0,1,0,0,10,10,contributor,3790,2514,40.02
joelossher,0,1,0,0,10,10,contributor,3790,2514,40.02
mhickman,0,1,0,0,10,10,contributor,3790,2514,40.02
sophiely,0,1,0,0,10,10,contributor,3790,2514,40.02
oli2tup,0,1,0,0,10,10,contributor,3790,2514,40.02
MPParsley,0,1,0,0,10,10,contributor,3790,2514,40.02
grassten,0,1,0,0,10,10,contributor,3790,2514,40.02
alekstorm,0,1,0,0,10,10,contributor,3790,2514,40.02
evizitei,0,1,0,0,10,10,contributor,3790,2514,40.02
Kostya Esmukov,2,0,0,0,10,10,contributor,3790,2514,40.02
lgwacker,0,1,0,0,10,10,contributor,3790,2514,40.02
Stanley Law,2,0,0,0,10,10,contributor,3790,2514,40.02
sryza,0,1,0,0,10,10,contributor,3790,2514,40.02
thealmightygrant,0,1,0,0,10,10,contributor,3790,2514,40.02
pbabics,0,1,0,0,10,10,contributor,3790,2514,40.02
arjunpathak072,0,1,0,0,10,10,contributor,3790,2514,40.02
im-naren,0,1,0,0,10,10,contributor,3790,2514,40.02
NeedMilk!,2,0,0,0,10,10,contributor,3790,2514,40.02
thisiswhereitype,0,1,0,0,10,10,contributor,3790,2514,40.02
zain-jhan,0,1,0,0,10,10,contributor,3790,2514,40.02
johnw424,0,1,0,0,10,10,contributor,3790,2514,40.02
Guilherme Cardoso de Vargas,2,0,0,0,10,10,contributor,3790,2514,40.02
rcorre,0,1,0,0,10,10,contributor,3790,2514,40.02
HurSungYun,0,1,0,0,10,10,contributor,3790,2514,40.02
KeeonTabrizi,0,1,0,0,10,10,contributor,3790,2514,40.02
arup-chauhan,0,1,0,0,10,10,contributor,3790,2514,40.02
mascah,0,1,0,0,10,10,contributor,3790,2514,40.02
ngwallace,0,1,0,0,10,10,contributor,3790,2514,40.02
legmac,0,1,0,0,10,10,contributor,3790,2514,40.02
asb108,0,1,0,0,10,10,contributor,3790,2514,40.02
DanilBaibak,0,1,0,0,10,10,contributor,3790,2514,40.02
Omar Iglesk,2,0,0,0,10,10,contributor,3790,2514,40.02
ncorriveau,0,1,0,0,10,10,contributor,3790,2514,40.02
vijay-jangir,0,1,0,0,10,10,contributor,3790,2514,40.02
David Volquartz Lebech,2,0,0,0,10,10,contributor,3790,2514,40.02
Arkadiy Krava,2,0,0,0,10,10,contributor,3790,2514,40.02
AnudeepKonaboina,0,1,0,0,10,10,contributor,3790,2514,40.02
nlipsyc,0,1,0,0,10,10,contributor,3790,2514,40.02
Francisco Chiang,2,0,0,0,10,10,contributor,3790,2514,40.02
ssontakke,0,1,0,0,10,10,contributor,3790,2514,40.02
Morten Post,2,0,0,0,10,10,contributor,3790,2514,40.02
tomchapin,0,1,0,0,10,10,contributor,3790,2514,40.02
bo01ean,0,1,0,0,10,10,contributor,3790,2514,40.02
Jean-Eudes Peloye,2,0,0,0,10,10,contributor,3790,2514,40.02
Shubham-astro,0,1,0,0,10,10,contributor,3790,2514,40.02
SCH227,0,1,0,0,10,10,contributor,3790,2514,40.02
mf-hyunsoo-kang,0,1,0,0,10,10,contributor,3790,2514,40.02
takus,0,1,0,0,10,10,contributor,3790,2514,40.02
michalbrys,0,1,0,0,10,10,contributor,3790,2514,40.02
ericmoritz,0,1,0,0,10,10,contributor,3790,2514,40.02
Mike Beckhusen,2,0,0,0,10,10,contributor,3790,2514,40.02
Laerte,0,1,0,0,10,10,contributor,3790,2514,40.02
Barry Hart,2,0,0,0,10,10,contributor,3790,2514,40.02
Túlio Lima,2,0,0,0,10,10,contributor,3790,2514,40.02
landreasl,0,1,0,0,10,10,contributor,3790,2514,40.02
breser,0,1,0,0,10,10,contributor,3790,2514,40.02
legau,0,1,0,0,10,10,contributor,3790,2514,40.02
tfpk,0,1,0,0,10,10,contributor,3790,2514,40.02
anoopengineer,0,1,0,0,10,10,contributor,3790,2514,40.02
tgs,0,1,0,0,10,10,contributor,3790,2514,40.02
mahesh-murugan-39,0,1,0,0,10,10,contributor,3790,2514,40.02
Mistobaan,0,1,0,0,10,10,contributor,3790,2514,40.02
HaeSe0ng,0,1,0,0,10,10,contributor,3790,2514,40.02
ckchow,0,1,0,0,10,10,contributor,3790,2514,40.02
angelgao,0,1,0,0,10,10,contributor,3790,2514,40.02
Tom,2,0,0,0,10,10,contributor,3790,2514,40.02
igorpejic,0,1,0,0,10,10,contributor,3790,2514,40.02
DariuszAniszewski,0,1,0,0,10,10,contributor,3790,2514,40.02
thiagophx,0,1,0,0,10,10,contributor,3790,2514,40.02
olegmayko,0,1,0,0,10,10,contributor,3790,2514,40.02
Byron94odhiambo,0,1,0,0,10,10,contributor,3790,2514,40.02
eyalzek,0,1,0,0,10,10,contributor,3790,2514,40.02
n-oden,0,1,0,0,10,10,contributor,3790,2514,40.02
Yu-Sheng Li,2,0,0,0,10,10,contributor,3790,2514,40.02
Mathew Wicks,2,0,0,0,10,10,contributor,3790,2514,40.02
jiffyclub,0,1,0,0,10,10,contributor,3790,2514,40.02
Pedro M Duarte,2,0,0,0,10,10,contributor,3790,2514,40.02
Mrrobi,0,1,0,0,10,10,contributor,3790,2514,40.02
geekykayaker,0,1,0,0,10,10,contributor,3790,2514,40.02
diegoalvarez-clarity,0,1,0,0,10,10,contributor,3790,2514,40.02
joonvena,0,1,0,0,10,10,contributor,3790,2514,40.02
nikie,0,1,0,0,10,10,contributor,3790,2514,40.02
tkeller-moxe,0,1,0,0,10,10,contributor,3790,2514,40.02
matt-theguyw1cat,0,1,0,0,10,10,contributor,3790,2514,40.02
Yongyiw,0,1,0,0,10,10,contributor,3790,2514,40.02
Masato Ohba,2,0,0,0,10,10,contributor,3790,2514,40.02
rodrigoWizeLine,0,1,0,0,10,10,contributor,3790,2514,40.02
cristianfr,0,1,0,0,10,10,contributor,3790,2514,40.02
mred-cmd,0,1,0,0,10,10,contributor,3790,2514,40.02
medb,0,1,0,0,10,10,contributor,3790,2514,40.02
wendykan,0,1,0,0,10,10,contributor,3790,2514,40.02
paragkshirsagar01,0,1,0,0,10,10,contributor,3790,2514,40.02
gmaliar,0,1,0,0,10,10,contributor,3790,2514,40.02
Nerdlet369,0,1,0,0,10,10,contributor,3790,2514,40.02
stephenoken,0,1,0,0,10,10,contributor,3790,2514,40.02
Aakash Nand,2,0,0,0,10,10,contributor,3790,2514,40.02
victordott,0,1,0,0,10,10,contributor,3790,2514,40.02
slowy07,0,1,0,0,10,10,contributor,3790,2514,40.02
Sitao Z,2,0,0,0,10,10,contributor,3790,2514,40.02
David Klosowski,2,0,0,0,10,10,contributor,3790,2514,40.02
Abhishek Mishra,2,0,0,0,10,10,contributor,3790,2514,40.02
omkar-thite,0,1,0,0,10,10,contributor,3790,2514,40.02
Brandon T. Willard,2,0,0,0,10,10,contributor,3790,2514,40.02
stverhae,0,1,0,0,10,10,contributor,3790,2514,40.02
mikelese,0,1,0,0,10,10,contributor,3790,2514,40.02
MerouaneBen,0,1,0,0,10,10,contributor,3790,2514,40.02
rogue-gamer-ryt,0,1,0,0,10,10,contributor,3790,2514,40.02
AA-Turner,0,1,0,0,10,10,contributor,3790,2514,40.02
Charles-Go,0,1,0,0,10,10,contributor,3790,2514,40.02
damon09273@gmail.com,2,0,0,0,10,10,contributor,3790,2514,40.02
kuromt,0,1,0,0,10,10,contributor,3790,2514,40.02
moertel,0,1,0,0,10,10,contributor,3790,2514,40.02
padwasabimasala,0,1,0,0,10,10,contributor,3790,2514,40.02
alxkolm,0,1,0,0,10,10,contributor,3790,2514,40.02
mike-mcdonald,0,1,0,0,10,10,contributor,3790,2514,40.02
JstFlip,0,1,0,0,10,10,contributor,3790,2514,40.02
iameugenejo,0,1,0,0,10,10,contributor,3790,2514,40.02
jcrobak,0,1,0,0,10,10,contributor,3790,2514,40.02
blindlf,0,1,0,0,10,10,contributor,3790,2514,40.02
NikolasOliveira,0,1,0,0,10,10,contributor,3790,2514,40.02
messense,0,1,0,0,10,10,contributor,3790,2514,40.02
Ray,2,0,0,0,10,10,contributor,3790,2514,40.02
mahrz24,0,1,0,0,10,10,contributor,3790,2514,40.02
Gabriel Montañola,2,0,0,0,10,10,contributor,3790,2514,40.02
dheerajkumar-solanki,0,1,0,0,10,10,contributor,3790,2514,40.02
andrius-paurys,0,1,0,0,10,10,contributor,3790,2514,40.02
marksteve,0,1,0,0,10,10,contributor,3790,2514,40.02
Nishanth-MIT,0,1,0,0,10,10,contributor,3790,2514,40.02
Felix Borchers,2,0,0,0,10,10,contributor,3790,2514,40.02
1nF0rmed,0,1,0,0,10,10,contributor,3790,2514,40.02
tianjianjiang,0,1,0,0,10,10,contributor,3790,2514,40.02
hienphamlabs,0,1,0,0,10,10,contributor,3790,2514,40.02
Braden McKallagat,2,0,0,0,10,10,contributor,3790,2514,40.02
Karl Andersson,2,0,0,0,10,10,contributor,3790,2514,40.02
Blizzke,0,1,0,0,10,10,contributor,3790,2514,40.02
Nicolas Lecoy,2,0,0,0,10,10,contributor,3790,2514,40.02
hiteshrd,0,1,0,0,10,10,contributor,3790,2514,40.02
fortierq,0,1,0,0,10,10,contributor,3790,2514,40.02
venosov,0,1,0,0,10,10,contributor,3790,2514,40.02
wedamija,0,1,0,0,10,10,contributor,3790,2514,40.02
Neda Mirian,2,0,0,0,10,10,contributor,3790,2514,40.02
AlabamaYarrow,0,1,0,0,10,10,contributor,3790,2514,40.02
aksdevs,0,1,0,0,10,10,contributor,3790,2514,40.02
keisuke-kawamura,0,1,0,0,10,10,contributor,3790,2514,40.02
sarafonseca-123,0,1,0,0,10,10,contributor,3790,2514,40.02
paulluong-zz,0,1,0,0,10,10,contributor,3790,2514,40.02
Teddy Hartanto,2,0,0,0,10,10,contributor,3790,2514,40.02
chenshuchao,0,1,0,0,10,10,contributor,3790,2514,40.02
arunvelsriram,0,1,0,0,10,10,contributor,3790,2514,40.02
robobario,0,1,0,0,10,10,contributor,3790,2514,40.02
AndrewTsao,0,1,0,0,10,10,contributor,3790,2514,40.02
KaYunKIM,0,1,0,0,10,10,contributor,3790,2514,40.02
jklott,0,1,0,0,10,10,contributor,3790,2514,40.02
AmanVattoli,0,1,0,0,10,10,contributor,3790,2514,40.02
ksoullpwk,0,1,0,0,10,10,contributor,3790,2514,40.02
jacob22,0,1,0,0,10,10,contributor,3790,2514,40.02
Ananya Mishra,2,0,0,0,10,10,contributor,3790,2514,40.02
SPTKL,0,1,0,0,10,10,contributor,3790,2514,40.02
vDMG,0,1,0,0,10,10,contributor,3790,2514,40.02
FlavSF,0,1,0,0,10,10,contributor,3790,2514,40.02
colin-streicher,0,1,0,0,10,10,contributor,3790,2514,40.02
tongboh,0,1,0,0,10,10,contributor,3790,2514,40.02
sb2nov,0,1,0,0,10,10,contributor,3790,2514,40.02
Madaswamy14,0,1,0,0,10,10,contributor,3790,2514,40.02
future-taga,0,1,0,0,10,10,contributor,3790,2514,40.02
XiaomingX,0,1,0,0,10,10,contributor,3790,2514,40.02
aryehgigi,0,1,0,0,10,10,contributor,3790,2514,40.02
dsjl,0,1,0,0,10,10,contributor,3790,2514,40.02
anatoly-soldatov,0,1,0,0,10,10,contributor,3790,2514,40.02
notifytovishal,0,1,0,0,10,10,contributor,3790,2514,40.02
Igor,2,0,0,0,10,10,contributor,3790,2514,40.02
AlefRP,0,1,0,0,10,10,contributor,3790,2514,40.02
caseyching,0,1,0,0,10,10,contributor,3790,2514,40.02
oelesinsc24,0,1,0,0,10,10,contributor,3790,2514,40.02
ccayg-sainsburys,0,1,0,0,10,10,contributor,3790,2514,40.02
purew,0,1,0,0,10,10,contributor,3790,2514,40.02
k-jakub,0,1,0,0,10,10,contributor,3790,2514,40.02
InderParmar,0,1,0,0,10,10,contributor,3790,2514,40.02
danielcarletti,0,1,0,0,10,10,contributor,3790,2514,40.02
dgghosalaws,0,1,0,0,10,10,contributor,3790,2514,40.02
joshuacano,0,1,0,0,10,10,contributor,3790,2514,40.02
cnliao,0,1,0,0,10,10,contributor,3790,2514,40.02
kevcampb,0,1,0,0,10,10,contributor,3790,2514,40.02
Yiannis Hadjicharalambous,2,0,0,0,10,10,contributor,3790,2514,40.02
Max Payton,2,0,0,0,10,10,contributor,3790,2514,40.02
nitaibezerra,0,1,0,0,10,10,contributor,3790,2514,40.02
9uzman7,0,1,0,0,10,10,contributor,3790,2514,40.02
Briimbo,0,1,0,0,10,10,contributor,3790,2514,40.02
Asgeir Berland,2,0,0,0,10,10,contributor,3790,2514,40.02
Kevin C,2,0,0,0,10,10,contributor,3790,2514,40.02
richddr,0,1,0,0,10,10,contributor,3790,2514,40.02
Siddharth Gupta,2,0,0,0,10,10,contributor,3790,2514,40.02
Mark Reid,2,0,0,0,10,10,contributor,3790,2514,40.02
hblanks,0,1,0,0,10,10,contributor,3790,2514,40.02
amyreese,0,1,0,0,10,10,contributor,3790,2514,40.02
jnstockley,0,1,0,0,10,10,contributor,3790,2514,40.02
emailbob,0,1,0,0,10,10,contributor,3790,2514,40.02
ebongzzang,0,1,0,0,10,10,contributor,3790,2514,40.02
shawnzhu,0,1,0,0,10,10,contributor,3790,2514,40.02
freyrsae,0,1,0,0,10,10,contributor,3790,2514,40.02
Bob De Schutter,2,0,0,0,10,10,contributor,3790,2514,40.02
scottypate,0,1,0,0,10,10,contributor,3790,2514,40.02
oliviervg1,0,1,0,0,10,10,contributor,3790,2514,40.02
jsurloppe,0,1,0,0,10,10,contributor,3790,2514,40.02
frankhsu,0,1,0,0,10,10,contributor,3790,2514,40.02
jlcoto,0,1,0,0,10,10,contributor,3790,2514,40.02
npezolano,0,1,0,0,10,10,contributor,3790,2514,40.02
DBCerigo,0,1,0,0,10,10,contributor,3790,2514,40.02
Varagon007,0,1,0,0,10,10,contributor,3790,2514,40.02
Ch0ronomato,0,1,0,0,10,10,contributor,3790,2514,40.02
sadan,0,1,0,0,10,10,contributor,3790,2514,40.02
Vladimir Aranovsky,2,0,0,0,10,10,contributor,3790,2514,40.02
josekidengan,0,1,0,0,10,10,contributor,3790,2514,40.02
Nakulbajaj101,0,1,0,0,10,10,contributor,3790,2514,40.02
douglasmakey,0,1,0,0,10,10,contributor,3790,2514,40.02
knowsuchagency,0,1,0,0,10,10,contributor,3790,2514,40.02
hnaoto,0,1,0,0,10,10,contributor,3790,2514,40.02
craig-chatfield,0,1,0,0,10,10,contributor,3790,2514,40.02
smlee729,0,1,0,0,10,10,contributor,3790,2514,40.02
djFFFFF,0,1,0,0,10,10,contributor,3790,2514,40.02
guiligan,0,1,0,0,10,10,contributor,3790,2514,40.02
davideconsonni,0,1,0,0,10,10,contributor,3790,2514,40.02
rohitrai94,0,1,0,0,10,10,contributor,3790,2514,40.02
Conformist101,0,1,0,0,10,10,contributor,3790,2514,40.02
Fouzi Takelait,2,0,0,0,10,10,contributor,3790,2514,40.02
omarismail94,0,1,0,0,10,10,contributor,3790,2514,40.02
Sergio Herrera Guzmán,2,0,0,0,10,10,contributor,3790,2514,40.02
Jayden-Chiu,0,1,0,0,10,10,contributor,3790,2514,40.02
fnshemerirwe,0,1,0,0,10,10,contributor,3790,2514,40.02
88sanjay,0,1,0,0,10,10,contributor,3790,2514,40.02
Makrushin Evgenii,2,0,0,0,10,10,contributor,3790,2514,40.02
hewerthomn,0,1,0,0,10,10,contributor,3790,2514,40.02
travisbusen,0,1,0,0,10,10,contributor,3790,2514,40.02
JavierLTPromofarma,0,1,0,0,10,10,contributor,3790,2514,40.02
slash-cyberpunk,0,1,0,0,10,10,contributor,3790,2514,40.02
mengxr,0,1,0,0,10,10,contributor,3790,2514,40.02
brandys11,0,1,0,0,10,10,contributor,3790,2514,40.02
chinhngt,0,1,0,0,10,10,contributor,3790,2514,40.02
kenbier,0,1,0,0,10,10,contributor,3790,2514,40.02
tomjurgen,0,1,0,0,10,10,contributor,3790,2514,40.02
sjairam48,0,1,0,0,10,10,contributor,3790,2514,40.02
druizz90,0,1,0,0,10,10,contributor,3790,2514,40.02
galtthedestroyer,0,1,0,0,10,10,contributor,3790,2514,40.02
alirezahamami,0,1,0,0,10,10,contributor,3790,2514,40.02
ze0n,0,1,0,0,10,10,contributor,3790,2514,40.02
ojongyolandtaku,0,1,0,0,10,10,contributor,3790,2514,40.02
mmmaia,0,1,0,0,10,10,contributor,3790,2514,40.02
himabindu07,0,1,0,0,10,10,contributor,3790,2514,40.02
shreyasjoshis,0,1,0,0,10,10,contributor,3790,2514,40.02
Badekale,0,1,0,0,10,10,contributor,3790,2514,40.02
dkalamar,0,1,0,0,10,10,contributor,3790,2514,40.02
Ofer Zelig,2,0,0,0,10,10,contributor,3790,2514,40.02
jmelching,0,1,0,0,10,10,contributor,3790,2514,40.02
bovard,0,1,0,0,10,10,contributor,3790,2514,40.02
jalessio,0,1,0,0,10,10,contributor,3790,2514,40.02
liubotao,0,1,0,0,10,10,contributor,3790,2514,40.02
HumanIearning,0,1,0,0,10,10,contributor,3790,2514,40.02
itstemo,0,1,0,0,10,10,contributor,3790,2514,40.02
Yoel,2,0,0,0,10,10,contributor,3790,2514,40.02
kaihendry,0,1,0,0,10,10,contributor,3790,2514,40.02
jinossy,0,1,0,0,10,10,contributor,3790,2514,40.02
j1wonpark,0,1,0,0,10,10,contributor,3790,2514,40.02
antonaut,0,1,0,0,10,10,contributor,3790,2514,40.02
anna-hope,0,1,0,0,10,10,contributor,3790,2514,40.02
wasperen,0,1,0,0,10,10,contributor,3790,2514,40.02
durch,0,1,0,0,10,10,contributor,3790,2514,40.02
k24d,0,1,0,0,10,10,contributor,3790,2514,40.02
eepstein,0,1,0,0,10,10,contributor,3790,2514,40.02
baecher,0,1,0,0,10,10,contributor,3790,2514,40.02
valeryden,0,1,0,0,10,10,contributor,3790,2514,40.02
raspberryfield,0,1,0,0,10,10,contributor,3790,2514,40.02
soloman1124,0,1,0,0,10,10,contributor,3790,2514,40.02
mholtzscher,0,1,0,0,10,10,contributor,3790,2514,40.02
petersunbag,0,1,0,0,10,10,contributor,3790,2514,40.02
shamin,0,1,0,0,10,10,contributor,3790,2514,40.02
timqsh,0,1,0,0,10,10,contributor,3790,2514,40.02
theopus,0,1,0,0,10,10,contributor,3790,2514,40.02
westonplatter,0,1,0,0,10,10,contributor,3790,2514,40.02
makiwino,0,1,0,0,10,10,contributor,3790,2514,40.02
svenvarkel,0,1,0,0,10,10,contributor,3790,2514,40.02
7yl4r,0,1,0,0,10,10,contributor,3790,2514,40.02
cmbilly8,0,1,0,0,10,10,contributor,3790,2514,40.02
Ney Walens De Mesquita,2,0,0,0,10,10,contributor,3790,2514,40.02
yuan-glu,0,1,0,0,10,10,contributor,3790,2514,40.02
michaelimas1,0,1,0,0,10,10,contributor,3790,2514,40.02
n2p5,0,1,0,0,10,10,contributor,3790,2514,40.02
qgallet,0,1,0,0,10,10,contributor,3790,2514,40.02
davideanastasia,0,1,0,0,10,10,contributor,3790,2514,40.02
jgmarcel,0,1,0,0,10,10,contributor,3790,2514,40.02
U-Ozdemir,0,1,0,0,10,10,contributor,3790,2514,40.02
AlexandreYang,0,1,0,0,10,10,contributor,3790,2514,40.02
dgingrich,0,1,0,0,10,10,contributor,3790,2514,40.02
Pat Leamon,2,0,0,0,10,10,contributor,3790,2514,40.02
jldc4-ua,0,1,0,0,10,10,contributor,3790,2514,40.02
Vishal Srivastava,2,0,0,0,10,10,contributor,3790,2514,40.02
umren,0,1,0,0,10,10,contributor,3790,2514,40.02
MohamedEqinov,0,1,0,0,10,10,contributor,3790,2514,40.02
neuromusic,0,1,0,0,10,10,contributor,3790,2514,40.02
Julian Maicher,2,0,0,0,10,10,contributor,3790,2514,40.02
Ryan-Miao,0,1,0,0,10,10,contributor,3790,2514,40.02
big-c-note,0,1,0,0,10,10,contributor,3790,2514,40.02
makinzm,0,1,0,0,10,10,contributor,3790,2514,40.02
Sungpeo Kook,2,0,0,0,10,10,contributor,3790,2514,40.02
andylockran,0,1,0,0,10,10,contributor,3790,2514,40.02
Divyaselva14,0,1,0,0,10,10,contributor,3790,2514,40.02
devmakerstudio,0,1,0,0,10,10,contributor,3790,2514,40.02
Rob Kaufmann,2,0,0,0,10,10,contributor,3790,2514,40.02
aaronabraham311,0,1,0,0,10,10,contributor,3790,2514,40.02
martingrayson,0,1,0,0,10,10,contributor,3790,2514,40.02
Rushabh-Garambha,0,1,0,0,10,10,contributor,3790,2514,40.02
madden1706,0,1,0,0,10,10,contributor,3790,2514,40.02
alexandrebrilhante,0,1,0,0,10,10,contributor,3790,2514,40.02
hguercan,0,1,0,0,10,10,contributor,3790,2514,40.02
listik,0,1,0,0,10,10,contributor,3790,2514,40.02
Draqun,0,1,0,0,10,10,contributor,3790,2514,40.02
melotik,0,1,0,0,10,10,contributor,3790,2514,40.02
iangcarroll,0,1,0,0,10,10,contributor,3790,2514,40.02
THISisZOLI,0,1,0,0,10,10,contributor,3790,2514,40.02
gavin-tynan-beamery,0,1,0,0,10,10,contributor,3790,2514,40.02
danihodovic,0,1,0,0,10,10,contributor,3790,2514,40.02
etrabelsi,0,1,0,0,10,10,contributor,3790,2514,40.02
bressanmarcos,0,1,0,0,10,10,contributor,3790,2514,40.02
Jared Fallt,2,0,0,0,10,10,contributor,3790,2514,40.02
Kirill Romanikhin,2,0,0,0,10,10,contributor,3790,2514,40.02
parejadan,0,1,0,0,10,10,contributor,3790,2514,40.02
laurikoobas,0,1,0,0,10,10,contributor,3790,2514,40.02
smith-m,0,1,0,0,10,10,contributor,3790,2514,40.02
timfeirg,0,1,0,0,10,10,contributor,3790,2514,40.02
shivshankars4806-dev,0,1,0,0,10,10,contributor,3790,2514,40.02
Alearner12,0,1,0,0,10,10,contributor,3790,2514,40.02
Xtema,0,1,0,0,10,10,contributor,3790,2514,40.02
jasonwashburn,0,1,0,0,10,10,contributor,3790,2514,40.02
Matthew Schmoyer,2,0,0,0,10,10,contributor,3790,2514,40.02
Zhangyi Hu,2,0,0,0,10,10,contributor,3790,2514,40.02
chandra prakash yadav,2,0,0,0,10,10,contributor,3790,2514,40.02
aleksgor,0,1,0,0,10,10,contributor,3790,2514,40.02
mingyexia,0,1,0,0,10,10,contributor,3790,2514,40.02
鐘翊修,2,0,0,0,10,10,contributor,3790,2514,40.02
Thales Mello,2,0,0,0,10,10,contributor,3790,2514,40.02
syucream,0,1,0,0,10,10,contributor,3790,2514,40.02
Jayesh45-master,0,1,0,0,10,10,contributor,3790,2514,40.02
jthomas123,0,1,0,0,10,10,contributor,3790,2514,40.02
MadScientistBR,0,1,0,0,10,10,contributor,3790,2514,40.02
hasiotis,0,1,0,0,10,10,contributor,3790,2514,40.02
Ishan Rastogi,2,0,0,0,10,10,contributor,3790,2514,40.02
João Marques,2,0,0,0,10,10,contributor,3790,2514,40.02
juzai123,0,1,0,0,10,10,contributor,3790,2514,40.02
shashwata27,0,1,0,0,10,10,contributor,3790,2514,40.02
chrisfregly,0,1,0,0,10,10,contributor,3790,2514,40.02
jcobb-healx,0,1,0,0,10,10,contributor,3790,2514,40.02
Purna Chander,2,0,0,0,10,10,contributor,3790,2514,40.02
sumit-kushwah,0,1,0,0,10,10,contributor,3790,2514,40.02
khtee,0,1,0,0,10,10,contributor,3790,2514,40.02
Josersanvil,0,1,0,0,10,10,contributor,3790,2514,40.02
Samson Koshy,2,0,0,0,10,10,contributor,3790,2514,40.02
chancekim,0,1,0,0,10,10,contributor,3790,2514,40.02
Andrew-Wichmann,0,1,0,0,10,10,contributor,3790,2514,40.02
Patil2099,0,1,0,0,10,10,contributor,3790,2514,40.02
puneethpotu,0,1,0,0,10,10,contributor,3790,2514,40.02
sokoloff,0,1,0,0,10,10,contributor,3790,2514,40.02
camilomartinez,0,1,0,0,10,10,contributor,3790,2514,40.02
0atman,0,1,0,0,10,10,contributor,3790,2514,40.02
yrqls21,2,0,0,0,10,10,contributor,3790,2514,40.02
zlhsmfj,0,1,0,0,10,10,contributor,3790,2514,40.02
DandikUnited,0,1,0,0,10,10,contributor,3790,2514,40.02
sanyud24,0,1,0,0,10,10,contributor,3790,2514,40.02
NithinU2802,0,1,0,0,10,10,contributor,3790,2514,40.02
rossgray,0,1,0,0,10,10,contributor,3790,2514,40.02
kaddynator,0,1,0,0,10,10,contributor,3790,2514,40.02
Akim Akimov,2,0,0,0,10,10,contributor,3790,2514,40.02
Kevin Barranco,2,0,0,0,10,10,contributor,3790,2514,40.02
harels,0,1,0,0,10,10,contributor,3790,2514,40.02
ttpro1995,0,1,0,0,10,10,contributor,3790,2514,40.02
seato,0,1,0,0,10,10,contributor,3790,2514,40.02
holyslav,0,1,0,0,10,10,contributor,3790,2514,40.02
EricDylan47,0,1,0,0,10,10,contributor,3790,2514,40.02
Albert Okiri,2,0,0,0,10,10,contributor,3790,2514,40.02
omar-binary,0,1,0,0,10,10,contributor,3790,2514,40.02
GabeChurch,0,1,0,0,10,10,contributor,3790,2514,40.02
Smeb,0,1,0,0,10,10,contributor,3790,2514,40.02
gsemet,0,1,0,0,10,10,contributor,3790,2514,40.02
MateuszJeziorski,0,1,0,0,10,10,contributor,3790,2514,40.02
s-mcqueen,0,1,0,0,10,10,contributor,3790,2514,40.02
byyue,0,1,0,0,10,10,contributor,3790,2514,40.02
xs2tarunkukreja,0,1,0,0,10,10,contributor,3790,2514,40.02
AlexWaygood,0,1,0,0,10,10,contributor,3790,2514,40.02
jmccartin,0,1,0,0,10,10,contributor,3790,2514,40.02
javacruft,0,1,0,0,10,10,contributor,3790,2514,40.02
szymonm,0,1,0,0,10,10,contributor,3790,2514,40.02
Lorin Dawson,2,0,0,0,10,10,contributor,3790,2514,40.02
lukeFalsina,0,1,0,0,10,10,contributor,3790,2514,40.02
py-ranoid,0,1,0,0,10,10,contributor,3790,2514,40.02
arunangshu01,0,1,0,0,10,10,contributor,3790,2514,40.02
karangale,0,1,0,0,10,10,contributor,3790,2514,40.02
ThejanaWeththz,0,1,0,0,10,10,contributor,3790,2514,40.02
pfldy2850,0,1,0,0,10,10,contributor,3790,2514,40.02
pallih,0,1,0,0,10,10,contributor,3790,2514,40.02
vurgunhajiyev,0,1,0,0,10,10,contributor,3790,2514,40.02
vasanthrpjan1-boop,0,1,0,0,10,10,contributor,3790,2514,40.02
mbarrien,0,1,0,0,10,10,contributor,3790,2514,40.02
Vincent550102,0,1,0,0,10,10,contributor,3790,2514,40.02
gjreda,0,1,0,0,10,10,contributor,3790,2514,40.02
Adam Haney,2,0,0,0,10,10,contributor,3790,2514,40.02
penfree,0,1,0,0,10,10,contributor,3790,2514,40.02
bilbof,0,1,0,0,10,10,contributor,3790,2514,40.02
Manisha7530,0,1,0,0,10,10,contributor,3790,2514,40.02
ArthurPedroti,0,1,0,0,10,10,contributor,3790,2514,40.02
walf443,0,1,0,0,10,10,contributor,3790,2514,40.02
rosner,0,1,0,0,10,10,contributor,3790,2514,40.02
Dmytro Suvorov,2,0,0,0,10,10,contributor,3790,2514,40.02
tmdi123,0,1,0,0,10,10,contributor,3790,2514,40.02
Javier162380,0,1,0,0,10,10,contributor,3790,2514,40.02
rhwang10,0,1,0,0,10,10,contributor,3790,2514,40.02
AnvayKharb,0,1,0,0,10,10,contributor,3790,2514,40.02
Simon Meng,2,0,0,0,10,10,contributor,3790,2514,40.02
swythan,0,1,0,0,10,10,contributor,3790,2514,40.02
jmsanders,0,1,0,0,10,10,contributor,3790,2514,40.02
gabrielsyapse,0,1,0,0,10,10,contributor,3790,2514,40.02
zseta,0,1,0,0,10,10,contributor,3790,2514,40.02
esthomw,0,1,0,0,10,10,contributor,3790,2514,40.02
Daniel2000815,0,1,0,0,10,10,contributor,3790,2514,40.02
Arnel Jan Sarmiento,2,0,0,0,10,10,contributor,3790,2514,40.02
dntosas,0,1,0,0,10,10,contributor,3790,2514,40.02
Jeff Stafford,2,0,0,0,10,10,contributor,3790,2514,40.02
clickthisnick,0,1,0,0,10,10,contributor,3790,2514,40.02
Alan Cruickshank,2,0,0,0,10,10,contributor,3790,2514,40.02
seratch,0,1,0,0,10,10,contributor,3790,2514,40.02
kuzyn83,0,1,0,0,10,10,contributor,3790,2514,40.02
vincyf1,0,1,0,0,10,10,contributor,3790,2514,40.02
gabrieleckers,0,1,0,0,10,10,contributor,3790,2514,40.02
samuelwbock,0,1,0,0,10,10,contributor,3790,2514,40.02
Manuel B,2,0,0,0,10,10,contributor,3790,2514,40.02
ivorpeles,0,1,0,0,10,10,contributor,3790,2514,40.02
Sanchit Burkule,2,0,0,0,10,10,contributor,3790,2514,40.02
pablo-menhir,0,1,0,0,10,10,contributor,3790,2514,40.02
hrkh,0,1,0,0,10,10,contributor,3790,2514,40.02
Vanessasaurus,2,0,0,0,10,10,contributor,3790,2514,40.02
parksunah,0,1,0,0,10,10,contributor,3790,2514,40.02
anmol-dhingra,0,1,0,0,10,10,contributor,3790,2514,40.02
fpgmaas,0,1,0,0,10,10,contributor,3790,2514,40.02
mblackgeo,0,1,0,0,10,10,contributor,3790,2514,40.02
larsjeh,0,1,0,0,10,10,contributor,3790,2514,40.02
tseruga,0,1,0,0,10,10,contributor,3790,2514,40.02
asaklex,0,1,0,0,10,10,contributor,3790,2514,40.02
0x68,0,1,0,0,10,10,contributor,3790,2514,40.02
teamurko,0,1,0,0,10,10,contributor,3790,2514,40.02
Alexander Petrovsky,2,0,0,0,10,10,contributor,3790,2514,40.02
emery-finkelstein,0,1,0,0,10,10,contributor,3790,2514,40.02
RahulVadisetty91,0,1,0,0,10,10,contributor,3790,2514,40.02
zjj,0,1,0,0,10,10,contributor,3790,2514,40.02
gabrielvieira37,0,1,0,0,10,10,contributor,3790,2514,40.02
martingaleh,0,1,0,0,10,10,contributor,3790,2514,40.02
Greg Neiheisel,2,0,0,0,10,10,contributor,3790,2514,40.02
dash-stefan-petrescu,0,1,0,0,10,10,contributor,3790,2514,40.02
poulainv,0,1,0,0,10,10,contributor,3790,2514,40.02
noqcks,0,1,0,0,10,10,contributor,3790,2514,40.02
serdukow,0,1,0,0,10,10,contributor,3790,2514,40.02
dice89,0,1,0,0,10,10,contributor,3790,2514,40.02
kisssam,0,1,0,0,10,10,contributor,3790,2514,40.02
jscorre1a,0,1,0,0,10,10,contributor,3790,2514,40.02
shenni119,0,1,0,0,10,10,contributor,3790,2514,40.02
rab170,0,1,0,0,10,10,contributor,3790,2514,40.02
r4vi,0,1,0,0,10,10,contributor,3790,2514,40.02
skimbrel,0,1,0,0,10,10,contributor,3790,2514,40.02
jomv1,0,1,0,0,10,10,contributor,3790,2514,40.02
nervoussidd,0,1,0,0,10,10,contributor,3790,2514,40.02
bryan831,0,1,0,0,10,10,contributor,3790,2514,40.02
apurvis,0,1,0,0,10,10,contributor,3790,2514,40.02
Amar1404,0,1,0,0,10,10,contributor,3790,2514,40.02
zinal,0,1,0,0,10,10,contributor,3790,2514,40.02
fishmandev,0,1,0,0,10,10,contributor,3790,2514,40.02
Niklas Rousset,2,0,0,0,10,10,contributor,3790,2514,40.02
massamany,0,1,0,0,10,10,contributor,3790,2514,40.02
untwal,0,1,0,0,10,10,contributor,3790,2514,40.02
David Palmer,2,0,0,0,10,10,contributor,3790,2514,40.02
AnumSheraz,0,1,0,0,10,10,contributor,3790,2514,40.02
zxzl,0,1,0,0,10,10,contributor,3790,2514,40.02
dmarcous,0,1,0,0,10,10,contributor,3790,2514,40.02
alasdiel,0,1,0,0,10,10,contributor,3790,2514,40.02
lixiaoyong12,0,1,0,0,10,10,contributor,3790,2514,40.02
patpanda94,0,1,0,0,10,10,contributor,3790,2514,40.02
qifengzhou,0,1,0,0,10,10,contributor,3790,2514,40.02
Ruslan,2,0,0,0,10,10,contributor,3790,2514,40.02
Philippus,0,1,0,0,10,10,contributor,3790,2514,40.02
Brighton Balfrey,2,0,0,0,10,10,contributor,3790,2514,40.02
yrik,0,1,0,0,10,10,contributor,3790,2514,40.02
Jasmin Patel,2,0,0,0,10,10,contributor,3790,2514,40.02
earthmancash2,0,1,0,0,10,10,contributor,3790,2514,40.02
smrt28,0,1,0,0,10,10,contributor,3790,2514,40.02
Suyog942,0,1,0,0,10,10,contributor,3790,2514,40.02
Nikolay,2,0,0,0,10,10,contributor,3790,2514,40.02
djo10,0,1,0,0,10,10,contributor,3790,2514,40.02
simonohanlon101,0,1,0,0,10,10,contributor,3790,2514,40.02
Leonardo Alves Miguel,2,0,0,0,10,10,contributor,3790,2514,40.02
cdemonchy-pro,0,1,0,0,10,10,contributor,3790,2514,40.02
dpguthrie,0,1,0,0,10,10,contributor,3790,2514,40.02
skytin1004,0,1,0,0,10,10,contributor,3790,2514,40.02
cybersavvydev,0,1,0,0,10,10,contributor,3790,2514,40.02
theelderbeever,0,1,0,0,10,10,contributor,3790,2514,40.02
slavachy,0,1,0,0,10,10,contributor,3790,2514,40.02
xvenge00,0,1,0,0,10,10,contributor,3790,2514,40.02
luisglft,0,1,0,0,10,10,contributor,3790,2514,40.02
afarbos,0,1,0,0,10,10,contributor,3790,2514,40.02
sumedhakoranga,0,1,0,0,10,10,contributor,3790,2514,40.02
thadguidry,0,1,0,0,10,10,contributor,3790,2514,40.02
Peter Dolan,2,0,0,0,10,10,contributor,3790,2514,40.02
Seiji 誠 次,2,0,0,0,10,10,contributor,3790,2514,40.02
AndrewShakinovsky-SAS,0,1,0,0,10,10,contributor,3790,2514,40.02
shanecglass,0,1,0,0,10,10,contributor,3790,2514,40.02
venkateshwaracholan,0,1,0,0,10,10,contributor,3790,2514,40.02
hyperborea,0,1,0,0,10,10,contributor,3790,2514,40.02
IanDanielM,0,1,0,0,10,10,contributor,3790,2514,40.02
William Horton,2,0,0,0,10,10,contributor,3790,2514,40.02
vaaalik,0,1,0,0,10,10,contributor,3790,2514,40.02
rubanolha,0,1,0,0,10,10,contributor,3790,2514,40.02
bravmi,0,1,0,0,10,10,contributor,3790,2514,40.02
chranto,0,1,0,0,10,10,contributor,3790,2514,40.02
Jesus89,0,1,0,0,10,10,contributor,3790,2514,40.02
goktugkose,0,1,0,0,10,10,contributor,3790,2514,40.02
luislema79,0,1,0,0,10,10,contributor,3790,2514,40.02
blackw1ng,0,1,0,0,10,10,contributor,3790,2514,40.02
hengfengli,0,1,0,0,10,10,contributor,3790,2514,40.02
Pasha Yermalovich,2,0,0,0,10,10,contributor,3790,2514,40.02
gfalcone,0,1,0,0,10,10,contributor,3790,2514,40.02
natasharw,0,1,0,0,10,10,contributor,3790,2514,40.02
genhernandez,0,1,0,0,10,10,contributor,3790,2514,40.02
wmorin,0,1,0,0,10,10,contributor,3790,2514,40.02
MaximeKestemont,0,1,0,0,10,10,contributor,3790,2514,40.02
jacobm3,0,1,0,0,10,10,contributor,3790,2514,40.02
joeknize-bc,0,1,0,0,10,10,contributor,3790,2514,40.02
michelgoldstein,0,1,0,0,10,10,contributor,3790,2514,40.02
Mike Lyons,2,0,0,0,10,10,contributor,3790,2514,40.02
vmalakhin,0,1,0,0,10,10,contributor,3790,2514,40.02
seii-saintway,0,1,0,0,10,10,contributor,3790,2514,40.02
sherwian,0,1,0,0,10,10,contributor,3790,2514,40.02
eylonronen,0,1,0,0,10,10,contributor,3790,2514,40.02
Nikhil Nadig,2,0,0,0,10,10,contributor,3790,2514,40.02
burnash,0,1,0,0,10,10,contributor,3790,2514,40.02
deckmon,0,1,0,0,10,10,contributor,3790,2514,40.02
idavison,0,1,0,0,10,10,contributor,3790,2514,40.02
shivshav,0,1,0,0,10,10,contributor,3790,2514,40.02
cushionbadak,0,1,0,0,10,10,contributor,3790,2514,40.02
roel-w,0,1,0,0,10,10,contributor,3790,2514,40.02
kblibr,0,1,0,0,10,10,contributor,3790,2514,40.02
cmdoptesc,0,1,0,0,10,10,contributor,3790,2514,40.02
gsajko,0,1,0,0,10,10,contributor,3790,2514,40.02
Niels Claeys,2,0,0,0,10,10,contributor,3790,2514,40.02
Alexander Liotta,2,0,0,0,10,10,contributor,3790,2514,40.02
marianore-muttdata,0,1,0,0,10,10,contributor,3790,2514,40.02
sabrikaragonen,0,1,0,0,10,10,contributor,3790,2514,40.02
FiyinD,0,1,0,0,10,10,contributor,3790,2514,40.02
ZeeD,0,1,0,0,10,10,contributor,3790,2514,40.02
kidig,0,1,0,0,10,10,contributor,3790,2514,40.02
markgrover,0,1,0,0,10,10,contributor,3790,2514,40.02
Steven van Rossum,2,0,0,0,10,10,contributor,3790,2514,40.02
zack3241,0,1,0,0,10,10,contributor,3790,2514,40.02
jecolvin,0,1,0,0,10,10,contributor,3790,2514,40.02
gautamsumeet,0,1,0,0,10,10,contributor,3790,2514,40.02
MohammedDiab,0,1,0,0,10,10,contributor,3790,2514,40.02
ashishjayamohan,0,1,0,0,10,10,contributor,3790,2514,40.02
tatitati,0,1,0,0,10,10,contributor,3790,2514,40.02
tobes,0,1,0,0,10,10,contributor,3790,2514,40.02
lentinj,0,1,0,0,10,10,contributor,3790,2514,40.02
Rcharriol,0,1,0,0,10,10,contributor,3790,2514,40.02
intellectronica,0,1,0,0,10,10,contributor,3790,2514,40.02
csy1204,0,1,0,0,10,10,contributor,3790,2514,40.02
Dane Laban,2,0,0,0,10,10,contributor,3790,2514,40.02
vgabdala,0,1,0,0,10,10,contributor,3790,2514,40.02
willshen99,0,1,0,0,10,10,contributor,3790,2514,40.02
Matthew Chen,2,0,0,0,10,10,contributor,3790,2514,40.02
bbigras,0,1,0,0,10,10,contributor,3790,2514,40.02
LamaAni,0,1,0,0,10,10,contributor,3790,2514,40.02
ziky90,0,1,0,0,10,10,contributor,3790,2514,40.02
wachoo,0,1,0,0,10,10,contributor,3790,2514,40.02
hrishidongre,0,1,0,0,10,10,contributor,3790,2514,40.02
YouZhengChuan,0,1,0,0,10,10,contributor,3790,2514,40.02
hydrosquall,0,1,0,0,10,10,contributor,3790,2514,40.02
kvalev,0,1,0,0,10,10,contributor,3790,2514,40.02
zzlbuaa,0,1,0,0,10,10,contributor,3790,2514,40.02
JeremyBernier,0,1,0,0,10,10,contributor,3790,2514,40.02
Dan-Git-Rep,0,1,0,0,10,10,contributor,3790,2514,40.02
lperson,0,1,0,0,10,10,contributor,3790,2514,40.02
Bagautdino,0,1,0,0,10,10,contributor,3790,2514,40.02
jessicaschueler,0,1,0,0,10,10,contributor,3790,2514,40.02
umanium,0,1,0,0,10,10,contributor,3790,2514,40.02
junho85,0,1,0,0,10,10,contributor,3790,2514,40.02
irajankumar,0,1,0,0,10,10,contributor,3790,2514,40.02
donghyun-daniel,0,1,0,0,10,10,contributor,3790,2514,40.02
yunsou,0,1,0,0,10,10,contributor,3790,2514,40.02
octaviolage,0,1,0,0,10,10,contributor,3790,2514,40.02
varunmuriyanat,0,1,0,0,10,10,contributor,3790,2514,40.02
sci-c0,0,1,0,0,10,10,contributor,3790,2514,40.02
eminency,0,1,0,0,10,10,contributor,3790,2514,40.02
cjac,0,1,0,0,10,10,contributor,3790,2514,40.02
loozhengyuan,0,1,0,0,10,10,contributor,3790,2514,40.02
aliavni,0,1,0,0,10,10,contributor,3790,2514,40.02
Kevin McHale,2,0,0,0,10,10,contributor,3790,2514,40.02
jdmedeiros,0,1,0,0,10,10,contributor,3790,2514,40.02
EbrahimKaram,0,1,0,0,10,10,contributor,3790,2514,40.02
b8choi,0,1,0,0,10,10,contributor,3790,2514,40.02
Pocoder,0,1,0,0,10,10,contributor,3790,2514,40.02
samelamin,0,1,0,0,10,10,contributor,3790,2514,40.02
paulpham157,0,1,0,0,10,10,contributor,3790,2514,40.02
aravinduv,0,1,0,0,10,10,contributor,3790,2514,40.02
drboyer,0,1,0,0,10,10,contributor,3790,2514,40.02
andrewelkins,0,1,0,0,10,10,contributor,3790,2514,40.02
shaikhyaser,0,1,0,0,10,10,contributor,3790,2514,40.02
walkoss,0,1,0,0,10,10,contributor,3790,2514,40.02
kpfleming,0,1,0,0,10,10,contributor,3790,2514,40.02
thejasbabu,0,1,0,0,10,10,contributor,3790,2514,40.02
camilleanne,0,1,0,0,10,10,contributor,3790,2514,40.02
lubert,0,1,0,0,10,10,contributor,3790,2514,40.02
tammymendt,0,1,0,0,10,10,contributor,3790,2514,40.02
Yaro1,0,1,0,0,10,10,contributor,3790,2514,40.02
avanelli,0,1,0,0,10,10,contributor,3790,2514,40.02
mcastelloNum35ator,0,1,0,0,10,10,contributor,3790,2514,40.02
evelynmitchell,0,1,0,0,10,10,contributor,3790,2514,40.02
RellikSai,0,1,0,0,10,10,contributor,3790,2514,40.02
xianghuzhao,0,1,0,0,10,10,contributor,3790,2514,40.02
yranjan06,0,1,0,0,10,10,contributor,3790,2514,40.02
rudlac,0,1,0,0,10,10,contributor,3790,2514,40.02
DSamuylov,0,1,0,0,10,10,contributor,3790,2514,40.02
surawut-jirasaktavee,0,1,0,0,10,10,contributor,3790,2514,40.02
759803573,0,1,0,0,10,10,contributor,3790,2514,40.02
XuankangLin,0,1,0,0,10,10,contributor,3790,2514,40.02
cesararevalo,0,1,0,0,10,10,contributor,3790,2514,40.02
Patricio Rocca,2,0,0,0,10,10,contributor,3790,2514,40.02
tanmatt,0,1,0,0,10,10,contributor,3790,2514,40.02
Jake Ferriero,2,0,0,0,10,10,contributor,3790,2514,40.02
StasE9o,0,1,0,0,10,10,contributor,3790,2514,40.02
jayzelenkov,0,1,0,0,10,10,contributor,3790,2514,40.02
garthcn,0,1,0,0,10,10,contributor,3790,2514,40.02
adlersantos,0,1,0,0,10,10,contributor,3790,2514,40.02
optimuspaul,0,1,0,0,10,10,contributor,3790,2514,40.02
sasidharan-rathinam,0,1,0,0,10,10,contributor,3790,2514,40.02
leonidasefrem,0,1,0,0,10,10,contributor,3790,2514,40.02
morkot,0,1,0,0,10,10,contributor,3790,2514,40.02
vklogin,0,1,0,0,10,10,contributor,3790,2514,40.02
troyharvey,0,1,0,0,10,10,contributor,3790,2514,40.02
jlorion,0,1,0,0,10,10,contributor,3790,2514,40.02
basvdl,0,1,0,0,10,10,contributor,3790,2514,40.02
czarinacatambing,0,1,0,0,10,10,contributor,3790,2514,40.02
YasenPetrov,0,1,0,0,10,10,contributor,3790,2514,40.02
SKisContent,0,1,0,0,10,10,contributor,3790,2514,40.02
blrnw3,0,1,0,0,10,10,contributor,3790,2514,40.02
Dmitriy Synkov,2,0,0,0,10,10,contributor,3790,2514,40.02
josedaniel-escribano-clarity,0,1,0,0,10,10,contributor,3790,2514,40.02
dandv,0,1,0,0,10,10,contributor,3790,2514,40.02
kehv1n,0,1,0,0,10,10,contributor,3790,2514,40.02
joaopedro02,0,1,0,0,10,10,contributor,3790,2514,40.02
Andrew Lam,2,0,0,0,10,10,contributor,3790,2514,40.02
alexInhert,0,0,5,0,10,10,observer,3790,32,40.02
sherryzhao1006,0,1,0,0,10,10,contributor,3790,2514,40.02
Saumil Patel,2,0,0,0,10,10,contributor,3790,2514,40.02
dbkegley,0,1,0,0,10,10,contributor,3790,2514,40.02
prabodh1194,0,1,0,0,10,10,contributor,3790,2514,40.02
f1yegor,0,1,0,0,10,10,contributor,3790,2514,40.02
andriyfedorov,0,1,0,0,10,10,contributor,3790,2514,40.02
Tsuyoshi Ozawa,2,0,0,0,10,10,contributor,3790,2514,40.02
BorysWix,0,1,0,0,10,10,contributor,3790,2514,40.02
Rachana Dutta,2,0,0,0,10,10,contributor,3790,2514,40.02
rodrigodelmonte,0,1,0,0,10,10,contributor,3790,2514,40.02
Kiruban Kamaraj,2,0,0,0,10,10,contributor,3790,2514,40.02
Azis,2,0,0,0,10,10,contributor,3790,2514,40.02
Steve Jacobs,2,0,0,0,10,10,contributor,3790,2514,40.02
j-martin,0,1,0,0,10,10,contributor,3790,2514,40.02
myeunee,0,1,0,0,10,10,contributor,3790,2514,40.02
sharifyounes,0,1,0,0,10,10,contributor,3790,2514,40.02
gpchandran,0,1,0,0,10,10,contributor,3790,2514,40.02
kdshinde8,0,1,0,0,10,10,contributor,3790,2514,40.02
gbonazzoli,0,1,0,0,10,10,contributor,3790,2514,40.02
kristenmalikk,0,1,0,0,10,10,contributor,3790,2514,40.02
Bernardo Couto,2,0,0,0,10,10,contributor,3790,2514,40.02
masayuki038,0,1,0,0,10,10,contributor,3790,2514,40.02
NikiforovG,0,1,0,0,10,10,contributor,3790,2514,40.02
Chitti-g-k,0,1,0,0,10,10,contributor,3790,2514,40.02
emr65df,0,1,0,0,10,10,contributor,3790,2514,40.02
FaresDev8,0,1,0,0,10,10,contributor,3790,2514,40.02
zartstrom,0,1,0,0,10,10,contributor,3790,2514,40.02
dhananjay014,0,1,0,0,10,10,contributor,3790,2514,40.02
pustoshilov-d,0,1,0,0,10,10,contributor,3790,2514,40.02
Brienz boy,2,0,0,0,10,10,contributor,3790,2514,40.02
shaform,0,1,0,0,10,10,contributor,3790,2514,40.02
sanjayhallan,0,1,0,0,10,10,contributor,3790,2514,40.02
Tobias Kaymak,2,0,0,0,10,10,contributor,3790,2514,40.02
clearclaw,0,1,0,0,10,10,contributor,3790,2514,40.02
sahilthapar,0,1,0,0,10,10,contributor,3790,2514,40.02
Maor-Shmueli,0,1,0,0,10,10,contributor,3790,2514,40.02
Yang-Yule,2,0,0,0,10,10,contributor,3790,2514,40.02
Jaskon,0,1,0,0,10,10,contributor,3790,2514,40.02
benjamin-chang,0,1,0,0,10,10,contributor,3790,2514,40.02
ralichkov,0,1,0,0,10,10,contributor,3790,2514,40.02
r-alekseev,0,1,0,0,10,10,contributor,3790,2514,40.02
Gwildor,0,1,0,0,10,10,contributor,3790,2514,40.02
richochetclementine1315,0,1,0,0,10,10,contributor,3790,2514,40.02
sathyaprakashg,0,1,0,0,10,10,contributor,3790,2514,40.02
jayantsande25,0,1,0,0,10,10,contributor,3790,2514,40.02
rdefreitas-559,0,1,0,0,10,10,contributor,3790,2514,40.02
dpostolovski,0,1,0,0,10,10,contributor,3790,2514,40.02
greg-finley,0,1,0,0,10,10,contributor,3790,2514,40.02
choznerol,0,1,0,0,10,10,contributor,3790,2514,40.02
Aleksandr Musorin,2,0,0,0,10,10,contributor,3790,2514,40.02
K3UL,0,1,0,0,10,10,contributor,3790,2514,40.02
cwdjankoski,0,1,0,0,10,10,contributor,3790,2514,40.02
tlinkin,0,1,0,0,10,10,contributor,3790,2514,40.02
KarunakarGumudala,0,1,0,0,10,10,contributor,3790,2514,40.02
Jerevia,0,1,0,0,10,10,contributor,3790,2514,40.02
tyger,0,1,0,0,10,10,contributor,3790,2514,40.02
kkpoon,0,1,0,0,10,10,contributor,3790,2514,40.02
anxodio,0,1,0,0,10,10,contributor,3790,2514,40.02
ikalinin,0,1,0,0,10,10,contributor,3790,2514,40.02
stevetaggart,0,1,0,0,10,10,contributor,3790,2514,40.02
dginther,0,1,0,0,10,10,contributor,3790,2514,40.02
Zhanfeng Huo,2,0,0,0,10,10,contributor,3790,2514,40.02
fmaritato,0,1,0,0,10,10,contributor,3790,2514,40.02
rubenbriones,0,1,0,0,10,10,contributor,3790,2514,40.02
zoyahav,0,1,0,0,10,10,contributor,3790,2514,40.02
mohamedhayballa22,0,1,0,0,10,10,contributor,3790,2514,40.02
edparcell,0,1,0,0,10,10,contributor,3790,2514,40.02
jclegras,0,1,0,0,10,10,contributor,3790,2514,40.02
iOrevir,0,1,0,0,10,10,contributor,3790,2514,40.02
senthilkumarkj,0,1,0,0,10,10,contributor,3790,2514,40.02
Wesseldr,0,1,0,0,10,10,contributor,3790,2514,40.02
Beau Barker,2,0,0,0,10,10,contributor,3790,2514,40.02
Siva Kumar Edupuganti,2,0,0,0,10,10,contributor,3790,2514,40.02
betabandido,0,1,0,0,10,10,contributor,3790,2514,40.02
9EOR9,0,1,0,0,10,10,contributor,3790,2514,40.02
wlnt360,0,1,0,0,10,10,contributor,3790,2514,40.02
yiheng,0,1,0,0,10,10,contributor,3790,2514,40.02
inflatador,0,1,0,0,10,10,contributor,3790,2514,40.02
kobethuwis,0,1,0,0,10,10,contributor,3790,2514,40.02
Brian King,2,0,0,0,10,10,contributor,3790,2514,40.02
Ehsan Poursaeed,2,0,0,0,10,10,contributor,3790,2514,40.02
ninad-stackgen,0,1,0,0,10,10,contributor,3790,2514,40.02
marcoaaguiar,0,1,0,0,10,10,contributor,3790,2514,40.02
Jasper Kahn,2,0,0,0,10,10,contributor,3790,2514,40.02
Xrampino,0,1,0,0,10,10,contributor,3790,2514,40.02
ljq0002,0,1,0,0,10,10,contributor,3790,2514,40.02
sergialonsaco,0,1,0,0,10,10,contributor,3790,2514,40.02
KamilMroczek,0,1,0,0,10,10,contributor,3790,2514,40.02
mahdimalverdi,0,1,0,0,10,10,contributor,3790,2514,40.02
romain-nio,0,1,0,0,10,10,contributor,3790,2514,40.02
DonHaul,0,1,0,0,10,10,contributor,3790,2514,40.02
Sangseung Lee,2,0,0,0,10,10,contributor,3790,2514,40.02
yanmulin,0,1,0,0,10,10,contributor,3790,2514,40.02
uniquerussa,0,1,0,0,10,10,contributor,3790,2514,40.02
byang2013,0,1,0,0,10,10,contributor,3790,2514,40.02
julial-lyft,0,1,0,0,10,10,contributor,3790,2514,40.02
mansi0829,0,1,0,0,10,10,contributor,3790,2514,40.02
Hoyeop Lee,2,0,0,0,10,10,contributor,3790,2514,40.02
franktranhb,0,1,0,0,10,10,contributor,3790,2514,40.02
prabhjyotsingh,0,1,0,0,10,10,contributor,3790,2514,40.02
peter-cheon,0,1,0,0,10,10,contributor,3790,2514,40.02
stephencattaneo,0,1,0,0,10,10,contributor,3790,2514,40.02
philiprbrenan,0,1,0,0,10,10,contributor,3790,2514,40.02
asnare,0,1,0,0,10,10,contributor,3790,2514,40.02
James Regan,2,0,0,0,10,10,contributor,3790,2514,40.02
Jan Hicken,2,0,0,0,10,10,contributor,3790,2514,40.02
Mykola Shyshov,2,0,0,0,10,10,contributor,3790,2514,40.02
Vivek Nanda,2,0,0,0,10,10,contributor,3790,2514,40.02
pocky13,0,1,0,0,10,10,contributor,3790,2514,40.02
anmol,0,1,0,0,10,10,contributor,3790,2514,40.02
Kiran Pathak,2,0,0,0,10,10,contributor,3790,2514,40.02
spencer-shadley,0,1,0,0,10,10,contributor,3790,2514,40.02
jeeyoungk,0,1,0,0,10,10,contributor,3790,2514,40.02
harshith-21,0,1,0,0,10,10,contributor,3790,2514,40.02
bbossy,0,1,0,0,10,10,contributor,3790,2514,40.02
onprema,0,1,0,0,10,10,contributor,3790,2514,40.02
hashkanna,0,1,0,0,10,10,contributor,3790,2514,40.02
lboudard,0,1,0,0,10,10,contributor,3790,2514,40.02
habibdhif,0,1,0,0,10,10,contributor,3790,2514,40.02
mcarbajo,0,1,0,0,10,10,contributor,3790,2514,40.02
mevich,0,1,0,0,10,10,contributor,3790,2514,40.02
pdashk,0,1,0,0,10,10,contributor,3790,2514,40.02
mgaggero,0,1,0,0,10,10,contributor,3790,2514,40.02
Mark Richman,2,0,0,0,10,10,contributor,3790,2514,40.02
WatchTower001110,0,1,0,0,10,10,contributor,3790,2514,40.02
rolfschr,0,1,0,0,10,10,contributor,3790,2514,40.02
Alexander Bij,2,0,0,0,10,10,contributor,3790,2514,40.02
iddoav,0,1,0,0,10,10,contributor,3790,2514,40.02
Andrei Leib,2,0,0,0,10,10,contributor,3790,2514,40.02
dwjoss,0,1,0,0,10,10,contributor,3790,2514,40.02
data-navigator,0,1,0,0,10,10,contributor,3790,2514,40.02
scali,0,1,0,0,10,10,contributor,3790,2514,40.02
lifnaja,0,1,0,0,10,10,contributor,3790,2514,40.02
sandeepvsk10,0,1,0,0,10,10,contributor,3790,2514,40.02
tfindlay-tw,0,0,5,0,10,10,observer,3790,32,40.02
jainakar,0,1,0,0,10,10,contributor,3790,2514,40.02
bolleyboll,0,1,0,0,10,10,contributor,3790,2514,40.02
anselmwang,0,1,0,0,10,10,contributor,3790,2514,40.02
Musaed Albrikan,2,0,0,0,10,10,contributor,3790,2514,40.02
kjuulh,0,1,0,0,10,10,contributor,3790,2514,40.02
xeniumcode,0,1,0,0,10,10,contributor,3790,2514,40.02
ProCoder1199X,0,1,0,0,10,10,contributor,3790,2514,40.02
Dukastlik,0,1,0,0,10,10,contributor,3790,2514,40.02
smentek,0,1,0,0,10,10,contributor,3790,2514,40.02
tylerwmarrs,0,1,0,0,10,10,contributor,3790,2514,40.02
Eric Lopes,2,0,0,0,10,10,contributor,3790,2514,40.02
Hugo Prudente,2,0,0,0,10,10,contributor,3790,2514,40.02
berniechiu,0,1,0,0,10,10,contributor,3790,2514,40.02
yogesh2021,0,1,0,0,10,10,contributor,3790,2514,40.02
Silviu-Surcica,0,1,0,0,10,10,contributor,3790,2514,40.02
shivaamsingh,0,1,0,0,10,10,contributor,3790,2514,40.02
wano,2,0,0,0,10,10,contributor,3790,2514,40.02
anujarora0502,0,1,0,0,10,10,contributor,3790,2514,40.02
n4rk0o,0,1,0,0,10,10,contributor,3790,2514,40.02
nathanielvarona,0,1,0,0,10,10,contributor,3790,2514,40.02
BTeclaw,0,1,0,0,10,10,contributor,3790,2514,40.02
loganaden,0,1,0,0,10,10,contributor,3790,2514,40.02
dasphillipbrau,0,1,0,0,10,10,contributor,3790,2514,40.02
ThePresence,0,1,0,0,10,10,contributor,3790,2514,40.02
ledsusop,0,1,0,0,10,10,contributor,3790,2514,40.02
ASPactores,0,1,0,0,10,10,contributor,3790,2514,40.02
MichailParaskevopoulos,0,1,0,0,10,10,contributor,3790,2514,40.02
Chen-Oliver,0,1,0,0,10,10,contributor,3790,2514,40.02
trixpan,0,1,0,0,10,10,contributor,3790,2514,40.02
atomic77,0,1,0,0,10,10,contributor,3790,2514,40.02
mr-c,0,1,0,0,10,10,contributor,3790,2514,40.02
eyaltrabelsi,0,1,0,0,10,10,contributor,3790,2514,40.02
AndreMiranda-dev,0,1,0,0,10,10,contributor,3790,2514,40.02
orezahc,0,1,0,0,10,10,contributor,3790,2514,40.02
amit-talreja,0,1,0,0,10,10,contributor,3790,2514,40.02
ipaddicting,0,1,0,0,10,10,contributor,3790,2514,40.02
zazaho,0,1,0,0,10,10,contributor,3790,2514,40.02
haroldwoo,0,1,0,0,10,10,contributor,3790,2514,40.02
itajaja,0,1,0,0,10,10,contributor,3790,2514,40.02
thomasglaser,0,1,0,0,10,10,contributor,3790,2514,40.02
ktleung2017,0,1,0,0,10,10,contributor,3790,2514,40.02
AnimeshAgrawal,0,1,0,0,10,10,contributor,3790,2514,40.02
ekarsten,0,1,0,0,10,10,contributor,3790,2514,40.02
liyude-tw,0,1,0,0,10,10,contributor,3790,2514,40.02
visweshwar,0,1,0,0,10,10,contributor,3790,2514,40.02
FVidalCarneiro,0,1,0,0,10,10,contributor,3790,2514,40.02
tomwit-nx,0,1,0,0,10,10,contributor,3790,2514,40.02
vuonghoangbntt,0,1,0,0,10,10,contributor,3790,2514,40.02
Manuel Zaforas,2,0,0,0,10,10,contributor,3790,2514,40.02
dsdinter,0,1,0,0,10,10,contributor,3790,2514,40.02
Markan Patel,2,0,0,0,10,10,contributor,3790,2514,40.02
vedrankolka,0,1,0,0,10,10,contributor,3790,2514,40.02
mremes,0,1,0,0,10,10,contributor,3790,2514,40.02
aleveille,0,1,0,0,10,10,contributor,3790,2514,40.02
iAnomaly,0,1,0,0,10,10,contributor,3790,2514,40.02
alpeshpandya,0,1,0,0,10,10,contributor,3790,2514,40.02
RaghunathVeerasamy,0,1,0,0,10,10,contributor,3790,2514,40.02
nguymin4,0,1,0,0,10,10,contributor,3790,2514,40.02
tomakita,0,1,0,0,10,10,contributor,3790,2514,40.02
kkourtchikov,0,1,0,0,10,10,contributor,3790,2514,40.02
alexisarreola,0,1,0,0,10,10,contributor,3790,2514,40.02
Alex,2,0,0,0,10,10,contributor,3790,2514,40.02
anuragbisht12,0,1,0,0,10,10,contributor,3790,2514,40.02
Peng Yu,2,0,0,0,10,10,contributor,3790,2514,40.02
Michał Sośnicki,2,0,0,0,10,10,contributor,3790,2514,40.02
ming-wu,0,1,0,0,10,10,contributor,3790,2514,40.02
zshapiro,0,1,0,0,10,10,contributor,3790,2514,40.02
zinuzoid,0,1,0,0,10,10,contributor,3790,2514,40.02
Fabian,2,0,0,0,10,10,contributor,3790,2514,40.02
gar1t,0,1,0,0,10,10,contributor,3790,2514,40.02
sashashura,0,1,0,0,10,10,contributor,3790,2514,40.02
wjlow,0,1,0,0,10,10,contributor,3790,2514,40.02
jaydesl,0,1,0,0,10,10,contributor,3790,2514,40.02
MMak1599,0,1,0,0,10,10,contributor,3790,2514,40.02
higee,0,1,0,0,10,10,contributor,3790,2514,40.02
arbazmirza-lyft,0,1,0,0,10,10,contributor,3790,2514,40.02
etr2460,0,1,0,0,10,10,contributor,3790,2514,40.02
toshitanian,0,1,0,0,10,10,contributor,3790,2514,40.02
Dnyanu76,0,1,0,0,10,10,contributor,3790,2514,40.02
ianmaddox,0,1,0,0,10,10,contributor,3790,2514,40.02
Antoine Augusti,2,0,0,0,10,10,contributor,3790,2514,40.02
PetroPliuta,0,1,0,0,10,10,contributor,3790,2514,40.02
dharmendrakariya,0,1,0,0,10,10,contributor,3790,2514,40.02
2ps,0,1,0,0,10,10,contributor,3790,2514,40.02
hh-cn,0,1,0,0,10,10,contributor,3790,2514,40.02
mrrsm,0,1,0,0,10,10,contributor,3790,2514,40.02
Jason Shao,2,0,0,0,10,10,contributor,3790,2514,40.02
AustinBGibbons,0,1,0,0,10,10,contributor,3790,2514,40.02
janarthanandev,0,1,0,0,10,10,contributor,3790,2514,40.02
zh0uquan,0,1,0,0,10,10,contributor,3790,2514,40.02
TruthIsNear,0,1,0,0,10,10,contributor,3790,2514,40.02
UncoveredBread,0,1,0,0,10,10,contributor,3790,2514,40.02
sadler-elena,0,1,0,0,10,10,contributor,3790,2514,40.02
b-per,0,1,0,0,10,10,contributor,3790,2514,40.02
th11,0,1,0,0,10,10,contributor,3790,2514,40.02
Akshay,2,0,0,0,10,10,contributor,3790,2514,40.02
tousif-anwar,0,1,0,0,10,10,contributor,3790,2514,40.02
kwkwc,0,1,0,0,10,10,contributor,3790,2514,40.02
rnd972,0,1,0,0,10,10,contributor,3790,2514,40.02
colinjc,0,1,0,0,10,10,contributor,3790,2514,40.02
lishion,0,1,0,0,10,10,contributor,3790,2514,40.02
Dmytro Kulyk,2,0,0,0,10,10,contributor,3790,2514,40.02
joellabes,0,1,0,0,10,10,contributor,3790,2514,40.02
Sreenath Kamath,2,0,0,0,10,10,contributor,3790,2514,40.02
irosario1999,0,1,0,0,10,10,contributor,3790,2514,40.02
theesen,0,1,0,0,10,10,contributor,3790,2514,40.02
ignacionf,0,1,0,0,10,10,contributor,3790,2514,40.02
bnajlis,0,1,0,0,10,10,contributor,3790,2514,40.02
HappinessInAutism,0,1,0,0,10,10,contributor,3790,2514,40.02
PaulKobow7536,0,1,0,0,10,10,contributor,3790,2514,40.02
Rafferty Chen,2,0,0,0,10,10,contributor,3790,2514,40.02
xOnelinx,0,1,0,0,10,10,contributor,3790,2514,40.02
pengc,2,0,0,0,10,10,contributor,3790,2514,40.02
bsao,0,1,0,0,10,10,contributor,3790,2514,40.02
Ritika Singhal,2,0,0,0,10,10,contributor,3790,2514,40.02
abnerrolim,0,1,0,0,10,10,contributor,3790,2514,40.02
SayTen,0,1,0,0,10,10,contributor,3790,2514,40.02
rahul342,0,1,0,0,10,10,contributor,3790,2514,40.02
TommyDew42,0,1,0,0,10,10,contributor,3790,2514,40.02
PvenkatReddy,0,1,0,0,10,10,contributor,3790,2514,40.02
OliverWBurke,0,1,0,0,10,10,contributor,3790,2514,40.02
atapiawastaken,0,1,0,0,10,10,contributor,3790,2514,40.02
shubhdevelops,0,1,0,0,10,10,contributor,3790,2514,40.02
framled,0,1,0,0,10,10,contributor,3790,2514,40.02
RishuGuru,0,1,0,0,10,10,contributor,3790,2514,40.02
penghou620,0,1,0,0,10,10,contributor,3790,2514,40.02
panatimahesh,0,1,0,0,10,10,contributor,3790,2514,40.02
stellah,0,1,0,0,10,10,contributor,3790,2514,40.02
reltuk,0,1,0,0,10,10,contributor,3790,2514,40.02
morganjcw,0,1,0,0,10,10,contributor,3790,2514,40.02
rodriguez-facundo,0,1,0,0,10,10,contributor,3790,2514,40.02
guillaume blaquiere,2,0,0,0,10,10,contributor,3790,2514,40.02
pgieser,0,1,0,0,10,10,contributor,3790,2514,40.02
ghisvail,0,1,0,0,10,10,contributor,3790,2514,40.02
Vleyked,0,1,0,0,10,10,contributor,3790,2514,40.02
PSAB,0,1,0,0,10,10,contributor,3790,2514,40.02
Greetlist,0,1,0,0,10,10,contributor,3790,2514,40.02
Jin Hyuk Chang,2,0,0,0,10,10,contributor,3790,2514,40.02
Kyle Andrews,2,0,0,0,10,10,contributor,3790,2514,40.02
PetkoMi,0,1,0,0,10,10,contributor,3790,2514,40.02
botbiz,0,1,0,0,10,10,contributor,3790,2514,40.02
rishabh-cldcvr,0,1,0,0,10,10,contributor,3790,2514,40.02
Fernando Bertos Matilla,2,0,0,0,10,10,contributor,3790,2514,40.02
asschweizer,0,1,0,0,10,10,contributor,3790,2514,40.02
bananarepublic,0,1,0,0,10,10,contributor,3790,2514,40.02
iris42,0,1,0,0,10,10,contributor,3790,2514,40.02
thibaultclem,0,1,0,0,10,10,contributor,3790,2514,40.02
Matthew Tattoli,2,0,0,0,10,10,contributor,3790,2514,40.02
adamhopkinson,0,1,0,0,10,10,contributor,3790,2514,40.02
DanielWFrancis,0,1,0,0,10,10,contributor,3790,2514,40.02
h2cone,0,1,0,0,10,10,contributor,3790,2514,40.02
gabryuri,0,1,0,0,10,10,contributor,3790,2514,40.02
krzysztof-indyk,0,1,0,0,10,10,contributor,3790,2514,40.02
AChowdhury1211,0,1,0,0,10,10,contributor,3790,2514,40.02
l1990790120,0,1,0,0,10,10,contributor,3790,2514,40.02
jakromm,0,1,0,0,10,10,contributor,3790,2514,40.02
orige,0,1,0,0,10,10,contributor,3790,2514,40.02
nvn01234,0,1,0,0,10,10,contributor,3790,2514,40.02
strickvl,0,1,0,0,10,10,contributor,3790,2514,40.02
andydennehy,0,1,0,0,10,10,contributor,3790,2514,40.02
ydodeja365,0,1,0,0,10,10,contributor,3790,2514,40.02
Phil,2,0,0,0,10,10,contributor,3790,2514,40.02
matusvalo,0,1,0,0,10,10,contributor,3790,2514,40.02
LoicGombeaud,0,1,0,0,10,10,contributor,3790,2514,40.02
rrcrrcrrc,0,1,0,0,10,10,contributor,3790,2514,40.02
zhenglin-charlie-li,0,1,0,0,10,10,contributor,3790,2514,40.02
Kytha,0,1,0,0,10,10,contributor,3790,2514,40.02
keu,0,1,0,0,10,10,contributor,3790,2514,40.02
josedev-union,0,1,0,0,10,10,contributor,3790,2514,40.02
stevemostovoy-openai,0,1,0,0,10,10,contributor,3790,2514,40.02
RepoBirdBot,0,1,0,0,10,10,contributor,3790,2514,40.02
Tao He,2,0,0,0,10,10,contributor,3790,2514,40.02
canyousayyes,0,1,0,0,10,10,contributor,3790,2514,40.02
Nguyễn Đình Thắng,2,0,0,0,10,10,contributor,3790,2514,40.02
kelechi2020,0,1,0,0,10,10,contributor,3790,2514,40.02
sdot257,0,1,0,0,10,10,contributor,3790,2514,40.02
Andrii Korotkov,2,0,0,0,10,10,contributor,3790,2514,40.02
timgaleckas,0,1,0,0,10,10,contributor,3790,2514,40.02
aneojgurhem,0,1,0,0,10,10,contributor,3790,2514,40.02
GeoloeG-IsT,0,1,0,0,10,10,contributor,3790,2514,40.02
Nicolas Crocfer,2,0,0,0,10,10,contributor,3790,2514,40.02
STAR-173,0,1,0,0,10,10,contributor,3790,2514,40.02
Xilorole,0,1,0,0,10,10,contributor,3790,2514,40.02
stefanleifu,0,1,0,0,10,10,contributor,3790,2514,40.02
0vj00,0,1,0,0,10,10,contributor,3790,2514,40.02
jghoman,0,1,0,0,10,10,contributor,3790,2514,40.02
remyleone,0,1,0,0,10,10,contributor,3790,2514,40.02
Torbjørn Vatn,2,0,0,0,10,10,contributor,3790,2514,40.02
kimdwkimdw,0,1,0,0,10,10,contributor,3790,2514,40.02
IanDoarn,0,1,0,0,10,10,contributor,3790,2514,40.02
Jeff Fletcher,2,0,0,0,10,10,contributor,3790,2514,40.02
jjunier,0,1,0,0,10,10,contributor,3790,2514,40.02
tauzen,0,1,0,0,10,10,contributor,3790,2514,40.02
valeriahernandez1,0,1,0,0,10,10,contributor,3790,2514,40.02
wolney,0,1,0,0,10,10,contributor,3790,2514,40.02
simis2626,0,1,0,0,10,10,contributor,3790,2514,40.02
rvanasa,0,1,0,0,10,10,contributor,3790,2514,40.02
friedmanian,0,1,0,0,10,10,contributor,3790,2514,40.02
techgnosis,0,1,0,0,10,10,contributor,3790,2514,40.02
TohnJhomas,0,1,0,0,10,10,contributor,3790,2514,40.02
Alok Shenoy,2,0,0,0,10,10,contributor,3790,2514,40.02
werzerbb,0,1,0,0,10,10,contributor,3790,2514,40.02
peachchen0716,0,1,0,0,10,10,contributor,3790,2514,40.02
jonoleson,0,1,0,0,10,10,contributor,3790,2514,40.02
ddossett,0,1,0,0,10,10,contributor,3790,2514,40.02
mastoj,0,1,0,0,10,10,contributor,3790,2514,40.02
richard-iovanisci,0,1,0,0,10,10,contributor,3790,2514,40.02
ShanGor,0,1,0,0,10,10,contributor,3790,2514,40.02
cheunhong,0,1,0,0,10,10,contributor,3790,2514,40.02
emin-ozata,0,1,0,0,10,10,contributor,3790,2514,40.02
suensummit,0,1,0,0,10,10,contributor,3790,2514,40.02
vedantmamgain,0,1,0,0,10,10,contributor,3790,2514,40.02
EricPickup,0,1,0,0,10,10,contributor,3790,2514,40.02
hinnefe2,0,1,0,0,10,10,contributor,3790,2514,40.02
amin-amirali,0,1,0,0,10,10,contributor,3790,2514,40.02
JE-Chen,0,1,0,0,10,10,contributor,3790,2514,40.02
matteosdocsity,0,1,0,0,10,10,contributor,3790,2514,40.02
Sudipto Baral,2,0,0,0,10,10,contributor,3790,2514,40.02
danbachar,0,1,0,0,10,10,contributor,3790,2514,40.02
Nick de Vries,2,0,0,0,10,10,contributor,3790,2514,40.02
testvinder,0,1,0,0,10,10,contributor,3790,2514,40.02
Daniel Dean,2,0,0,0,10,10,contributor,3790,2514,40.02
dflionis,0,1,0,0,10,10,contributor,3790,2514,40.02
jyoti-arora1991,0,1,0,0,10,10,contributor,3790,2514,40.02
Ayush Chauhan,2,0,0,0,10,10,contributor,3790,2514,40.02
stubs,0,1,0,0,10,10,contributor,3790,2514,40.02
trina242,0,1,0,0,10,10,contributor,3790,2514,40.02
prutheus,0,1,0,0,10,10,contributor,3790,2514,40.02
chenluzhong150394,0,1,0,0,10,10,contributor,3790,2514,40.02
bharatkashyap,0,1,0,0,10,10,contributor,3790,2514,40.02
changrunner,0,1,0,0,10,10,contributor,3790,2514,40.02
Paul Vickers,2,0,0,0,10,10,contributor,3790,2514,40.02
saurasingh,0,1,0,0,10,10,contributor,3790,2514,40.02
ricardolira,0,1,0,0,10,10,contributor,3790,2514,40.02
BagusThanatos,0,1,0,0,10,10,contributor,3790,2514,40.02
vyas-n,0,1,0,0,10,10,contributor,3790,2514,40.02
NickBenthem,0,1,0,0,10,10,contributor,3790,2514,40.02
Harry,2,0,0,0,10,10,contributor,3790,2514,40.02
manuel-lang,0,1,0,0,10,10,contributor,3790,2514,40.02
jamie-albert,0,1,0,0,10,10,contributor,3790,2514,40.02
mwallace582,0,1,0,0,10,10,contributor,3790,2514,40.02
gundoganalperen,0,1,0,0,10,10,contributor,3790,2514,40.02
divman78,0,1,0,0,10,10,contributor,3790,2514,40.02
chyok,0,1,0,0,10,10,contributor,3790,2514,40.02
bijanmoudi,0,1,0,0,10,10,contributor,3790,2514,40.02
ali-suleiman-ck,0,1,0,0,10,10,contributor,3790,2514,40.02
WS Hoekstra,2,0,0,0,10,10,contributor,3790,2514,40.02
harishbisht,0,1,0,0,10,10,contributor,3790,2514,40.02
ulisesojeda,0,1,0,0,10,10,contributor,3790,2514,40.02
iyjian,0,1,0,0,10,10,contributor,3790,2514,40.02
Arnout Engelen,2,0,0,0,10,10,contributor,3790,2514,40.02
gavin-burns-US,0,1,0,0,10,10,contributor,3790,2514,40.02
Shahaf Abileah,2,0,0,0,10,10,contributor,3790,2514,40.02
ameyakhot,0,1,0,0,10,10,contributor,3790,2514,40.02
HAPPYJATT11,0,1,0,0,10,10,contributor,3790,2514,40.02
sp1thas,0,1,0,0,10,10,contributor,3790,2514,40.02
J28848,0,1,0,0,10,10,contributor,3790,2514,40.02
andywilco,0,1,0,0,10,10,contributor,3790,2514,40.02
Yuan Chen,2,0,0,0,10,10,contributor,3790,2514,40.02
chz8494,0,1,0,0,10,10,contributor,3790,2514,40.02
maguerreberry,0,1,0,0,10,10,contributor,3790,2514,40.02
mariusvniekerk,0,1,0,0,10,10,contributor,3790,2514,40.02
allebacco,0,0,5,0,10,10,observer,3790,32,40.02
thvw,0,1,0,0,10,10,contributor,3790,2514,40.02
enricapq,0,1,0,0,10,10,contributor,3790,2514,40.02
wutienyang,0,1,0,0,10,10,contributor,3790,2514,40.02
naweedraja,0,1,0,0,10,10,contributor,3790,2514,40.02
dexter4life2,0,1,0,0,10,10,contributor,3790,2514,40.02
thundergolfer,0,1,0,0,10,10,contributor,3790,2514,40.02
Krishna Bhupatiraju,2,0,0,0,10,10,contributor,3790,2514,40.02
LomotHo,0,1,0,0,10,10,contributor,3790,2514,40.02
Sumesh Premraj,2,0,0,0,10,10,contributor,3790,2514,40.02
kojiromike,0,1,0,0,10,10,contributor,3790,2514,40.02
bangseongbeom,0,1,0,0,10,10,contributor,3790,2514,40.02
edwin-yan,0,1,0,0,10,10,contributor,3790,2514,40.02
Bruschkov,0,1,0,0,10,10,contributor,3790,2514,40.02
wornjs,0,1,0,0,10,10,contributor,3790,2514,40.02
afischer-tech,0,1,0,0,10,10,contributor,3790,2514,40.02
jakebiesinger-onduo,0,1,0,0,10,10,contributor,3790,2514,40.02
Camilo Aguilar,2,0,0,0,10,10,contributor,3790,2514,40.02
"Youngha, Park",2,0,0,0,10,10,contributor,3790,2514,40.02
Francesco Macagno,2,0,0,0,10,10,contributor,3790,2514,40.02
"Zikes, Jan",2,0,0,0,10,10,contributor,3790,2514,40.02
Nagai-Ryo-33,0,1,0,0,10,10,contributor,3790,2514,40.02
chribsen,0,1,0,0,10,10,contributor,3790,2514,40.02
mwakaba2,0,1,0,0,10,10,contributor,3790,2514,40.02
von-court,0,1,0,0,10,10,contributor,3790,2514,40.02
cropland-bv,0,1,0,0,10,10,contributor,3790,2514,40.02
morokosi,0,1,0,0,10,10,contributor,3790,2514,40.02
navamongkol,0,1,0,0,10,10,contributor,3790,2514,40.02
pavansai1997,0,1,0,0,10,10,contributor,3790,2514,40.02
liu431,0,1,0,0,10,10,contributor,3790,2514,40.02
ThomasVdBerge,0,1,0,0,10,10,contributor,3790,2514,40.02
benrudolph,0,1,0,0,10,10,contributor,3790,2514,40.02
xasx,0,1,0,0,10,10,contributor,3790,2514,40.02
Giancarlo Romeo,2,0,0,0,10,10,contributor,3790,2514,40.02
fordguo,0,1,0,0,10,10,contributor,3790,2514,40.02
eugene-chernyshenko,0,1,0,0,10,10,contributor,3790,2514,40.02
Quentin Sommer,2,0,0,0,10,10,contributor,3790,2514,40.02
dustinstansbury,0,1,0,0,10,10,contributor,3790,2514,40.02
varun-bhardwaj-sde,0,1,0,0,10,10,contributor,3790,2514,40.02
NiloFreitas,0,1,0,0,10,10,contributor,3790,2514,40.02
Shubham Joshi,2,0,0,0,10,10,contributor,3790,2514,40.02
seoin0110,0,1,0,0,10,10,contributor,3790,2514,40.02
vinooganesh,0,1,0,0,10,10,contributor,3790,2514,40.02
jacopofar,0,1,0,0,10,10,contributor,3790,2514,40.02
jobegrabber,0,1,0,0,10,10,contributor,3790,2514,40.02
Harshitha98A,0,1,0,0,10,10,contributor,3790,2514,40.02
johnzeringue,0,1,0,0,10,10,contributor,3790,2514,40.02
demorenoc,0,1,0,0,10,10,contributor,3790,2514,40.02
Avinash Holla Pandeshwar,2,0,0,0,10,10,contributor,3790,2514,40.02
Nathaniel Young,2,0,0,0,10,10,contributor,3790,2514,40.02
N3da,0,1,0,0,10,10,contributor,3790,2514,40.02
redSlug,0,1,0,0,10,10,contributor,3790,2514,40.02
varonix0,0,1,0,0,10,10,contributor,3790,2514,40.02
shenghuy,0,1,0,0,10,10,contributor,3790,2514,40.02
Megan Parker,2,0,0,0,10,10,contributor,3790,2514,40.02
Siddartha Ravichandran,2,0,0,0,10,10,contributor,3790,2514,40.02
m1so,0,1,0,0,10,10,contributor,3790,2514,40.02
StewartW,0,1,0,0,10,10,contributor,3790,2514,40.02
kailaa-sri,0,1,0,0,10,10,contributor,3790,2514,40.02
Ahmad-RW,0,1,0,0,10,10,contributor,3790,2514,40.02
KeenS,0,1,0,0,10,10,contributor,3790,2514,40.02
parikshit-adhikari,0,1,0,0,10,10,contributor,3790,2514,40.02
Daniele Cesarini,2,0,0,0,10,10,contributor,3790,2514,40.02
DHARMENDRA AHIRWAR,2,0,0,0,10,10,contributor,3790,2514,40.02
pcorliss,0,1,0,0,10,10,contributor,3790,2514,40.02
aabhaschopra,2,0,0,0,10,10,contributor,3790,2514,40.02
griff122,0,1,0,0,10,10,contributor,3790,2514,40.02
mmaton,0,1,0,0,10,10,contributor,3790,2514,40.02
mayeulk,0,1,0,0,10,10,contributor,3790,2514,40.02
chamorin,0,1,0,0,10,10,contributor,3790,2514,40.02
yamrzou,0,1,0,0,10,10,contributor,3790,2514,40.02
solintllc-robert,0,1,0,0,10,10,contributor,3790,2514,40.02
markdoliner,0,1,0,0,10,10,contributor,3790,2514,40.02
ahappypie,0,1,0,0,10,10,contributor,3790,2514,40.02
tssujt,0,1,0,0,10,10,contributor,3790,2514,40.02
lvicentesanchez,0,1,0,0,10,10,contributor,3790,2514,40.02
Spaarsh,0,1,0,0,10,10,contributor,3790,2514,40.02
debdutto,0,1,0,0,10,10,contributor,3790,2514,40.02
Lionel,2,0,0,0,10,10,contributor,3790,2514,40.02
sivajik34,0,1,0,0,10,10,contributor,3790,2514,40.02
Bryan,2,0,0,0,10,10,contributor,3790,2514,40.02
Anish Giri,2,0,0,0,10,10,contributor,3790,2514,40.02
pratyush0325,0,1,0,0,10,10,contributor,3790,2514,40.02
chhantyal,0,1,0,0,10,10,contributor,3790,2514,40.02
iantruslove,0,1,0,0,10,10,contributor,3790,2514,40.02
Dean Morin,2,0,0,0,10,10,contributor,3790,2514,40.02
boechat107,0,1,0,0,10,10,contributor,3790,2514,40.02
motte,0,1,0,0,10,10,contributor,3790,2514,40.02
Sergio Soto,2,0,0,0,10,10,contributor,3790,2514,40.02
saraswat2385,0,1,0,0,10,10,contributor,3790,2514,40.02
igvog,0,1,0,0,10,10,contributor,3790,2514,40.02
AjayKumbham,0,1,0,0,10,10,contributor,3790,2514,40.02
xingularity,0,1,0,0,10,10,contributor,3790,2514,40.02
Michael Crawford,2,0,0,0,10,10,contributor,3790,2514,40.02
Burak Karakan,2,0,0,0,10,10,contributor,3790,2514,40.02
anne-chu,0,1,0,0,10,10,contributor,3790,2514,40.02
ori-moisis,0,1,0,0,10,10,contributor,3790,2514,40.02
Zach McQuiston,2,0,0,0,10,10,contributor,3790,2514,40.02
mutiev,0,1,0,0,10,10,contributor,3790,2514,40.02
khgitting,0,1,0,0,10,10,contributor,3790,2514,40.02
arybin93,0,1,0,0,10,10,contributor,3790,2514,40.02
mrestivill,0,1,0,0,10,10,contributor,3790,2514,40.02
roo-oliv,0,1,0,0,10,10,contributor,3790,2514,40.02
crazzysun,0,1,0,0,10,10,contributor,3790,2514,40.02
evanrosebrook,0,1,0,0,10,10,contributor,3790,2514,40.02
joao-a-silva,0,1,0,0,10,10,contributor,3790,2514,40.02
Michal Niemiec,2,0,0,0,10,10,contributor,3790,2514,40.02
quentin-bayart,0,1,0,0,10,10,contributor,3790,2514,40.02
RobinM-code,0,1,0,0,10,10,contributor,3790,2514,40.02
Victor Noël,2,0,0,0,10,10,contributor,3790,2514,40.02
J535D165,0,1,0,0,10,10,contributor,3790,2514,40.02
ali5h,0,1,0,0,10,10,contributor,3790,2514,40.02
austinpatrickbishop,0,1,0,0,10,10,contributor,3790,2514,40.02
jensonjohnathon,0,1,0,0,10,10,contributor,3790,2514,40.02
David Milmont,2,0,0,0,10,10,contributor,3790,2514,40.02
ikholopov-omni,0,0,5,0,10,10,observer,3790,32,40.02
ngokchaoho,0,1,0,0,10,10,contributor,3790,2514,40.02
aduico-peax,0,1,0,0,10,10,contributor,3790,2514,40.02
sanchitsreekanth,0,1,0,0,10,10,contributor,3790,2514,40.02
stephenpurcell-db,0,1,0,0,10,10,contributor,3790,2514,40.02
kuromhie,0,1,0,0,10,10,contributor,3790,2514,40.02
palerdot,0,1,0,0,10,10,contributor,3790,2514,40.02
pedrorjbr,0,1,0,0,10,10,contributor,3790,2514,40.02
azriel-stephen,0,1,0,0,10,10,contributor,3790,2514,40.02
steinwaywhw,0,0,5,0,10,10,observer,3790,32,40.02
Pratush12,0,1,0,0,10,10,contributor,3790,2514,40.02
ZuhairORZaki,0,1,0,0,10,10,contributor,3790,2514,40.02
Debodirno Chandra,2,0,0,0,10,10,contributor,3790,2514,40.02
Ming Zhong,2,0,0,0,10,10,contributor,3790,2514,40.02
Zeal-Zeng,0,1,0,0,10,10,contributor,3790,2514,40.02
dgdelahera,0,1,0,0,10,10,contributor,3790,2514,40.02
victorymakes,0,1,0,0,10,10,contributor,3790,2514,40.02
piotrekklis,0,1,0,0,10,10,contributor,3790,2514,40.02
cafeal,0,1,0,0,10,10,contributor,3790,2514,40.02
rytis-ulys,0,1,0,0,10,10,contributor,3790,2514,40.02
marbrex,0,1,0,0,10,10,contributor,3790,2514,40.02
sloria,0,1,0,0,10,10,contributor,3790,2514,40.02
NickMcNutt,0,1,0,0,10,10,contributor,3790,2514,40.02
Sulthana745,0,1,0,0,10,10,contributor,3790,2514,40.02
juanuicich,0,1,0,0,10,10,contributor,3790,2514,40.02
eflann,0,1,0,0,10,10,contributor,3790,2514,40.02
Patrick McKenna,2,0,0,0,10,10,contributor,3790,2514,40.02
zjacom,0,1,0,0,10,10,contributor,3790,2514,40.02
Sreenath,2,0,0,0,10,10,contributor,3790,2514,40.02
Kamil Gałuszka,2,0,0,0,10,10,contributor,3790,2514,40.02
HaloKo4,0,0,5,0,10,10,observer,3790,32,40.02
Lorenzo-N,0,1,0,0,10,10,contributor,3790,2514,40.02
Steven Blake,2,0,0,0,10,10,contributor,3790,2514,40.02
VeenaArv,0,1,0,0,10,10,contributor,3790,2514,40.02
avocadomaster,0,1,0,0,10,10,contributor,3790,2514,40.02
fanlidublin,0,1,0,0,10,10,contributor,3790,2514,40.02
callingmahendra,0,1,0,0,10,10,contributor,3790,2514,40.02
neverlish,0,1,0,0,10,10,contributor,3790,2514,40.02
saianupkumarp,0,1,0,0,10,10,contributor,3790,2514,40.02
MaliArbov,0,1,0,0,10,10,contributor,3790,2514,40.02
meftasadat,0,1,0,0,10,10,contributor,3790,2514,40.02
shashijangra,0,1,0,0,10,10,contributor,3790,2514,40.02
Bruno Campos,2,0,0,0,10,10,contributor,3790,2514,40.02
swapnil1993,0,1,0,0,10,10,contributor,3790,2514,40.02
ybendana,0,1,0,0,10,10,contributor,3790,2514,40.02
LesterKim,0,1,0,0,10,10,contributor,3790,2514,40.02
Dana Ma,2,0,0,0,10,10,contributor,3790,2514,40.02
dsakuma,0,1,0,0,10,10,contributor,3790,2514,40.02
Naman-Bhalla,0,1,0,0,10,10,contributor,3790,2514,40.02
razzius,0,1,0,0,10,10,contributor,3790,2514,40.02
PeterAttardo,0,1,0,0,10,10,contributor,3790,2514,40.02
jawang35,0,1,0,0,10,10,contributor,3790,2514,40.02
gtt116,0,1,0,0,10,10,contributor,3790,2514,40.02
ahmad-maruf,0,1,0,0,10,10,contributor,3790,2514,40.02
zhangela,0,1,0,0,10,10,contributor,3790,2514,40.02
andrewsardone,0,1,0,0,10,10,contributor,3790,2514,40.02
DLT1412,0,1,0,0,10,10,contributor,3790,2514,40.02
VergeDX,0,1,0,0,10,10,contributor,3790,2514,40.02
blpabhishek,0,1,0,0,10,10,contributor,3790,2514,40.02
kuldeep9797,0,1,0,0,10,10,contributor,3790,2514,40.02
miscbits,0,1,0,0,10,10,contributor,3790,2514,40.02
potatochip,0,1,0,0,10,10,contributor,3790,2514,40.02
ssheypak,2,0,0,0,10,10,contributor,3790,2514,40.02
Deepshikhayadav,0,1,0,0,10,10,contributor,3790,2514,40.02
cadicallegari,0,1,0,0,10,10,contributor,3790,2514,40.02
Jochem Oosterveen,2,0,0,0,10,10,contributor,3790,2514,40.02
alexyu0,0,1,0,0,10,10,contributor,3790,2514,40.02
Saurav-S-Purushothaman,0,1,0,0,10,10,contributor,3790,2514,40.02
junminahn,0,1,0,0,10,10,contributor,3790,2514,40.02
Nate Robinson,2,0,0,0,10,10,contributor,3790,2514,40.02
sasanyasari,0,1,0,0,10,10,contributor,3790,2514,40.02
Thomas-McKanna,0,1,0,0,10,10,contributor,3790,2514,40.02
Shekharv,0,1,0,0,10,10,contributor,3790,2514,40.02
GaelMagnan,0,1,0,0,10,10,contributor,3790,2514,40.02
Gollum999,0,1,0,0,10,10,contributor,3790,2514,40.02
tfrajt,0,1,0,0,10,10,contributor,3790,2514,40.02
Paul Bramhall,2,0,0,0,10,10,contributor,3790,2514,40.02
JSCU-CNI,0,1,0,0,10,10,contributor,3790,2514,40.02
vr00n,0,1,0,0,10,10,contributor,3790,2514,40.02
slaupster,0,1,0,0,10,10,contributor,3790,2514,40.02
Jack Danger Canty,2,0,0,0,10,10,contributor,3790,2514,40.02
Cabeda,0,1,0,0,10,10,contributor,3790,2514,40.02
Alex Johnson,2,0,0,0,10,10,contributor,3790,2514,40.02
Lord-Y,0,1,0,0,10,10,contributor,3790,2514,40.02
rpkay,0,1,0,0,10,10,contributor,3790,2514,40.02
alloydwhitlock,0,1,0,0,10,10,contributor,3790,2514,40.02
Seth Woodworth,2,0,0,0,10,10,contributor,3790,2514,40.02
moreaupascal56,0,1,0,0,10,10,contributor,3790,2514,40.02
davidmarques78,0,1,0,0,10,10,contributor,3790,2514,40.02
xianping,0,1,0,0,10,10,contributor,3790,2514,40.02
nazo,0,1,0,0,10,10,contributor,3790,2514,40.02
Ali Muhammad,2,0,0,0,10,10,contributor,3790,2514,40.02
Gerardo Curiel,2,0,0,0,10,10,contributor,3790,2514,40.02
int3rlop3r,0,1,0,0,10,10,contributor,3790,2514,40.02
Jasmine Omeke,2,0,0,0,10,10,contributor,3790,2514,40.02
lotrias17,0,1,0,0,10,10,contributor,3790,2514,40.02
JAYATI SHRIVASTAVA,2,0,0,0,10,10,contributor,3790,2514,40.02
mrorii,0,1,0,0,10,10,contributor,3790,2514,40.02
Falmarri,0,1,0,0,10,10,contributor,3790,2514,40.02
dantino,0,1,0,0,10,10,contributor,3790,2514,40.02
happilyeverafter95,0,1,0,0,10,10,contributor,3790,2514,40.02
chaithra-yenikapati,0,1,0,0,10,10,contributor,3790,2514,40.02
peter-woyzbun,0,1,0,0,10,10,contributor,3790,2514,40.02
Muhammad Luqman,2,0,0,0,10,10,contributor,3790,2514,40.02
szachovy,0,1,0,0,10,10,contributor,3790,2514,40.02
nikolayskovpin,0,1,0,0,10,10,contributor,3790,2514,40.02
Nipica,0,1,0,0,10,10,contributor,3790,2514,40.02
antoinekrajnc,0,1,0,0,10,10,contributor,3790,2514,40.02
mrkisaolamb,0,1,0,0,10,10,contributor,3790,2514,40.02
10bas10,0,1,0,0,10,10,contributor,3790,2514,40.02
MariaAbadi,0,1,0,0,10,10,contributor,3790,2514,40.02
Wadenschwinger,0,1,0,0,10,10,contributor,3790,2514,40.02
LeonardMeyer,0,1,0,0,10,10,contributor,3790,2514,40.02
ohaibbq,0,1,0,0,10,10,contributor,3790,2514,40.02
WhiteHotLoveTiger,0,1,0,0,10,10,contributor,3790,2514,40.02
hoesler,0,1,0,0,10,10,contributor,3790,2514,40.02
sunnykrGupta,0,1,0,0,10,10,contributor,3790,2514,40.02
pascalknapen,0,1,0,0,10,10,contributor,3790,2514,40.02
andrii0yerko,0,1,0,0,10,10,contributor,3790,2514,40.02
Vic020,0,1,0,0,10,10,contributor,3790,2514,40.02
davidshay,0,1,0,0,10,10,contributor,3790,2514,40.02
lisovskey,0,1,0,0,10,10,contributor,3790,2514,40.02
BhaveshSK,0,1,0,0,10,10,contributor,3790,2514,40.02
iyangchen,0,1,0,0,10,10,contributor,3790,2514,40.02
Ajay Yadav,2,0,0,0,10,10,contributor,3790,2514,40.02
is2co,0,1,0,0,10,10,contributor,3790,2514,40.02
mpolatcan,0,1,0,0,10,10,contributor,3790,2514,40.02
olivertso,0,1,0,0,10,10,contributor,3790,2514,40.02
dgrtwo,0,1,0,0,10,10,contributor,3790,2514,40.02
Jason Wang,2,0,0,0,10,10,contributor,3790,2514,40.02
rushigajaria,0,1,0,0,10,10,contributor,3790,2514,40.02
csetiawan,0,1,0,0,10,10,contributor,3790,2514,40.02
srehman420,0,1,0,0,10,10,contributor,3790,2514,40.02
slara,0,1,0,0,10,10,contributor,3790,2514,40.02
adadle,0,1,0,0,10,10,contributor,3790,2514,40.02
giaosudau,0,1,0,0,10,10,contributor,3790,2514,40.02
Mike Sadler,2,0,0,0,10,10,contributor,3790,2514,40.02
tolebiermekov,0,1,0,0,10,10,contributor,3790,2514,40.02
wjszlachta-man,0,1,0,0,10,10,contributor,3790,2514,40.02
sray-handy,0,1,0,0,10,10,contributor,3790,2514,40.02
Vladimir Sernatsky,2,0,0,0,10,10,contributor,3790,2514,40.02
ForeverWintr,0,1,0,0,10,10,contributor,3790,2514,40.02
christophelec,0,1,0,0,10,10,contributor,3790,2514,40.02
shashanksinghfd,0,1,0,0,10,10,contributor,3790,2514,40.02
chaynsaw,0,1,0,0,10,10,contributor,3790,2514,40.02
Sureshkumar-N,0,1,0,0,10,10,contributor,3790,2514,40.02
stvno,0,1,0,0,10,10,contributor,3790,2514,40.02
justinholmes,0,1,0,0,10,10,contributor,3790,2514,40.02
emurphy,0,1,0,0,10,10,contributor,3790,2514,40.02
arthur-plautz,0,1,0,0,10,10,contributor,3790,2514,40.02
stefanwuthrich,0,1,0,0,10,10,contributor,3790,2514,40.02
Holly Evans,2,0,0,0,10,10,contributor,3790,2514,40.02
d2207197,0,1,0,0,10,10,contributor,3790,2514,40.02
Quentin Lemaire,2,0,0,0,10,10,contributor,3790,2514,40.02
sfc-gh-mkmak,0,1,0,0,10,10,contributor,3790,2514,40.02
iercan,0,1,0,0,10,10,contributor,3790,2514,40.02
millertracy,0,1,0,0,10,10,contributor,3790,2514,40.02
flypenguin,0,1,0,0,10,10,contributor,3790,2514,40.02
thomasrockhu,0,1,0,0,10,10,contributor,3790,2514,40.02
ejstembler,0,1,0,0,10,10,contributor,3790,2514,40.02
x,0,1,0,0,10,10,contributor,3790,2514,40.02
crynut84,0,1,0,0,10,10,contributor,3790,2514,40.02
Jeff Widman,2,0,0,0,10,10,contributor,3790,2514,40.02
spaghettifunk,0,1,0,0,10,10,contributor,3790,2514,40.02
Sean Muth,2,0,0,0,10,10,contributor,3790,2514,40.02
baaaqt,0,1,0,0,10,10,contributor,3790,2514,40.02
laazy,0,1,0,0,10,10,contributor,3790,2514,40.02
KyleSponz,0,1,0,0,10,10,contributor,3790,2514,40.02
mmoyses,0,1,0,0,10,10,contributor,3790,2514,40.02
xoen,0,1,0,0,10,10,contributor,3790,2514,40.02
Daniel Lee,2,0,0,0,10,10,contributor,3790,2514,40.02
enoperm,0,1,0,0,10,10,contributor,3790,2514,40.02
flokli,0,1,0,0,10,10,contributor,3790,2514,40.02
JoshFerge,0,1,0,0,10,10,contributor,3790,2514,40.02
ne1r0n,0,1,0,0,10,10,contributor,3790,2514,40.02
balexander,0,1,0,0,10,10,contributor,3790,2514,40.02
InigoSJ,0,1,0,0,10,10,contributor,3790,2514,40.02
mescanne,0,1,0,0,10,10,contributor,3790,2514,40.02
drapail,0,1,0,0,10,10,contributor,3790,2514,40.02
alejandro-rivera,0,1,0,0,10,10,contributor,3790,2514,40.02
mo-rieger,0,1,0,0,10,10,contributor,3790,2514,40.02
bovoleg,0,1,0,0,10,10,contributor,3790,2514,40.02
damjad,0,1,0,0,10,10,contributor,3790,2514,40.02
robertobarreda,0,1,0,0,10,10,contributor,3790,2514,40.02
omusavi,0,1,0,0,10,10,contributor,3790,2514,40.02
manschoe,0,1,0,0,10,10,contributor,3790,2514,40.02
eerwitt,0,1,0,0,10,10,contributor,3790,2514,40.02
sbakiu,0,1,0,0,10,10,contributor,3790,2514,40.02
singhania,0,1,0,0,10,10,contributor,3790,2514,40.02
AleksaC,0,1,0,0,10,10,contributor,3790,2514,40.02
VictorGeaGarcia,0,1,0,0,10,10,contributor,3790,2514,40.02
jgr-trackunit,0,1,0,0,10,10,contributor,3790,2514,40.02
yene,0,1,0,0,10,10,contributor,3790,2514,40.02
biyanisuraj,0,1,0,0,10,10,contributor,3790,2514,40.02
rachelwigell,0,1,0,0,10,10,contributor,3790,2514,40.02
Josh Owen,2,0,0,0,10,10,contributor,3790,2514,40.02
alemdaroglu,0,1,0,0,10,10,contributor,3790,2514,40.02
suprjinx,0,1,0,0,10,10,contributor,3790,2514,40.02
dcassiano,0,1,0,0,10,10,contributor,3790,2514,40.02
stardisblue,0,1,0,0,10,10,contributor,3790,2514,40.02
ishi142005,0,1,0,0,10,10,contributor,3790,2514,40.02
bnix,0,1,0,0,10,10,contributor,3790,2514,40.02
npsables,0,1,0,0,10,10,contributor,3790,2514,40.02
marinajpereira,0,1,0,0,10,10,contributor,3790,2514,40.02
hewe,0,1,0,0,10,10,contributor,3790,2514,40.02
jdanbrown,0,1,0,0,10,10,contributor,3790,2514,40.02
cBournhonesque,0,1,0,0,10,10,contributor,3790,2514,40.02
jmagana2000,0,1,0,0,10,10,contributor,3790,2514,40.02
fabiogra,0,1,0,0,10,10,contributor,3790,2514,40.02
silentsokolov,0,1,0,0,10,10,contributor,3790,2514,40.02
XuanmoFeng,0,1,0,0,10,10,contributor,3790,2514,40.02
Boris Morel,2,0,0,0,10,10,contributor,3790,2514,40.02
michaelmdeng,0,1,0,0,10,10,contributor,3790,2514,40.02
thomasniebler,0,1,0,0,10,10,contributor,3790,2514,40.02
abhishekbafna,0,1,0,0,10,10,contributor,3790,2514,40.02
nalepae,0,1,0,0,10,10,contributor,3790,2514,40.02
tamsanh,0,1,0,0,10,10,contributor,3790,2514,40.02
William Hudgins,2,0,0,0,10,10,contributor,3790,2514,40.02
Andrej Oskin,2,0,0,0,10,10,contributor,3790,2514,40.02
eff917,0,1,0,0,10,10,contributor,3790,2514,40.02
Anthony Lin,2,0,0,0,10,10,contributor,3790,2514,40.02
jongsy,0,1,0,0,10,10,contributor,3790,2514,40.02
sammcveety,0,1,0,0,10,10,contributor,3790,2514,40.02
marklavrynenko-original,0,1,0,0,10,10,contributor,3790,2514,40.02
Adylzhan Khashtamov,2,0,0,0,10,10,contributor,3790,2514,40.02
nadav-baruryan-lmnd,0,1,0,0,10,10,contributor,3790,2514,40.02
phraniiac,0,1,0,0,10,10,contributor,3790,2514,40.02
skestle,0,1,0,0,10,10,contributor,3790,2514,40.02
Van-Duyet Le,2,0,0,0,10,10,contributor,3790,2514,40.02
Jeffrharr,0,1,0,0,10,10,contributor,3790,2514,40.02
Hai Nguyen,2,0,0,0,10,10,contributor,3790,2514,40.02
antweiss,0,1,0,0,10,10,contributor,3790,2514,40.02
Tien Duc (TiDu) Nguyen,2,0,0,0,10,10,contributor,3790,2514,40.02
coinzerge,0,1,0,0,10,10,contributor,3790,2514,40.02
eschwartz,0,1,0,0,10,10,contributor,3790,2514,40.02
Arghya-lab,0,1,0,0,10,10,contributor,3790,2514,40.02
lewijw,0,1,0,0,10,10,contributor,3790,2514,40.02
yeachan153,0,1,0,0,10,10,contributor,3790,2514,40.02
Bazzan,2,0,0,0,10,10,contributor,3790,2514,40.02
hesenp,0,1,0,0,10,10,contributor,3790,2514,40.02
DavidKatz-il,0,1,0,0,10,10,contributor,3790,2514,40.02
LAKSH  KRISHNA SHARMA,2,0,0,0,10,10,contributor,3790,2514,40.02
andrewm4894,0,1,0,0,10,10,contributor,3790,2514,40.02
fernandobugni,0,1,0,0,10,10,contributor,3790,2514,40.02
cduongvn,0,1,0,0,10,10,contributor,3790,2514,40.02
fatmali,0,1,0,0,10,10,contributor,3790,2514,40.02
Yann Lambret,2,0,0,0,10,10,contributor,3790,2514,40.02
formigone,0,1,0,0,10,10,contributor,3790,2514,40.02
gem7318,0,1,0,0,10,10,contributor,3790,2514,40.02
zoomzoomTnT,0,0,5,0,10,10,observer,3790,32,40.02
cheddar,0,1,0,0,10,10,contributor,3790,2514,40.02
Raniazy,0,1,0,0,10,10,contributor,3790,2514,40.02
maiconkkl,0,1,0,0,10,10,contributor,3790,2514,40.02
sreelakshmiaddepalli,0,1,0,0,10,10,contributor,3790,2514,40.02
mfatemipour,0,1,0,0,10,10,contributor,3790,2514,40.02
luciakasman,0,1,0,0,10,10,contributor,3790,2514,40.02
Howie Wang,2,0,0,0,10,10,contributor,3790,2514,40.02
j-asonwang,0,1,0,0,10,10,contributor,3790,2514,40.02
Janardhan Pulivarthi,2,0,0,0,10,10,contributor,3790,2514,40.02
jose-workpath,0,1,0,0,10,10,contributor,3790,2514,40.02
phill84,0,1,0,0,10,10,contributor,3790,2514,40.02
utkarsh sharma,2,0,0,0,10,10,contributor,3790,2514,40.02
sserdyukov,0,1,0,0,10,10,contributor,3790,2514,40.02
Kevin Deldycke,2,0,0,0,10,10,contributor,3790,2514,40.02
benhoyt,0,1,0,0,10,10,contributor,3790,2514,40.02
baruch-shteken,0,1,0,0,10,10,contributor,3790,2514,40.02
adrianmarkperea,0,1,0,0,10,10,contributor,3790,2514,40.02
joshmarlow,0,1,0,0,10,10,contributor,3790,2514,40.02
viniolivieri,0,1,0,0,10,10,contributor,3790,2514,40.02
ValeryAsah,0,1,0,0,10,10,contributor,3790,2514,40.02
OmarFarooq908,0,1,0,0,10,10,contributor,3790,2514,40.02
joankaradimov,0,1,0,0,10,10,contributor,3790,2514,40.02
kanagaraj,2,0,0,0,10,10,contributor,3790,2514,40.02
Siddesh M G,2,0,0,0,10,10,contributor,3790,2514,40.02
matthewphsmith,0,1,0,0,10,10,contributor,3790,2514,40.02
geovalexis,0,1,0,0,10,10,contributor,3790,2514,40.02
otosky,0,1,0,0,10,10,contributor,3790,2514,40.02
ThomasLaPiana,0,1,0,0,10,10,contributor,3790,2514,40.02
ConstantinoSchillebeeckx,0,1,0,0,10,10,contributor,3790,2514,40.02
tsonic04,0,1,0,0,10,10,contributor,3790,2514,40.02
likecodingloveproblems,0,1,0,0,10,10,contributor,3790,2514,40.02
Andrii Roiko,2,0,0,0,10,10,contributor,3790,2514,40.02
chs2,0,1,0,0,10,10,contributor,3790,2514,40.02
Fai,2,0,0,0,10,10,contributor,3790,2514,40.02
Aditya-Kapadiya,0,1,0,0,10,10,contributor,3790,2514,40.02
XPE-7,0,1,0,0,10,10,contributor,3790,2514,40.02
aKumpan,0,1,0,0,10,10,contributor,3790,2514,40.02
Chad Henderson,2,0,0,0,10,10,contributor,3790,2514,40.02
dchaplinsky,0,1,0,0,10,10,contributor,3790,2514,40.02
thomashillyer,0,1,0,0,10,10,contributor,3790,2514,40.02
Aizhamal Nurmamat kyzy,2,0,0,0,10,10,contributor,3790,2514,40.02
David Lum,2,0,0,0,10,10,contributor,3790,2514,40.02
Marcelo Majer Franceschini,2,0,0,0,10,10,contributor,3790,2514,40.02
dhatch,0,1,0,0,10,10,contributor,3790,2514,40.02
set5think,0,1,0,0,10,10,contributor,3790,2514,40.02
gitruhul,0,1,0,0,10,10,contributor,3790,2514,40.02
James Meickle,2,0,0,0,10,10,contributor,3790,2514,40.02
VincentKetelaars,0,1,0,0,10,10,contributor,3790,2514,40.02
berksudan,0,1,0,0,10,10,contributor,3790,2514,40.02
janvandervegt-db,0,0,5,0,10,10,observer,3790,32,40.02
huage1994,0,1,0,0,10,10,contributor,3790,2514,40.02
mb-m,0,1,0,0,10,10,contributor,3790,2514,40.02
minh5,0,1,0,0,10,10,contributor,3790,2514,40.02
dpaola2,0,1,0,0,10,10,contributor,3790,2514,40.02
elvijs,0,1,0,0,10,10,contributor,3790,2514,40.02
kajari1verma,0,1,0,0,10,10,contributor,3790,2514,40.02
gargd,0,1,0,0,10,10,contributor,3790,2514,40.02
sabino,0,1,0,0,10,10,contributor,3790,2514,40.02
martinburch,0,1,0,0,10,10,contributor,3790,2514,40.02
ketanbhatt,0,1,0,0,10,10,contributor,3790,2514,40.02
Pietro,2,0,0,0,10,10,contributor,3790,2514,40.02
ordonezf,0,1,0,0,10,10,contributor,3790,2514,40.02
shrechak,0,1,0,0,10,10,contributor,3790,2514,40.02
Myles1,0,1,0,0,10,10,contributor,3790,2514,40.02
shlomiLan,0,1,0,0,10,10,contributor,3790,2514,40.02
stavdav,2,0,0,0,10,10,contributor,3790,2514,40.02
gajop-ptx,0,1,0,0,10,10,contributor,3790,2514,40.02
seokyun.ha,2,0,0,0,10,10,contributor,3790,2514,40.02
Rittycheriah,0,1,0,0,10,10,contributor,3790,2514,40.02
Richard Davison,2,0,0,0,10,10,contributor,3790,2514,40.02
jrggggg,0,1,0,0,10,10,contributor,3790,2514,40.02
Hyungsuk Yoon,2,0,0,0,10,10,contributor,3790,2514,40.02
sachinp97,0,1,0,0,10,10,contributor,3790,2514,40.02
Kevin,2,0,0,0,10,10,contributor,3790,2514,40.02
nitesh-dubey-samsung,0,1,0,0,10,10,contributor,3790,2514,40.02
rikhilrai,0,1,0,0,10,10,contributor,3790,2514,40.02
Vic Wen,2,0,0,0,10,10,contributor,3790,2514,40.02
maurerle,0,1,0,0,10,10,contributor,3790,2514,40.02
acksmaggart,0,1,0,0,10,10,contributor,3790,2514,40.02
Nishtha1994,0,1,0,0,10,10,contributor,3790,2514,40.02
lsowen,0,1,0,0,10,10,contributor,3790,2514,40.02
Kiran R,2,0,0,0,10,10,contributor,3790,2514,40.02
Nimo139,0,1,0,0,10,10,contributor,3790,2514,40.02
kothakalyan,0,1,0,0,10,10,contributor,3790,2514,40.02
arthbraveheart,0,1,0,0,10,10,contributor,3790,2514,40.02
eftsung,0,1,0,0,10,10,contributor,3790,2514,40.02
Arkadiusz Rudny,2,0,0,0,10,10,contributor,3790,2514,40.02
doughepi,0,1,0,0,10,10,contributor,3790,2514,40.02
littlelindner2,0,1,0,0,10,10,contributor,3790,2514,40.02
WingCode,0,1,0,0,10,10,contributor,3790,2514,40.02
yrro,0,1,0,0,10,10,contributor,3790,2514,40.02
Daniel Zohar,2,0,0,0,10,10,contributor,3790,2514,40.02
xadhoom,0,1,0,0,10,10,contributor,3790,2514,40.02
RamiNoodle733,0,1,0,0,10,10,contributor,3790,2514,40.02
ledped,0,1,0,0,10,10,contributor,3790,2514,40.02
robertoea,0,1,0,0,10,10,contributor,3790,2514,40.02
znichols,0,1,0,0,10,10,contributor,3790,2514,40.02
Pak Andrey,2,0,0,0,10,10,contributor,3790,2514,40.02
jonathimer,0,1,0,0,10,10,contributor,3790,2514,40.02
Baitur5,0,1,0,0,10,10,contributor,3790,2514,40.02
elaye-canopy,0,0,5,0,10,10,observer,3790,32,40.02
Itay Levy,2,0,0,0,10,10,contributor,3790,2514,40.02
rakeshreddysama1410,0,1,0,0,10,10,contributor,3790,2514,40.02
izebit,0,1,0,0,10,10,contributor,3790,2514,40.02
TungHoang,2,0,0,0,10,10,contributor,3790,2514,40.02
muthurajr,0,1,0,0,10,10,contributor,3790,2514,40.02
3vivekb,0,1,0,0,10,10,contributor,3790,2514,40.02
Sam Schlegel,2,0,0,0,10,10,contributor,3790,2514,40.02
miho120,0,1,0,0,10,10,contributor,3790,2514,40.02
mrwacky42,0,1,0,0,10,10,contributor,3790,2514,40.02
jsoo1,0,1,0,0,10,10,contributor,3790,2514,40.02
KS0107,0,1,0,0,10,10,contributor,3790,2514,40.02
shmokmt,0,1,0,0,10,10,contributor,3790,2514,40.02
Franco Peschiera,2,0,0,0,10,10,contributor,3790,2514,40.02
vishnuprathishbbmtek,0,1,0,0,10,10,contributor,3790,2514,40.02
eran-levy,0,1,0,0,10,10,contributor,3790,2514,40.02
LeonY1,0,1,0,0,10,10,contributor,3790,2514,40.02
Andre (&re),2,0,0,0,10,10,contributor,3790,2514,40.02
zomborinorbert,0,1,0,0,10,10,contributor,3790,2514,40.02
Dave,2,0,0,0,10,10,contributor,3790,2514,40.02
AlbinOS,0,1,0,0,10,10,contributor,3790,2514,40.02
AmineB,2,0,0,0,10,10,contributor,3790,2514,40.02
Lukas Mikelionis,2,0,0,0,10,10,contributor,3790,2514,40.02
tamseo,0,1,0,0,10,10,contributor,3790,2514,40.02
dsm2005,0,1,0,0,10,10,contributor,3790,2514,40.02
ajw0100,0,1,0,0,10,10,contributor,3790,2514,40.02
danneaves-ee,0,1,0,0,10,10,contributor,3790,2514,40.02
rjtshrm,0,1,0,0,10,10,contributor,3790,2514,40.02
ej-sanmartin,0,1,0,0,10,10,contributor,3790,2514,40.02
AlexAslan,0,1,0,0,10,10,contributor,3790,2514,40.02
Vladimir Gavrilenko,2,0,0,0,10,10,contributor,3790,2514,40.02
DougForrest,0,1,0,0,10,10,contributor,3790,2514,40.02
dmvieira,0,1,0,0,10,10,contributor,3790,2514,40.02
yujiantao,0,1,0,0,10,10,contributor,3790,2514,40.02
HeySlava,0,1,0,0,10,10,contributor,3790,2514,40.02
gitavns,0,1,0,0,10,10,contributor,3790,2514,40.02
siryur,0,1,0,0,10,10,contributor,3790,2514,40.02
j-mercier,0,1,0,0,10,10,contributor,3790,2514,40.02
ferrannoguera,0,1,0,0,10,10,contributor,3790,2514,40.02
tamasflamich,0,1,0,0,10,10,contributor,3790,2514,40.02
cdutr,0,1,0,0,10,10,contributor,3790,2514,40.02
makaraju,0,1,0,0,10,10,contributor,3790,2514,40.02
bitsofdave,0,1,0,0,10,10,contributor,3790,2514,40.02
ramanan-r,0,1,0,0,10,10,contributor,3790,2514,40.02
OldPanda,0,1,0,0,10,10,contributor,3790,2514,40.02
BinalModi,0,1,0,0,10,10,contributor,3790,2514,40.02
Roi Teveth,2,0,0,0,10,10,contributor,3790,2514,40.02
willioktavega,0,1,0,0,10,10,contributor,3790,2514,40.02
urvisrikm9,0,1,0,0,10,10,contributor,3790,2514,40.02
dlampa,0,1,0,0,10,10,contributor,3790,2514,40.02
sangarshanan,2,0,0,0,10,10,contributor,3790,2514,40.02
jaketerrito,0,1,0,0,10,10,contributor,3790,2514,40.02
Bradley Bonitatibus,2,0,0,0,10,10,contributor,3790,2514,40.02
jaklan,0,0,5,0,10,10,observer,3790,32,40.02
IvanVergiliev,0,1,0,0,10,10,contributor,3790,2514,40.02
helenweng-stripe,0,1,0,0,10,10,contributor,3790,2514,40.02
neronsoda,0,1,0,0,10,10,contributor,3790,2514,40.02
Filip Popić,2,0,0,0,10,10,contributor,3790,2514,40.02
ramya-koteswari,0,1,0,0,10,10,contributor,3790,2514,40.02
derrickqin,0,1,0,0,10,10,contributor,3790,2514,40.02
jkinkead,0,1,0,0,10,10,contributor,3790,2514,40.02
lehmann,0,1,0,0,10,10,contributor,3790,2514,40.02
radujica,0,1,0,0,10,10,contributor,3790,2514,40.02
lcaggio,0,1,0,0,10,10,contributor,3790,2514,40.02
Leo Liao,2,0,0,0,10,10,contributor,3790,2514,40.02
lalmgren,0,1,0,0,10,10,contributor,3790,2514,40.02
gustavom2998,0,1,0,0,10,10,contributor,3790,2514,40.02
Karthikeyantkr,0,1,0,0,10,10,contributor,3790,2514,40.02
gabeschenz,0,1,0,0,10,10,contributor,3790,2514,40.02
Adrián Matellanes,2,0,0,0,10,10,contributor,3790,2514,40.02
TeclaPeregrina,0,1,0,0,10,10,contributor,3790,2514,40.02
KaraBilly,0,1,0,0,10,10,contributor,3790,2514,40.02
Daniel Lamblin,2,0,0,0,10,10,contributor,3790,2514,40.02
xylar,0,1,0,0,10,10,contributor,3790,2514,40.02
MAGLeb,0,1,0,0,10,10,contributor,3790,2514,40.02
ibrahim307le,0,1,0,0,10,10,contributor,3790,2514,40.02
Carl Johan Gustavsson,2,0,0,0,10,10,contributor,3790,2514,40.02
andygarfield,0,1,0,0,10,10,contributor,3790,2514,40.02
David Smith,2,0,0,0,10,10,contributor,3790,2514,40.02
ndellosa95,0,1,0,0,10,10,contributor,3790,2514,40.02
agrounds,0,1,0,0,10,10,contributor,3790,2514,40.02
vinit payal,2,0,0,0,10,10,contributor,3790,2514,40.02
mauliksoneji,0,1,0,0,10,10,contributor,3790,2514,40.02
kinow,0,1,0,0,10,10,contributor,3790,2514,40.02
bill3tt,0,1,0,0,10,10,contributor,3790,2514,40.02
Gabriel Nicolas Avellaneda,2,0,0,0,10,10,contributor,3790,2514,40.02
maciekgawron,0,1,0,0,10,10,contributor,3790,2514,40.02
francotesei,0,1,0,0,10,10,contributor,3790,2514,40.02
zazazack,0,1,0,0,10,10,contributor,3790,2514,40.02
pnegahdar,0,1,0,0,10,10,contributor,3790,2514,40.02
a246530,0,1,0,0,10,10,contributor,3790,2514,40.02
LiChangNY,0,1,0,0,10,10,contributor,3790,2514,40.02
Bitla-venkat,0,1,0,0,10,10,contributor,3790,2514,40.02
mprice-asapp,0,1,0,0,10,10,contributor,3790,2514,40.02
creyesp,0,1,0,0,10,10,contributor,3790,2514,40.02
VarunRauthan,0,1,0,0,10,10,contributor,3790,2514,40.02
sbboakye,0,1,0,0,10,10,contributor,3790,2514,40.02
Tzun27,0,1,0,0,10,10,contributor,3790,2514,40.02
fusuiyi123,0,1,0,0,10,10,contributor,3790,2514,40.02
Wonhyeong Seo,2,0,0,0,10,10,contributor,3790,2514,40.02
getaaron,0,1,0,0,10,10,contributor,3790,2514,40.02
yauhenishh,0,1,0,0,10,10,contributor,3790,2514,40.02
pawalat,0,1,0,0,10,10,contributor,3790,2514,40.02
Vishal,2,0,0,0,10,10,contributor,3790,2514,40.02
Jake-Gillberg,0,1,0,0,10,10,contributor,3790,2514,40.02
dmnpignaud,0,1,0,0,10,10,contributor,3790,2514,40.02
imsong,0,1,0,0,10,10,contributor,3790,2514,40.02
LOLHCS-dot,0,1,0,0,10,10,contributor,3790,2514,40.02
seancron,0,1,0,0,10,10,contributor,3790,2514,40.02
jbdyn,0,1,0,0,10,10,contributor,3790,2514,40.02
Richard Pelgrim,2,0,0,0,10,10,contributor,3790,2514,40.02
John Green,2,0,0,0,10,10,contributor,3790,2514,40.02
mitchelladam,0,1,0,0,10,10,contributor,3790,2514,40.02
janczak10,0,1,0,0,10,10,contributor,3790,2514,40.02
ruospalo,0,1,0,0,10,10,contributor,3790,2514,40.02
YahelyUshpiz,0,1,0,0,10,10,contributor,3790,2514,40.02
endast,0,1,0,0,10,10,contributor,3790,2514,40.02
lyallcooper,0,1,0,0,10,10,contributor,3790,2514,40.02
benjcabalona1029,0,1,0,0,10,10,contributor,3790,2514,40.02
Dimitri,2,0,0,0,10,10,contributor,3790,2514,40.02
Fabrice,2,0,0,0,10,10,contributor,3790,2514,40.02
Kuba Tyszko,2,0,0,0,10,10,contributor,3790,2514,40.02
jiwang576,0,1,0,0,10,10,contributor,3790,2514,40.02
shervinrad100,0,1,0,0,10,10,contributor,3790,2514,40.02
Honarkhah,2,0,0,0,10,10,contributor,3790,2514,40.02
ethanquix,0,1,0,0,10,10,contributor,3790,2514,40.02
userimack,0,1,0,0,10,10,contributor,3790,2514,40.02
pyueli,0,1,0,0,10,10,contributor,3790,2514,40.02
miloszszymczak,0,1,0,0,10,10,contributor,3790,2514,40.02
kamilchm,0,1,0,0,10,10,contributor,3790,2514,40.02
oliverisaac,0,1,0,0,10,10,contributor,3790,2514,40.02
JWDobken,0,1,0,0,10,10,contributor,3790,2514,40.02
quchang4781,0,1,0,0,10,10,contributor,3790,2514,40.02
jasonicarter,0,1,0,0,10,10,contributor,3790,2514,40.02
Niccolum,0,1,0,0,10,10,contributor,3790,2514,40.02
jwswj,0,1,0,0,10,10,contributor,3790,2514,40.02
gnomeria,0,1,0,0,10,10,contributor,3790,2514,40.02
juhwi.lee,2,0,0,0,10,10,contributor,3790,2514,40.02
gregorymfoster,0,1,0,0,10,10,contributor,3790,2514,40.02
Saverio Guzzo,2,0,0,0,10,10,contributor,3790,2514,40.02
styannik,0,1,0,0,10,10,contributor,3790,2514,40.02
akaul,0,1,0,0,10,10,contributor,3790,2514,40.02
Kawaamai,0,1,0,0,10,10,contributor,3790,2514,40.02
Coding-Alchemist-Abhijay,0,1,0,0,10,10,contributor,3790,2514,40.02
martijnvdgrift,0,1,0,0,10,10,contributor,3790,2514,40.02
jonasrla,0,1,0,0,10,10,contributor,3790,2514,40.02
theodoresiu,0,1,0,0,10,10,contributor,3790,2514,40.02
Bohdan Udovenko,2,0,0,0,10,10,contributor,3790,2514,40.02
Zhenye (Nathan) Na,2,0,0,0,10,10,contributor,3790,2514,40.02
mattwang44,0,1,0,0,10,10,contributor,3790,2514,40.02
robbwagoner,0,1,0,0,10,10,contributor,3790,2514,40.02
pradyumnac26,0,1,0,0,10,10,contributor,3790,2514,40.02
Perados,0,1,0,0,10,10,contributor,3790,2514,40.02
Tuan Nguyen,2,0,0,0,10,10,contributor,3790,2514,40.02
daphshez,0,1,0,0,10,10,contributor,3790,2514,40.02
AdriMarteau,0,1,0,0,10,10,contributor,3790,2514,40.02
ChrisTowles,0,1,0,0,10,10,contributor,3790,2514,40.02
arcward,0,1,0,0,10,10,contributor,3790,2514,40.02
Danilo Trombino,2,0,0,0,10,10,contributor,3790,2514,40.02
Jake Biesinger,2,0,0,0,10,10,contributor,3790,2514,40.02
PranavMotarwar,0,1,0,0,10,10,contributor,3790,2514,40.02
NatchapolLaow,0,1,0,0,10,10,contributor,3790,2514,40.02
Thanush-03,0,1,0,0,10,10,contributor,3790,2514,40.02
Tung Leo,2,0,0,0,10,10,contributor,3790,2514,40.02
porterdarby,0,1,0,0,10,10,contributor,3790,2514,40.02
francois2metz,0,1,0,0,10,10,contributor,3790,2514,40.02
p-kachalov,0,1,0,0,10,10,contributor,3790,2514,40.02
Dan Sedov,2,0,0,0,10,10,contributor,3790,2514,40.02
jochenott,0,1,0,0,10,10,contributor,3790,2514,40.02
rlukin,0,1,0,0,10,10,contributor,3790,2514,40.02
ecederstrand,0,1,0,0,10,10,contributor,3790,2514,40.02
Andrew Stein,2,0,0,0,10,10,contributor,3790,2514,40.02
nigel-millward,0,1,0,0,10,10,contributor,3790,2514,40.02
brunobastosg,0,1,0,0,10,10,contributor,3790,2514,40.02
ee987,0,1,0,0,10,10,contributor,3790,2514,40.02
sowow359,0,1,0,0,10,10,contributor,3790,2514,40.02
wsmolak,0,1,0,0,10,10,contributor,3790,2514,40.02
fisher-monkey,0,1,0,0,10,10,contributor,3790,2514,40.02
Maryam3107,0,1,0,0,10,10,contributor,3790,2514,40.02
BioGeek,0,1,0,0,10,10,contributor,3790,2514,40.02
jbvsmo,0,1,0,0,10,10,contributor,3790,2514,40.02
zlonghofer,0,1,0,0,10,10,contributor,3790,2514,40.02
sbrinkhorst,0,1,0,0,10,10,contributor,3790,2514,40.02
ryantam626,0,1,0,0,10,10,contributor,3790,2514,40.02
Vinay G B,2,0,0,0,10,10,contributor,3790,2514,40.02
lutzkuen,0,1,0,0,10,10,contributor,3790,2514,40.02
mamdouhtawfik,0,0,4,0,8,8,observer,6453,46,24.36
yovio-rca,0,0,4,0,8,8,observer,6453,46,24.36
efolgar,0,0,4,0,8,8,observer,6453,46,24.36
sunilkmallam,0,0,4,0,8,8,observer,6453,46,24.36
efedotova,0,0,4,0,8,8,observer,6453,46,24.36
jloehel,0,0,4,0,8,8,observer,6453,46,24.36
gershnik,0,0,4,0,8,8,observer,6453,46,24.36
blackbass64,0,0,4,0,8,8,observer,6453,46,24.36
hit-lacus,0,0,4,0,8,8,observer,6453,46,24.36
kennknowles,0,0,4,0,8,8,observer,6453,46,24.36
shivamshrey,0,0,2,1,7,7,observer,6463,56,24.3
jward-bw,0,0,3,0,6,6,observer,6464,57,24.19
zjffdu,0,0,3,0,6,6,observer,6464,57,24.19
matcha-1atte,0,0,0,2,6,6,observer,6464,57,24.19
theodesp,0,0,3,0,6,6,observer,6464,57,24.19
zanecodes,0,0,3,0,6,6,observer,6464,57,24.19
mag3141592,0,0,3,0,6,6,observer,6464,57,24.19
edgarrmondragon,0,0,3,0,6,6,observer,6464,57,24.19
jpmenil,0,0,3,0,6,6,observer,6464,57,24.19
n-badtke-cg,0,0,3,0,6,6,observer,6464,57,24.19
shrukul,0,0,3,0,6,6,observer,6464,57,24.19
yan-hic,0,0,3,0,6,6,observer,6464,57,24.19
fjetter,0,0,3,0,6,6,observer,6464,57,24.19
kujon,0,0,3,0,6,6,observer,6464,57,24.19
matthewblock,0,0,3,0,6,6,observer,6464,57,24.19
linzhou-db,0,0,3,0,6,6,observer,6464,57,24.19
rabsr,0,0,3,0,6,6,observer,6464,57,24.19
OfSixes,0,0,3,0,6,6,observer,6464,57,24.19
Thejana Weththasinghe,1,0,0,0,5,5,contributor,6481,5163,12.93
Eleanor Berger,1,0,0,0,5,5,contributor,6481,5163,12.93
Anton Bryzgalov,1,0,0,0,5,5,contributor,6481,5163,12.93
Jacob Trunsky,1,0,0,0,5,5,contributor,6481,5163,12.93
Adan,1,0,0,0,5,5,contributor,6481,5163,12.93
Muhammad Hanif Mohamad Musa,1,0,0,0,5,5,contributor,6481,5163,12.93
Davide Consonni,1,0,0,0,5,5,contributor,6481,5163,12.93
Teodor Linkin,1,0,0,0,5,5,contributor,6481,5163,12.93
Willian Rocha,1,0,0,0,5,5,contributor,6481,5163,12.93
Mariko Wakabayashi,1,0,0,0,5,5,contributor,6481,5163,12.93
Dylan Joss,1,0,0,0,5,5,contributor,6481,5163,12.93
Andre Miranda,1,0,0,0,5,5,contributor,6481,5163,12.93
Cai Parry-Jones,1,0,0,0,5,5,contributor,6481,5163,12.93
Filippo Minutella,1,0,0,0,5,5,contributor,6481,5163,12.93
Asa Witt,1,0,0,0,5,5,contributor,6481,5163,12.93
Vighnesh Tule,1,0,0,0,5,5,contributor,6481,5163,12.93
Alden S Page,1,0,0,0,5,5,contributor,6481,5163,12.93
Ferran Noguera Vall,1,0,0,0,5,5,contributor,6481,5163,12.93
Ian Daniel,1,0,0,0,5,5,contributor,6481,5163,12.93
Cassandra,1,0,0,0,5,5,contributor,6481,5163,12.93
Conrad Lee,1,0,0,0,5,5,contributor,6481,5163,12.93
Mehmet,1,0,0,0,5,5,contributor,6481,5163,12.93
Jordan Sanders,1,0,0,0,5,5,contributor,6481,5163,12.93
Guru Devanla,1,0,0,0,5,5,contributor,6481,5163,12.93
Arlo Purcell,1,0,0,0,5,5,contributor,6481,5163,12.93
Jeroen Van Goey,1,0,0,0,5,5,contributor,6481,5163,12.93
Bas,1,0,0,0,5,5,contributor,6481,5163,12.93
Fabio Grasso,1,0,0,0,5,5,contributor,6481,5163,12.93
Sergi Alonso,1,0,0,0,5,5,contributor,6481,5163,12.93
david,1,0,0,0,5,5,contributor,6481,5163,12.93
Temo Ojeda,1,0,0,0,5,5,contributor,6481,5163,12.93
magic_frog,1,0,0,0,5,5,contributor,6481,5163,12.93
Jeffery,1,0,0,0,5,5,contributor,6481,5163,12.93
Tejas,1,0,0,0,5,5,contributor,6481,5163,12.93
Vedran Kolka,1,0,0,0,5,5,contributor,6481,5163,12.93
Matthew Rastovac,1,0,0,0,5,5,contributor,6481,5163,12.93
Jake Gysland,1,0,0,0,5,5,contributor,6481,5163,12.93
Jiening Wen,1,0,0,0,5,5,contributor,6481,5163,12.93
Jonathan Simon Prates,1,0,0,0,5,5,contributor,6481,5163,12.93
Fahran Wallace,1,0,0,0,5,5,contributor,6481,5163,12.93
Bram Van de Walle,1,0,0,0,5,5,contributor,6481,5163,12.93
Gurcharan Singh,1,0,0,0,5,5,contributor,6481,5163,12.93
Bill Franklin,1,0,0,0,5,5,contributor,6481,5163,12.93
Jason Zhang,1,0,0,0,5,5,contributor,6481,5163,12.93
Jyothsna Kullatira,1,0,0,0,5,5,contributor,6481,5163,12.93
Evgeny Liskovets,1,0,0,0,5,5,contributor,6481,5163,12.93
Łukasz Maczułajtys,1,0,0,0,5,5,contributor,6481,5163,12.93
Kian Yang Lee,1,0,0,0,5,5,contributor,6481,5163,12.93
Tim Paine,1,0,0,0,5,5,contributor,6481,5163,12.93
Alfredo Luque,1,0,0,0,5,5,contributor,6481,5163,12.93
서재권(Data Platform),1,0,0,0,5,5,contributor,6481,5163,12.93
Nidhi Akshay GK,1,0,0,0,5,5,contributor,6481,5163,12.93
Stan Seibert,1,0,0,0,5,5,contributor,6481,5163,12.93
Adam Turner,1,0,0,0,5,5,contributor,6481,5163,12.93
Tomasz Sosiński,1,0,0,0,5,5,contributor,6481,5163,12.93
Amir Shahatit,1,0,0,0,5,5,contributor,6481,5163,12.93
Alexander Shorin,1,0,0,0,5,5,contributor,6481,5163,12.93
Detlev V.,1,0,0,0,5,5,contributor,6481,5163,12.93
Betsy Cannon,1,0,0,0,5,5,contributor,6481,5163,12.93
Michael R. Crusoe,1,0,0,0,5,5,contributor,6481,5163,12.93
Jakub Guzik,1,0,0,0,5,5,contributor,6481,5163,12.93
Rajan Kumar,1,0,0,0,5,5,contributor,6481,5163,12.93
Aman Ranjan Thakur,1,0,0,0,5,5,contributor,6481,5163,12.93
Alexis-Gu-Ar,1,0,0,0,5,5,contributor,6481,5163,12.93
"YAMAMORI, Akihiro",1,0,0,0,5,5,contributor,6481,5163,12.93
Andrea Vanelli,1,0,0,0,5,5,contributor,6481,5163,12.93
jie211,1,0,0,0,5,5,contributor,6481,5163,12.93
Prithvi,1,0,0,0,5,5,contributor,6481,5163,12.93
Abhishek Tiwari,1,0,0,0,5,5,contributor,6481,5163,12.93
Arjun Pathak,1,0,0,0,5,5,contributor,6481,5163,12.93
Charles Caygill,1,0,0,0,5,5,contributor,6481,5163,12.93
Bovard Doerschuk-Tiberi,1,0,0,0,5,5,contributor,6481,5163,12.93
Nikita Repin-Solev,1,0,0,0,5,5,contributor,6481,5163,12.93
Sven Varkel,1,0,0,0,5,5,contributor,6481,5163,12.93
Akim Sadaoui,1,0,0,0,5,5,contributor,6481,5163,12.93
Gabor Ratky,1,0,0,0,5,5,contributor,6481,5163,12.93
Alejandro Fernandez,1,0,0,0,5,5,contributor,6481,5163,12.93
Mateusz Kukieła,1,0,0,0,5,5,contributor,6481,5163,12.93
Steven Reitsma,1,0,0,0,5,5,contributor,6481,5163,12.93
Chaim Turkel,1,0,0,0,5,5,contributor,6481,5163,12.93
Ravindu Weerakoon,1,0,0,0,5,5,contributor,6481,5163,12.93
Paul Woods,1,0,0,0,5,5,contributor,6481,5163,12.93
Tanuj Gupta,1,0,0,0,5,5,contributor,6481,5163,12.93
Seweryn Ożóg,1,0,0,0,5,5,contributor,6481,5163,12.93
Julian V. Modesto,1,0,0,0,5,5,contributor,6481,5163,12.93
Naoya Kanai,1,0,0,0,5,5,contributor,6481,5163,12.93
Preete Dixit,1,0,0,0,5,5,contributor,6481,5163,12.93
Kevin Crouse,1,0,0,0,5,5,contributor,6481,5163,12.93
Craig Chatfield,1,0,0,0,5,5,contributor,6481,5163,12.93
Pablo,1,0,0,0,5,5,contributor,6481,5163,12.93
Ian Maddox,1,0,0,0,5,5,contributor,6481,5163,12.93
Jack Arenas,1,0,0,0,5,5,contributor,6481,5163,12.93
Christoph Corleis,1,0,0,0,5,5,contributor,6481,5163,12.93
Chongchen Chen,1,0,0,0,5,5,contributor,6481,5163,12.93
Karthik Dulam,1,0,0,0,5,5,contributor,6481,5163,12.93
Gonçalo,1,0,0,0,5,5,contributor,6481,5163,12.93
Le Xich Long,1,0,0,0,5,5,contributor,6481,5163,12.93
Jaroslaw Grycz,1,0,0,0,5,5,contributor,6481,5163,12.93
Natsu,1,0,0,0,5,5,contributor,6481,5163,12.93
Michael Lese,1,0,0,0,5,5,contributor,6481,5163,12.93
Evan Miller,1,0,0,0,5,5,contributor,6481,5163,12.93
Demetrio Ruiz,1,0,0,0,5,5,contributor,6481,5163,12.93
Karan Anand,1,0,0,0,5,5,contributor,6481,5163,12.93
Nishant Sharma,1,0,0,0,5,5,contributor,6481,5163,12.93
Rémy Léone,1,0,0,0,5,5,contributor,6481,5163,12.93
Jimmy McBroom,1,0,0,0,5,5,contributor,6481,5163,12.93
Jesús Arroyo Torrens,1,0,0,0,5,5,contributor,6481,5163,12.93
Sangbong Lee,1,0,0,0,5,5,contributor,6481,5163,12.93
Denis Evseev,1,0,0,0,5,5,contributor,6481,5163,12.93
Shaniya Clement,1,0,0,0,5,5,contributor,6481,5163,12.93
Aleksey Tsalolikhin,1,0,0,0,5,5,contributor,6481,5163,12.93
Norman Rosner,1,0,0,0,5,5,contributor,6481,5163,12.93
Aaron Myatt,1,0,0,0,5,5,contributor,6481,5163,12.93
Lee Dongjin,1,0,0,0,5,5,contributor,6481,5163,12.93
Noam Cohen,1,0,0,0,5,5,contributor,6481,5163,12.93
Stijn Verhaegen,1,0,0,0,5,5,contributor,6481,5163,12.93
natjo,1,0,0,0,5,5,contributor,6481,5163,12.93
nICK,1,0,0,0,5,5,contributor,6481,5163,12.93
Adam Stracener,1,0,0,0,5,5,contributor,6481,5163,12.93
Jerome Carless,1,0,0,0,5,5,contributor,6481,5163,12.93
vineet-rh,1,0,0,0,5,5,contributor,6481,5163,12.93
Shiqi Guo,1,0,0,0,5,5,contributor,6481,5163,12.93
Pedro Leal,1,0,0,0,5,5,contributor,6481,5163,12.93
Trevor Joynson (trevorj),1,0,0,0,5,5,contributor,6481,5163,12.93
Ruhulla Sheik,1,0,0,0,5,5,contributor,6481,5163,12.93
Son Hyoungwoo,1,0,0,0,5,5,contributor,6481,5163,12.93
Harshvardhan Chauhan,1,0,0,0,5,5,contributor,6481,5163,12.93
Anthony Shipman,1,0,0,0,5,5,contributor,6481,5163,12.93
Matt Hickman,1,0,0,0,5,5,contributor,6481,5163,12.93
Muller Hsu,1,0,0,0,5,5,contributor,6481,5163,12.93
Domantas Jurkus,1,0,0,0,5,5,contributor,6481,5163,12.93
Dmitriy Fishman,1,0,0,0,5,5,contributor,6481,5163,12.93
Sebastian Schaetz,1,0,0,0,5,5,contributor,6481,5163,12.93
Konstantinos Koukopoulos,1,0,0,0,5,5,contributor,6481,5163,12.93
Med,1,0,0,0,5,5,contributor,6481,5163,12.93
Davide Malagoli,1,0,0,0,5,5,contributor,6481,5163,12.93
Clinton Dow,1,0,0,0,5,5,contributor,6481,5163,12.93
Logan Attwood,1,0,0,0,5,5,contributor,6481,5163,12.93
jxlu90,1,0,0,0,5,5,contributor,6481,5163,12.93
Dylan Melotik,1,0,0,0,5,5,contributor,6481,5163,12.93
David Hatch,1,0,0,0,5,5,contributor,6481,5163,12.93
Sebastian Daberdaku,1,0,0,0,5,5,contributor,6481,5163,12.93
Oleksandr Vilchynskyy,1,0,0,0,5,5,contributor,6481,5163,12.93
Geovanny Risco,1,0,0,0,5,5,contributor,6481,5163,12.93
Glenn.H,1,0,0,0,5,5,contributor,6481,5163,12.93
Andriy Kushnir,1,0,0,0,5,5,contributor,6481,5163,12.93
Slawek Walkowski,1,0,0,0,5,5,contributor,6481,5163,12.93
Guillaume Renard,1,0,0,0,5,5,contributor,6481,5163,12.93
Matthew Thorley,1,0,0,0,5,5,contributor,6481,5163,12.93
Andrew Jarvis,1,0,0,0,5,5,contributor,6481,5163,12.93
Anakin Skywalker Pactores,1,0,0,0,5,5,contributor,6481,5163,12.93
Piotr Klinski,1,0,0,0,5,5,contributor,6481,5163,12.93
Kfir Gollan,1,0,0,0,5,5,contributor,6481,5163,12.93
caption,1,0,0,0,5,5,contributor,6481,5163,12.93
Karthik S,1,0,0,0,5,5,contributor,6481,5163,12.93
Ahsan Ellahi,1,0,0,0,5,5,contributor,6481,5163,12.93
남상준,1,0,0,0,5,5,contributor,6481,5163,12.93
Robin Meijer,1,0,0,0,5,5,contributor,6481,5163,12.93
Jean-Baptiste Braun,1,0,0,0,5,5,contributor,6481,5163,12.93
Hyeungshik Jung,1,0,0,0,5,5,contributor,6481,5163,12.93
Akif Cakir,1,0,0,0,5,5,contributor,6481,5163,12.93
Chris Towles,1,0,0,0,5,5,contributor,6481,5163,12.93
Steven Asten,1,0,0,0,5,5,contributor,6481,5163,12.93
Yash Dodeja,1,0,0,0,5,5,contributor,6481,5163,12.93
Kamil Chmielewski,1,0,0,0,5,5,contributor,6481,5163,12.93
George Sirois,1,0,0,0,5,5,contributor,6481,5163,12.93
Michal Brys,1,0,0,0,5,5,contributor,6481,5163,12.93
Chris Fregly,1,0,0,0,5,5,contributor,6481,5163,12.93
Markus,1,0,0,0,5,5,contributor,6481,5163,12.93
Jonathan Shir,1,0,0,0,5,5,contributor,6481,5163,12.93
Saksham Singhal,1,0,0,0,5,5,contributor,6481,5163,12.93
Deepak Aggarwal,1,0,0,0,5,5,contributor,6481,5163,12.93
Bruno Macedo,1,0,0,0,5,5,contributor,6481,5163,12.93
Richard Garcia,1,0,0,0,5,5,contributor,6481,5163,12.93
Mohit rao,1,0,0,0,5,5,contributor,6481,5163,12.93
Steven Shidi Zhou,1,0,0,0,5,5,contributor,6481,5163,12.93
Andrej Švec,1,0,0,0,5,5,contributor,6481,5163,12.93
Amethyst Reese,1,0,0,0,5,5,contributor,6481,5163,12.93
Pragya,1,0,0,0,5,5,contributor,6481,5163,12.93
Josh Goldman,1,0,0,0,5,5,contributor,6481,5163,12.93
Mats Holm,1,0,0,0,5,5,contributor,6481,5163,12.93
Oleksandr Tkachov,1,0,0,0,5,5,contributor,6481,5163,12.93
Deevankshu Garg,1,0,0,0,5,5,contributor,6481,5163,12.93
Tian Kun,1,0,0,0,5,5,contributor,6481,5163,12.93
Anthony Bush,1,0,0,0,5,5,contributor,6481,5163,12.93
Qiang-Liu,1,0,0,0,5,5,contributor,6481,5163,12.93
Anatoly,1,0,0,0,5,5,contributor,6481,5163,12.93
Georgios,1,0,0,0,5,5,contributor,6481,5163,12.93
Aaron Brager,1,0,0,0,5,5,contributor,6481,5163,12.93
Joe Crobak,1,0,0,0,5,5,contributor,6481,5163,12.93
Alexandre Cazé,1,0,0,0,5,5,contributor,6481,5163,12.93
Ruben Pardo,1,0,0,0,5,5,contributor,6481,5163,12.93
Moritz,1,0,0,0,5,5,contributor,6481,5163,12.93
Dolev Farhi,1,0,0,0,5,5,contributor,6481,5163,12.93
BrennerPablo,1,0,0,0,5,5,contributor,6481,5163,12.93
Vansi V,1,0,0,0,5,5,contributor,6481,5163,12.93
Animesh Agrawal,1,0,0,0,5,5,contributor,6481,5163,12.93
Tommy Dew,1,0,0,0,5,5,contributor,6481,5163,12.93
9uzman,1,0,0,0,5,5,contributor,6481,5163,12.93
Jesse Kinkead,1,0,0,0,5,5,contributor,6481,5163,12.93
Sergio Díaz Bautista,1,0,0,0,5,5,contributor,6481,5163,12.93
Lauri Koobas,1,0,0,0,5,5,contributor,6481,5163,12.93
Muhammad Taha Khan,1,0,0,0,5,5,contributor,6481,5163,12.93
Jack Wotherspoon,1,0,0,0,5,5,contributor,6481,5163,12.93
Gaurav Prachchhak,1,0,0,0,5,5,contributor,6481,5163,12.93
Terry McCartan,1,0,0,0,5,5,contributor,6481,5163,12.93
Qian.Sun,1,0,0,0,5,5,contributor,6481,5163,12.93
Dan Osterrath,1,0,0,0,5,5,contributor,6481,5163,12.93
Julien,1,0,0,0,5,5,contributor,6481,5163,12.93
Gevorg Davoian,1,0,0,0,5,5,contributor,6481,5163,12.93
Klarence Nicolas Catalan,1,0,0,0,5,5,contributor,6481,5163,12.93
Harikrishna D,1,0,0,0,5,5,contributor,6481,5163,12.93
Bharat Kashyap,1,0,0,0,5,5,contributor,6481,5163,12.93
Muhammad Faheem Khan,1,0,0,0,5,5,contributor,6481,5163,12.93
David Gingrich,1,0,0,0,5,5,contributor,6481,5163,12.93
Junmin Ahn,1,0,0,0,5,5,contributor,6481,5163,12.93
Ryan Eakman,1,0,0,0,5,5,contributor,6481,5163,12.93
kyle hausmann,1,0,0,0,5,5,contributor,6481,5163,12.93
Philipp Hoffmann,1,0,0,0,5,5,contributor,6481,5163,12.93
senardi-m,1,0,0,0,5,5,contributor,6481,5163,12.93
Temiloluwa Awoyele,1,0,0,0,5,5,contributor,6481,5163,12.93
Duc Le Tu,1,0,0,0,5,5,contributor,6481,5163,12.93
Paweł Graczyk,1,0,0,0,5,5,contributor,6481,5163,12.93
Grégoire Rolland,1,0,0,0,5,5,contributor,6481,5163,12.93
Masayuki Takahashi,1,0,0,0,5,5,contributor,6481,5163,12.93
Steven Yu,1,0,0,0,5,5,contributor,6481,5163,12.93
Benjamin Cohen,1,0,0,0,5,5,contributor,6481,5163,12.93
Harish,1,0,0,0,5,5,contributor,6481,5163,12.93
Ayush Jain,1,0,0,0,5,5,contributor,6481,5163,12.93
Tim Zhou,1,0,0,0,5,5,contributor,6481,5163,12.93
korolkevichm,1,0,0,0,5,5,contributor,6481,5163,12.93
Can Güney Aksakalli,1,0,0,0,5,5,contributor,6481,5163,12.93
Arun Raj,1,0,0,0,5,5,contributor,6481,5163,12.93
姚海涛,1,0,0,0,5,5,contributor,6481,5163,12.93
Yusin,1,0,0,0,5,5,contributor,6481,5163,12.93
Du Jiangfan,1,0,0,0,5,5,contributor,6481,5163,12.93
Zack Nichols,1,0,0,0,5,5,contributor,6481,5163,12.93
bo zeng,1,0,0,0,5,5,contributor,6481,5163,12.93
Panda Wu,1,0,0,0,5,5,contributor,6481,5163,12.93
Kristian Yrjölä,1,0,0,0,5,5,contributor,6481,5163,12.93
Marcos Bressan,1,0,0,0,5,5,contributor,6481,5163,12.93
Danton Bertuol,1,0,0,0,5,5,contributor,6481,5163,12.93
Obulpathi,1,0,0,0,5,5,contributor,6481,5163,12.93
Vijay Jangir,1,0,0,0,5,5,contributor,6481,5163,12.93
Lucia Kasman,1,0,0,0,5,5,contributor,6481,5163,12.93
Steve Conover,1,0,0,0,5,5,contributor,6481,5163,12.93
Kevin Trebing,1,0,0,0,5,5,contributor,6481,5163,12.93
Flávio de Assis,1,0,0,0,5,5,contributor,6481,5163,12.93
Kamesh Kotwani,1,0,0,0,5,5,contributor,6481,5163,12.93
Andreas,1,0,0,0,5,5,contributor,6481,5163,12.93
Dan Frank,1,0,0,0,5,5,contributor,6481,5163,12.93
Andy,1,0,0,0,5,5,contributor,6481,5163,12.93
Benoit Perigaud,1,0,0,0,5,5,contributor,6481,5163,12.93
Saurabh,1,0,0,0,5,5,contributor,6481,5163,12.93
Sanjana Gupta,1,0,0,0,5,5,contributor,6481,5163,12.93
Davy,1,0,0,0,5,5,contributor,6481,5163,12.93
Alex Lue,1,0,0,0,5,5,contributor,6481,5163,12.93
Ben Gatewood,1,0,0,0,5,5,contributor,6481,5163,12.93
Varun Vora,1,0,0,0,5,5,contributor,6481,5163,12.93
Andrey Oskin,1,0,0,0,5,5,contributor,6481,5163,12.93
Daniel Mateus Pires,1,0,0,0,5,5,contributor,6481,5163,12.93
Angel Montana,1,0,0,0,5,5,contributor,6481,5163,12.93
Arthur Kim,1,0,0,0,5,5,contributor,6481,5163,12.93
Yogesh Garg,1,0,0,0,5,5,contributor,6481,5163,12.93
Harika,1,0,0,0,5,5,contributor,6481,5163,12.93
J.C. Zhang,1,0,0,0,5,5,contributor,6481,5163,12.93
Aaron Son,1,0,0,0,5,5,contributor,6481,5163,12.93
K.K. POON,1,0,0,0,5,5,contributor,6481,5163,12.93
Krzysztof Furman,1,0,0,0,5,5,contributor,6481,5163,12.93
Loula,1,0,0,0,5,5,contributor,6481,5163,12.93
Takumi Sakamoto,1,0,0,0,5,5,contributor,6481,5163,12.93
Andrew Snare,1,0,0,0,5,5,contributor,6481,5163,12.93
ben.marengo,1,0,0,0,5,5,contributor,6481,5163,12.93
Roy Noyman,1,0,0,0,5,5,contributor,6481,5163,12.93
Sharif Younes,1,0,0,0,5,5,contributor,6481,5163,12.93
Wendy Kan,1,0,0,0,5,5,contributor,6481,5163,12.93
Meysam,1,0,0,0,5,5,contributor,6481,5163,12.93
Alexandre Yang,1,0,0,0,5,5,contributor,6481,5163,12.93
Dan Dascalescu,1,0,0,0,5,5,contributor,6481,5163,12.93
Matt C. Wilson,1,0,0,0,5,5,contributor,6481,5163,12.93
Abhijeet Dhumal,1,0,0,0,5,5,contributor,6481,5163,12.93
Nikita Kalganov,1,0,0,0,5,5,contributor,6481,5163,12.93
Nithin U,1,0,0,0,5,5,contributor,6481,5163,12.93
Max Taggart,1,0,0,0,5,5,contributor,6481,5163,12.93
Deepankar Tyagi,1,0,0,0,5,5,contributor,6481,5163,12.93
Robert J. McGinness,1,0,0,0,5,5,contributor,6481,5163,12.93
Paul Slater,1,0,0,0,5,5,contributor,6481,5163,12.93
Justin Kiggins,1,0,0,0,5,5,contributor,6481,5163,12.93
Stan Kudrow,1,0,0,0,5,5,contributor,6481,5163,12.93
Manabu McCloskey,1,0,0,0,5,5,contributor,6481,5163,12.93
Diogo Franco,1,0,0,0,5,5,contributor,6481,5163,12.93
Kshitij Shah,1,0,0,0,5,5,contributor,6481,5163,12.93
Seongho Kim,1,0,0,0,5,5,contributor,6481,5163,12.93
Josef Gustafson,1,0,0,0,5,5,contributor,6481,5163,12.93
JunHo Kim (김준호),1,0,0,0,5,5,contributor,6481,5163,12.93
Szymon Bilinski,1,0,0,0,5,5,contributor,6481,5163,12.93
Varun Bhardwaj,1,0,0,0,5,5,contributor,6481,5163,12.93
Roman,1,0,0,0,5,5,contributor,6481,5163,12.93
Mark Steve Samson,1,0,0,0,5,5,contributor,6481,5163,12.93
Brian Yue,1,0,0,0,5,5,contributor,6481,5163,12.93
Evin Sellin,1,0,0,0,5,5,contributor,6481,5163,12.93
Martial Hue,1,0,0,0,5,5,contributor,6481,5163,12.93
Zachary Manesiotis,1,0,0,0,5,5,contributor,6481,5163,12.93
Tyler Eason,1,0,0,0,5,5,contributor,6481,5163,12.93
venkatesh selvaraj,1,0,0,0,5,5,contributor,6481,5163,12.93
Songyan Ho,1,0,0,0,5,5,contributor,6481,5163,12.93
Ye Cao,1,0,0,0,5,5,contributor,6481,5163,12.93
Tatyana Arenburg,1,0,0,0,5,5,contributor,6481,5163,12.93
Shiintaro Murakami,1,0,0,0,5,5,contributor,6481,5163,12.93
Marian Cepok,1,0,0,0,5,5,contributor,6481,5163,12.93
Anna Melnikov,1,0,0,0,5,5,contributor,6481,5163,12.93
Bruno Bigras,1,0,0,0,5,5,contributor,6481,5163,12.93
Jose Sanchez,1,0,0,0,5,5,contributor,6481,5163,12.93
Chinh Nguyen,1,0,0,0,5,5,contributor,6481,5163,12.93
David Marques,1,0,0,0,5,5,contributor,6481,5163,12.93
Alexander Volkmann,1,0,0,0,5,5,contributor,6481,5163,12.93
Brad Dettmer,1,0,0,0,5,5,contributor,6481,5163,12.93
Tahir Fayyaz,1,0,0,0,5,5,contributor,6481,5163,12.93
Ho NgokChao,1,0,0,0,5,5,contributor,6481,5163,12.93
Anirudh Krishnan,1,0,0,0,5,5,contributor,6481,5163,12.93
Ferdinand de Baecque,1,0,0,0,5,5,contributor,6481,5163,12.93
Francesco Caronte,1,0,0,0,5,5,contributor,6481,5163,12.93
Quentin Bray,1,0,0,0,5,5,contributor,6481,5163,12.93
Joshua Cano,1,0,0,0,5,5,contributor,6481,5163,12.93
Oliver Meyer,1,0,0,0,5,5,contributor,6481,5163,12.93
cabbagepatchman,1,0,0,0,5,5,contributor,6481,5163,12.93
Bluesn0w,1,0,0,0,5,5,contributor,6481,5163,12.93
Jorge,1,0,0,0,5,5,contributor,6481,5163,12.93
Mathia Haure-Touzé,1,0,0,0,5,5,contributor,6481,5163,12.93
Michael Gerbig,1,0,0,0,5,5,contributor,6481,5163,12.93
Ghawady Ehmaid,1,0,0,0,5,5,contributor,6481,5163,12.93
Mike McDonald,1,0,0,0,5,5,contributor,6481,5163,12.93
Maxim Belousov,1,0,0,0,5,5,contributor,6481,5163,12.93
luke.maycock,1,0,0,0,5,5,contributor,6481,5163,12.93
Nikita,1,0,0,0,5,5,contributor,6481,5163,12.93
Hasan Gürcan,1,0,0,0,5,5,contributor,6481,5163,12.93
Marcelo Santino,1,0,0,0,5,5,contributor,6481,5163,12.93
yan9yu,1,0,0,0,5,5,contributor,6481,5163,12.93
daniel.jin,1,0,0,0,5,5,contributor,6481,5163,12.93
Andy Wilcox,1,0,0,0,5,5,contributor,6481,5163,12.93
EdenK,1,0,0,0,5,5,contributor,6481,5163,12.93
Thejas Babu,1,0,0,0,5,5,contributor,6481,5163,12.93
Daniel Robert,1,0,0,0,5,5,contributor,6481,5163,12.93
Emmanuel Robert Ssebaggala,1,0,0,0,5,5,contributor,6481,5163,12.93
Nicolas Goll-Perrier,1,0,0,0,5,5,contributor,6481,5163,12.93
manu sharma,1,0,0,0,5,5,contributor,6481,5163,12.93
Arthur Braveheart,1,0,0,0,5,5,contributor,6481,5163,12.93
Superzapple,1,0,0,0,5,5,contributor,6481,5163,12.93
Tisham Dhar,1,0,0,0,5,5,contributor,6481,5163,12.93
Alejandro Rivera,1,0,0,0,5,5,contributor,6481,5163,12.93
Shreyas,1,0,0,0,5,5,contributor,6481,5163,12.93
MoreFreeze,1,0,0,0,5,5,contributor,6481,5163,12.93
Lyuwen Yan,1,0,0,0,5,5,contributor,6481,5163,12.93
Sumit Kushwah,1,0,0,0,5,5,contributor,6481,5163,12.93
SMR,1,0,0,0,5,5,contributor,6481,5163,12.93
Tiago Deane,1,0,0,0,5,5,contributor,6481,5163,12.93
Narek Grigoryan,1,0,0,0,5,5,contributor,6481,5163,12.93
Alain,1,0,0,0,5,5,contributor,6481,5163,12.93
Aaron Abraham,1,0,0,0,5,5,contributor,6481,5163,12.93
Frank Hsu,1,0,0,0,5,5,contributor,6481,5163,12.93
Chandra Setiawan,1,0,0,0,5,5,contributor,6481,5163,12.93
Anup Kumar,1,0,0,0,5,5,contributor,6481,5163,12.93
Vikramaditya Gaonkar,1,0,0,0,5,5,contributor,6481,5163,12.93
Martijn van de Grift,1,0,0,0,5,5,contributor,6481,5163,12.93
Erik Farmer,1,0,0,0,5,5,contributor,6481,5163,12.93
Apekshith Ramesha,1,0,0,0,5,5,contributor,6481,5163,12.93
ppotu,1,0,0,0,5,5,contributor,6481,5163,12.93
Thomas Van den Berge,1,0,0,0,5,5,contributor,6481,5163,12.93
Adil Khashtamov,1,0,0,0,5,5,contributor,6481,5163,12.93
Christian Westerlund,1,0,0,0,5,5,contributor,6481,5163,12.93
Jongyoung Park,1,0,0,0,5,5,contributor,6481,5163,12.93
YB Yu,1,0,0,0,5,5,contributor,6481,5163,12.93
Brian Bagdasarian,1,0,0,0,5,5,contributor,6481,5163,12.93
Azhar Izzannada E,1,0,0,0,5,5,contributor,6481,5163,12.93
Austin C Roos,1,0,0,0,5,5,contributor,6481,5163,12.93
Matthew Aguerreberry,1,0,0,0,5,5,contributor,6481,5163,12.93
Joe Schmid,1,0,0,0,5,5,contributor,6481,5163,12.93
Eyal Trabelsi,1,0,0,0,5,5,contributor,6481,5163,12.93
Ben Rudolph,1,0,0,0,5,5,contributor,6481,5163,12.93
Park Jiwon,1,0,0,0,5,5,contributor,6481,5163,12.93
Varun,1,0,0,0,5,5,contributor,6481,5163,12.93
Gwildor Sok,1,0,0,0,5,5,contributor,6481,5163,12.93
Vincent Ketelaars,1,0,0,0,5,5,contributor,6481,5163,12.93
Matthew Wallace,1,0,0,0,5,5,contributor,6481,5163,12.93
Ilya Kalinin,1,0,0,0,5,5,contributor,6481,5163,12.93
Antoine Tavant,1,0,0,0,5,5,contributor,6481,5163,12.93
Yuanfei Zhu,1,0,0,0,5,5,contributor,6481,5163,12.93
Emery Finkelstein,1,0,0,0,5,5,contributor,6481,5163,12.93
Maxim Lisovsky,1,0,0,0,5,5,contributor,6481,5163,12.93
Tim van de Keer,1,0,0,0,5,5,contributor,6481,5163,12.93
Junwei Wang,1,0,0,0,5,5,contributor,6481,5163,12.93
Lou ✨,1,0,0,0,5,5,contributor,6481,5163,12.93
Marco Rossi,1,0,0,0,5,5,contributor,6481,5163,12.93
Selim CHERGUI,1,0,0,0,5,5,contributor,6481,5163,12.93
Eugene Nikolaiev,1,0,0,0,5,5,contributor,6481,5163,12.93
Jayati Shrivastava,1,0,0,0,5,5,contributor,6481,5163,12.93
Vinoo Ganesh,1,0,0,0,5,5,contributor,6481,5163,12.93
Tomas Frajt,1,0,0,0,5,5,contributor,6481,5163,12.93
Sahil Thapar,1,0,0,0,5,5,contributor,6481,5163,12.93
Josué Velázquez Gen,1,0,0,0,5,5,contributor,6481,5163,12.93
Christian Davis,1,0,0,0,5,5,contributor,6481,5163,12.93
Pierce Roberts,1,0,0,0,5,5,contributor,6481,5163,12.93
Wesley Batista,1,0,0,0,5,5,contributor,6481,5163,12.93
Mark Reddy,1,0,0,0,5,5,contributor,6481,5163,12.93
AnindaBhattacharjee,1,0,0,0,5,5,contributor,6481,5163,12.93
eldar-eln-bigabid,1,0,0,0,5,5,contributor,6481,5163,12.93
Joan Karadimov,1,0,0,0,5,5,contributor,6481,5163,12.93
Andre F de Miranda,1,0,0,0,5,5,contributor,6481,5163,12.93
Mike Mole,1,0,0,0,5,5,contributor,6481,5163,12.93
Joel Pérez Izquierdo,1,0,0,0,5,5,contributor,6481,5163,12.93
Eilon Goldberg,1,0,0,0,5,5,contributor,6481,5163,12.93
Xylar Asay-Davis,1,0,0,0,5,5,contributor,6481,5163,12.93
Maciej Dembiczak,1,0,0,0,5,5,contributor,6481,5163,12.93
Nando Quintana,1,0,0,0,5,5,contributor,6481,5163,12.93
Peter Bábics,1,0,0,0,5,5,contributor,6481,5163,12.93
Martin Winkel,1,0,0,0,5,5,contributor,6481,5163,12.93
Thomas Hofer,1,0,0,0,5,5,contributor,6481,5163,12.93
Qi Wang,1,0,0,0,5,5,contributor,6481,5163,12.93
Philippus Baalman,1,0,0,0,5,5,contributor,6481,5163,12.93
Canh Duong,1,0,0,0,5,5,contributor,6481,5163,12.93
Denis Samuylov,1,0,0,0,5,5,contributor,6481,5163,12.93
Emin Özata,1,0,0,0,5,5,contributor,6481,5163,12.93
Benjamin Laumann,1,0,0,0,5,5,contributor,6481,5163,12.93
Richard Lee,1,0,0,0,5,5,contributor,6481,5163,12.93
Keyur Usdadiya,1,0,0,0,5,5,contributor,6481,5163,12.93
David Robinson,1,0,0,0,5,5,contributor,6481,5163,12.93
Maria Janczak,1,0,0,0,5,5,contributor,6481,5163,12.93
Bartlomiej Hirsz,1,0,0,0,5,5,contributor,6481,5163,12.93
Jacob Schwartz,1,0,0,0,5,5,contributor,6481,5163,12.93
Denny Chang,1,0,0,0,5,5,contributor,6481,5163,12.93
Lawrence Chou,1,0,0,0,5,5,contributor,6481,5163,12.93
Drazen Urch,1,0,0,0,5,5,contributor,6481,5163,12.93
Martin d'Allens,1,0,0,0,5,5,contributor,6481,5163,12.93
Gabe Schenz,1,0,0,0,5,5,contributor,6481,5163,12.93
Jonny Daenen,1,0,0,0,5,5,contributor,6481,5163,12.93
Prabhjyot,1,0,0,0,5,5,contributor,6481,5163,12.93
Benji Visser,1,0,0,0,5,5,contributor,6481,5163,12.93
Stanilovsky Evgeny,1,0,0,0,5,5,contributor,6481,5163,12.93
Dongyun Zhang,1,0,0,0,5,5,contributor,6481,5163,12.93
Aaron D. Gonzalez,1,0,0,0,5,5,contributor,6481,5163,12.93
Junki Ishikawa,1,0,0,0,5,5,contributor,6481,5163,12.93
Tim Healy,1,0,0,0,5,5,contributor,6481,5163,12.93
Biswamitra Biswas,1,0,0,0,5,5,contributor,6481,5163,12.93
premsurawut,1,0,0,0,5,5,contributor,6481,5163,12.93
SecY,1,0,0,0,5,5,contributor,6481,5163,12.93
Gilles Marin,1,0,0,0,5,5,contributor,6481,5163,12.93
Manish,1,0,0,0,5,5,contributor,6481,5163,12.93
Steve Taggart,1,0,0,0,5,5,contributor,6481,5163,12.93
Henry Zhang,1,0,0,0,5,5,contributor,6481,5163,12.93
Yuan Li,1,0,0,0,5,5,contributor,6481,5163,12.93
BigQuant,1,0,0,0,5,5,contributor,6481,5163,12.93
Mikhail Kulikov,1,0,0,0,5,5,contributor,6481,5163,12.93
Kamil Mroczek,1,0,0,0,5,5,contributor,6481,5163,12.93
Maria R,1,0,0,0,5,5,contributor,6481,5163,12.93
Waldo,1,0,0,0,5,5,contributor,6481,5163,12.93
Asher,1,0,0,0,5,5,contributor,6481,5163,12.93
Michal Baumgartner,1,0,0,0,5,5,contributor,6481,5163,12.93
ninad-opsverse,1,0,0,0,5,5,contributor,6481,5163,12.93
Ashwin Agate,1,0,0,0,5,5,contributor,6481,5163,12.93
Vishakha Agrawal,1,0,0,0,5,5,contributor,6481,5163,12.93
Kevin Stine,1,0,0,0,5,5,contributor,6481,5163,12.93
Ramiro Charriol,1,0,0,0,5,5,contributor,6481,5163,12.93
Gabe,1,0,0,0,5,5,contributor,6481,5163,12.93
Jason Kromm,1,0,0,0,5,5,contributor,6481,5163,12.93
Masoud Arbabi,1,0,0,0,5,5,contributor,6481,5163,12.93
Jonathan Owen,1,0,0,0,5,5,contributor,6481,5163,12.93
Kirill Kourtchikov,1,0,0,0,5,5,contributor,6481,5163,12.93
feri,1,0,0,0,5,5,contributor,6481,5163,12.93
Matej Kloska,1,0,0,0,5,5,contributor,6481,5163,12.93
Anurag Singh Rajawat,1,0,0,0,5,5,contributor,6481,5163,12.93
Matt Cheale,1,0,0,0,5,5,contributor,6481,5163,12.93
KHTee,1,0,0,0,5,5,contributor,6481,5163,12.93
Wojciech Szlachta,1,0,0,0,5,5,contributor,6481,5163,12.93
Tyler Calder,1,0,0,0,5,5,contributor,6481,5163,12.93
Joseph Ang,1,0,0,0,5,5,contributor,6481,5163,12.93
arash-rai,1,0,0,0,5,5,contributor,6481,5163,12.93
Sam Sen,1,0,0,0,5,5,contributor,6481,5163,12.93
Andrew Arochukwu,1,0,0,0,5,5,contributor,6481,5163,12.93
Arthur Vigil,1,0,0,0,5,5,contributor,6481,5163,12.93
César Reyes,1,0,0,0,5,5,contributor,6481,5163,12.93
Salome Papiashvili,1,0,0,0,5,5,contributor,6481,5163,12.93
Adam Paslawski,1,0,0,0,5,5,contributor,6481,5163,12.93
코딩하는펭귄,1,0,0,0,5,5,contributor,6481,5163,12.93
Hollow Man,1,0,0,0,5,5,contributor,6481,5163,12.93
Marcos Bernardelli,1,0,0,0,5,5,contributor,6481,5163,12.93
Victor Cid,1,0,0,0,5,5,contributor,6481,5163,12.93
Toshiya Kawasaki,1,0,0,0,5,5,contributor,6481,5163,12.93
Nakkul Sreenivas,1,0,0,0,5,5,contributor,6481,5163,12.93
Fabien,1,0,0,0,5,5,contributor,6481,5163,12.93
Colin,1,0,0,0,5,5,contributor,6481,5163,12.93
Kalyanaraman Santhanam,1,0,0,0,5,5,contributor,6481,5163,12.93
Prabodh Agarwal,1,0,0,0,5,5,contributor,6481,5163,12.93
Lucas Mendes Mota da Fonseca,1,0,0,0,5,5,contributor,6481,5163,12.93
Brandon,1,0,0,0,5,5,contributor,6481,5163,12.93
Sebastian Chamena,1,0,0,0,5,5,contributor,6481,5163,12.93
Rob Brown,1,0,0,0,5,5,contributor,6481,5163,12.93
Diederik Greveling,1,0,0,0,5,5,contributor,6481,5163,12.93
Amarnath,1,0,0,0,5,5,contributor,6481,5163,12.93
Kaashif Khawaja,1,0,0,0,5,5,contributor,6481,5163,12.93
minseok,1,0,0,0,5,5,contributor,6481,5163,12.93
Liam Stewart,1,0,0,0,5,5,contributor,6481,5163,12.93
Damjan Postolovski,1,0,0,0,5,5,contributor,6481,5163,12.93
Rafael Guimaraes Siqueira,1,0,0,0,5,5,contributor,6481,5163,12.93
Ogunyale Richard Kehinde,1,0,0,0,5,5,contributor,6481,5163,12.93
Andrew Wichmann,1,0,0,0,5,5,contributor,6481,5163,12.93
Anuj Arora,1,0,0,0,5,5,contributor,6481,5163,12.93
Taeho Kim,1,0,0,0,5,5,contributor,6481,5163,12.93
Christian Schilling,1,0,0,0,5,5,contributor,6481,5163,12.93
Alex Waygood,1,0,0,0,5,5,contributor,6481,5163,12.93
Luca Cavazzana,1,0,0,0,5,5,contributor,6481,5163,12.93
Ruslan Dautkhanov,1,0,0,0,5,5,contributor,6481,5163,12.93
Alexandre Brilhante,1,0,0,0,5,5,contributor,6481,5163,12.93
Robin Knox,1,0,0,0,5,5,contributor,6481,5163,12.93
Sarmad Ali,1,0,0,0,5,5,contributor,6481,5163,12.93
J C Lawrence,1,0,0,0,5,5,contributor,6481,5163,12.93
Quentin Leroy,1,0,0,0,5,5,contributor,6481,5163,12.93
Ben Chen,1,0,0,0,5,5,contributor,6481,5163,12.93
Ian Wong,1,0,0,0,5,5,contributor,6481,5163,12.93
Lu Zhu,1,0,0,0,5,5,contributor,6481,5163,12.93
Miriam Lauter,1,0,0,0,5,5,contributor,6481,5163,12.93
Russell Pierce,1,0,0,0,5,5,contributor,6481,5163,12.93
Felipe Benevides,1,0,0,0,5,5,contributor,6481,5163,12.93
Duy-Minh TRAN,1,0,0,0,5,5,contributor,6481,5163,12.93
ByungjunYou,1,0,0,0,5,5,contributor,6481,5163,12.93
Emanuele Cesena,1,0,0,0,5,5,contributor,6481,5163,12.93
Razzi Abuissa,1,0,0,0,5,5,contributor,6481,5163,12.93
Léni Marvaud,1,0,0,0,5,5,contributor,6481,5163,12.93
Joshua Iverson,1,0,0,0,5,5,contributor,6481,5163,12.93
hamsh,1,0,0,0,5,5,contributor,6481,5163,12.93
Sebastian Lara Menares,1,0,0,0,5,5,contributor,6481,5163,12.93
monster,1,0,0,0,5,5,contributor,6481,5163,12.93
Joseph Bane,1,0,0,0,5,5,contributor,6481,5163,12.93
Usman Arshad,1,0,0,0,5,5,contributor,6481,5163,12.93
Sourabh Bajaj,1,0,0,0,5,5,contributor,6481,5163,12.93
Wai Yan,1,0,0,0,5,5,contributor,6481,5163,12.93
Steven Loria,1,0,0,0,5,5,contributor,6481,5163,12.93
Matt Revell,1,0,0,0,5,5,contributor,6481,5163,12.93
Doug Guthrie,1,0,0,0,5,5,contributor,6481,5163,12.93
Michał Wesołowski,1,0,0,0,5,5,contributor,6481,5163,12.93
Tanmay,1,0,0,0,5,5,contributor,6481,5163,12.93
Dongwon Kim,1,0,0,0,5,5,contributor,6481,5163,12.93
Ashun,1,0,0,0,5,5,contributor,6481,5163,12.93
Pierre CORBEL,1,0,0,0,5,5,contributor,6481,5163,12.93
Andrew Otto,1,0,0,0,5,5,contributor,6481,5163,12.93
Vinnie Guimaraes,1,0,0,0,5,5,contributor,6481,5163,12.93
Saurabh Wahile,1,0,0,0,5,5,contributor,6481,5163,12.93
Eric Mendes,1,0,0,0,5,5,contributor,6481,5163,12.93
Gonzalo Ulla,1,0,0,0,5,5,contributor,6481,5163,12.93
huangh,1,0,0,0,5,5,contributor,6481,5163,12.93
Douglas Trajano,1,0,0,0,5,5,contributor,6481,5163,12.93
Marc Abramowitz,1,0,0,0,5,5,contributor,6481,5163,12.93
Deepu Yadav,1,0,0,0,5,5,contributor,6481,5163,12.93
Ashton Hudson,1,0,0,0,5,5,contributor,6481,5163,12.93
Bu Sun Kim,1,0,0,0,5,5,contributor,6481,5163,12.93
Jacob Territo,1,0,0,0,5,5,contributor,6481,5163,12.93
Dmitrii Gerasimenko,1,0,0,0,5,5,contributor,6481,5163,12.93
Jonathon Belotti,1,0,0,0,5,5,contributor,6481,5163,12.93
Evan Savage,1,0,0,0,5,5,contributor,6481,5163,12.93
Shally Katariya,1,0,0,0,5,5,contributor,6481,5163,12.93
Jongyoul Lee,1,0,0,0,5,5,contributor,6481,5163,12.93
Ravi Kotecha,1,0,0,0,5,5,contributor,6481,5163,12.93
Rushi Gajaria,1,0,0,0,5,5,contributor,6481,5163,12.93
Joerg Rittinger,1,0,0,0,5,5,contributor,6481,5163,12.93
Ubuntu,1,0,0,0,5,5,contributor,6481,5163,12.93
Mohamed Hayballa,1,0,0,0,5,5,contributor,6481,5163,12.93
Amir Amangeldi,1,0,0,0,5,5,contributor,6481,5163,12.93
JISHAN GARGACHARYA,1,0,0,0,5,5,contributor,6481,5163,12.93
Mayank Sardana,1,0,0,0,5,5,contributor,6481,5163,12.93
Vinayak Mehta,1,0,0,0,5,5,contributor,6481,5163,12.93
Pedro Ribeiro,1,0,0,0,5,5,contributor,6481,5163,12.93
Baitur Ulukbekov,1,0,0,0,5,5,contributor,6481,5163,12.93
François de Metz,1,0,0,0,5,5,contributor,6481,5163,12.93
Benjamin Chang,1,0,0,0,5,5,contributor,6481,5163,12.93
Petro Pliuta,1,0,0,0,5,5,contributor,6481,5163,12.93
Mike Ghen,1,0,0,0,5,5,contributor,6481,5163,12.93
Pankaj,1,0,0,0,5,5,contributor,6481,5163,12.93
Wiktor,1,0,0,0,5,5,contributor,6481,5163,12.93
Germán Oviedo,1,0,0,0,5,5,contributor,6481,5163,12.93
Sachin Arora,1,0,0,0,5,5,contributor,6481,5163,12.93
Richard Thai,1,0,0,0,5,5,contributor,6481,5163,12.93
Mehdi GATI,1,0,0,0,5,5,contributor,6481,5163,12.93
Lui Pillmann,1,0,0,0,5,5,contributor,6481,5163,12.93
Pannawat,1,0,0,0,5,5,contributor,6481,5163,12.93
Michael T,1,0,0,0,5,5,contributor,6481,5163,12.93
Andrei,1,0,0,0,5,5,contributor,6481,5163,12.93
Matt Burke,1,0,0,0,5,5,contributor,6481,5163,12.93
Mikhail Stepanov,1,0,0,0,5,5,contributor,6481,5163,12.93
Arunav Gupta,1,0,0,0,5,5,contributor,6481,5163,12.93
Dave Feinblum,1,0,0,0,5,5,contributor,6481,5163,12.93
Raja Gangopadhya,1,0,0,0,5,5,contributor,6481,5163,12.93
Shoaib UR Rehman,1,0,0,0,5,5,contributor,6481,5163,12.93
The Gitter Badger,1,0,0,0,5,5,contributor,6481,5163,12.93
Giacomo Tagliabue,1,0,0,0,5,5,contributor,6481,5163,12.93
Hadar Sharon,1,0,0,0,5,5,contributor,6481,5163,12.93
Gene Hynson,1,0,0,0,5,5,contributor,6481,5163,12.93
Stéphane Couvreur,1,0,0,0,5,5,contributor,6481,5163,12.93
Marshall Mamiya,1,0,0,0,5,5,contributor,6481,5163,12.93
Tomas Jansson,1,0,0,0,5,5,contributor,6481,5163,12.93
Fran Sánchez,1,0,0,0,5,5,contributor,6481,5163,12.93
Páll Hilmarsson,1,0,0,0,5,5,contributor,6481,5163,12.93
王清山,1,0,0,0,5,5,contributor,6481,5163,12.93
Ludovic Claude,1,0,0,0,5,5,contributor,6481,5163,12.93
Julia Hsieh,1,0,0,0,5,5,contributor,6481,5163,12.93
Artem Suslov,1,0,0,0,5,5,contributor,6481,5163,12.93
Nicko Corriveau,1,0,0,0,5,5,contributor,6481,5163,12.93
Jon Quinn,1,0,0,0,5,5,contributor,6481,5163,12.93
Ceeno,1,0,0,0,5,5,contributor,6481,5163,12.93
Siddharthan P S,1,0,0,0,5,5,contributor,6481,5163,12.93
Charlie,1,0,0,0,5,5,contributor,6481,5163,12.93
Alberto Costa,1,0,0,0,5,5,contributor,6481,5163,12.93
Yuta Sakuma,1,0,0,0,5,5,contributor,6481,5163,12.93
Thomas Smith,1,0,0,0,5,5,contributor,6481,5163,12.93
Bumsoo Kim,1,0,0,0,5,5,contributor,6481,5163,12.93
Jayden Chiu,1,0,0,0,5,5,contributor,6481,5163,12.93
Santhosh Kumar,1,0,0,0,5,5,contributor,6481,5163,12.93
Kazuhiro Sera,1,0,0,0,5,5,contributor,6481,5163,12.93
muhua,1,0,0,0,5,5,contributor,6481,5163,12.93
Ryan Vandersmith,1,0,0,0,5,5,contributor,6481,5163,12.93
Srinivasa Surabathini,1,0,0,0,5,5,contributor,6481,5163,12.93
Devon Berry,1,0,0,0,5,5,contributor,6481,5163,12.93
Sasan,1,0,0,0,5,5,contributor,6481,5163,12.93
LI LIU,1,0,0,0,5,5,contributor,6481,5163,12.93
Facu,1,0,0,0,5,5,contributor,6481,5163,12.93
Kim Persson,1,0,0,0,5,5,contributor,6481,5163,12.93
Hajun Yoo,1,0,0,0,5,5,contributor,6481,5163,12.93
Paul Bramsen,1,0,0,0,5,5,contributor,6481,5163,12.93
7,1,0,0,0,5,5,contributor,6481,5163,12.93
Andriy Fedorov,1,0,0,0,5,5,contributor,6481,5163,12.93
Chaithra Yenikapati,1,0,0,0,5,5,contributor,6481,5163,12.93
Yoonji Heo,1,0,0,0,5,5,contributor,6481,5163,12.93
Sharad M,1,0,0,0,5,5,contributor,6481,5163,12.93
Francisco Albert Albusac,1,0,0,0,5,5,contributor,6481,5163,12.93
Xavier Rampino,1,0,0,0,5,5,contributor,6481,5163,12.93
Peter Bryant,1,0,0,0,5,5,contributor,6481,5163,12.93
Darren Kenney,1,0,0,0,5,5,contributor,6481,5163,12.93
Grant Murray,1,0,0,0,5,5,contributor,6481,5163,12.93
Andrew Tirto K,1,0,0,0,5,5,contributor,6481,5163,12.93
Xu Han,1,0,0,0,5,5,contributor,6481,5163,12.93
Dan Hansen,1,0,0,0,5,5,contributor,6481,5163,12.93
Jonas Grabber,1,0,0,0,5,5,contributor,6481,5163,12.93
Imam Digmi,1,0,0,0,5,5,contributor,6481,5163,12.93
Yuyin Yang,1,0,0,0,5,5,contributor,6481,5163,12.93
Alexander Mueller,1,0,0,0,5,5,contributor,6481,5163,12.93
Lucas Laredo,1,0,0,0,5,5,contributor,6481,5163,12.93
Anthony,1,0,0,0,5,5,contributor,6481,5163,12.93
Minkyu Kim,1,0,0,0,5,5,contributor,6481,5163,12.93
Aishwarya Mohan,1,0,0,0,5,5,contributor,6481,5163,12.93
Angel Gao,1,0,0,0,5,5,contributor,6481,5163,12.93
Po-Yu Hsieh,1,0,0,0,5,5,contributor,6481,5163,12.93
Jordi Escrich,1,0,0,0,5,5,contributor,6481,5163,12.93
Hyunsoo Kang,1,0,0,0,5,5,contributor,6481,5163,12.93
Fuzzbizz,1,0,0,0,5,5,contributor,6481,5163,12.93
Saurav S Purushothaman,1,0,0,0,5,5,contributor,6481,5163,12.93
Mohamed Abdelhalim,1,0,0,0,5,5,contributor,6481,5163,12.93
Alessandro Puccetti,1,0,0,0,5,5,contributor,6481,5163,12.93
Avetisyan Sevak,1,0,0,0,5,5,contributor,6481,5163,12.93
Greg Finley,1,0,0,0,5,5,contributor,6481,5163,12.93
Samuel Baafi Boakye,1,0,0,0,5,5,contributor,6481,5163,12.93
Egor Ermolov,1,0,0,0,5,5,contributor,6481,5163,12.93
Brian Slakter,1,0,0,0,5,5,contributor,6481,5163,12.93
David Kalamarides,1,0,0,0,5,5,contributor,6481,5163,12.93
Daniel Cassiano,1,0,0,0,5,5,contributor,6481,5163,12.93
dzamo,1,0,0,0,5,5,contributor,6481,5163,12.93
姜 天戩 Mike Tian-Jian Jiang,1,0,0,0,5,5,contributor,6481,5163,12.93
Israel Knight,1,0,0,0,5,5,contributor,6481,5163,12.93
Ahmet Altay,1,0,0,0,5,5,contributor,6481,5163,12.93
Bastien Menissier,1,0,0,0,5,5,contributor,6481,5163,12.93
Éverton Inocêncio,1,0,0,0,5,5,contributor,6481,5163,12.93
Tom Miller,1,0,0,0,5,5,contributor,6481,5163,12.93
Maksym Dibrov,1,0,0,0,5,5,contributor,6481,5163,12.93
Jack Li,1,0,0,0,5,5,contributor,6481,5163,12.93
Fully.is(풀리),1,0,0,0,5,5,contributor,6481,5163,12.93
Mishika Singh,1,0,0,0,5,5,contributor,6481,5163,12.93
Y. SOMDA,1,0,0,0,5,5,contributor,6481,5163,12.93
Tanuj Dargan,1,0,0,0,5,5,contributor,6481,5163,12.93
Anton Burnashev,1,0,0,0,5,5,contributor,6481,5163,12.93
Erik Ritter,1,0,0,0,5,5,contributor,6481,5163,12.93
Christopher Ryan,1,0,0,0,5,5,contributor,6481,5163,12.93
Rushabh Garambha,1,0,0,0,5,5,contributor,6481,5163,12.93
Neil Patel,1,0,0,0,5,5,contributor,6481,5163,12.93
Jamie Alessio,1,0,0,0,5,5,contributor,6481,5163,12.93
Calvin Canh Tran,1,0,0,0,5,5,contributor,6481,5163,12.93
Ovidiu CICAL,1,0,0,0,5,5,contributor,6481,5163,12.93
Anurag Bisht,1,0,0,0,5,5,contributor,6481,5163,12.93
Brian G. Shacklett,1,0,0,0,5,5,contributor,6481,5163,12.93
Devon Peticolas,1,0,0,0,5,5,contributor,6481,5163,12.93
Yohei Kishimoto,1,0,0,0,5,5,contributor,6481,5163,12.93
alexf,1,0,0,0,5,5,contributor,6481,5163,12.93
Jacob Greenfield,1,0,0,0,5,5,contributor,6481,5163,12.93
Pierre Vanliefland,1,0,0,0,5,5,contributor,6481,5163,12.93
Jeffrey Kao,1,0,0,0,5,5,contributor,6481,5163,12.93
Zachary Wilson,1,0,0,0,5,5,contributor,6481,5163,12.93
Paul Lockaby,1,0,0,0,5,5,contributor,6481,5163,12.93
Stephen Cattaneo,1,0,0,0,5,5,contributor,6481,5163,12.93
Brett Palmberg,1,0,0,0,5,5,contributor,6481,5163,12.93
Zack Strathe,1,0,0,0,5,5,contributor,6481,5163,12.93
steven casey,1,0,0,0,5,5,contributor,6481,5163,12.93
Long Nguyen,1,0,0,0,5,5,contributor,6481,5163,12.93
Sebastian Pagel,1,0,0,0,5,5,contributor,6481,5163,12.93
Alexandra Abbas,1,0,0,0,5,5,contributor,6481,5163,12.93
Gulshan Gill,1,0,0,0,5,5,contributor,6481,5163,12.93
Chen Yen-Ting,1,0,0,0,5,5,contributor,6481,5163,12.93
Jordan,1,0,0,0,5,5,contributor,6481,5163,12.93
Allan Jiang,1,0,0,0,5,5,contributor,6481,5163,12.93
I-Yang Chen,1,0,0,0,5,5,contributor,6481,5163,12.93
Vikram Medabalimi,1,0,0,0,5,5,contributor,6481,5163,12.93
Kyaw Tun,1,0,0,0,5,5,contributor,6481,5163,12.93
José L. Patiño Andrés,1,0,0,0,5,5,contributor,6481,5163,12.93
Andrew Elkins,1,0,0,0,5,5,contributor,6481,5163,12.93
Andrew Nascimento,1,0,0,0,5,5,contributor,6481,5163,12.93
Jeeyoung Kim,1,0,0,0,5,5,contributor,6481,5163,12.93
Rahul Raina,1,0,0,0,5,5,contributor,6481,5163,12.93
XuYicheng,1,0,0,0,5,5,contributor,6481,5163,12.93
Torkjel Hongve,1,0,0,0,5,5,contributor,6481,5163,12.93
Tatsiana Klionskaya,1,0,0,0,5,5,contributor,6481,5163,12.93
Alex Keeling,1,0,0,0,5,5,contributor,6481,5163,12.93
Yuan-Kuei Hsueh,1,0,0,0,5,5,contributor,6481,5163,12.93
Bowen Li,1,0,0,0,5,5,contributor,6481,5163,12.93
Andrius Paurys,1,0,0,0,5,5,contributor,6481,5163,12.93
Andrii Melekhovskiy,1,0,0,0,5,5,contributor,6481,5163,12.93
SUNNY,1,0,0,0,5,5,contributor,6481,5163,12.93
Yiqing Jin,1,0,0,0,5,5,contributor,6481,5163,12.93
Hojin Jun,1,0,0,0,5,5,contributor,6481,5163,12.93
Brent Hagany,1,0,0,0,5,5,contributor,6481,5163,12.93
Bryant Biggs,1,0,0,0,5,5,contributor,6481,5163,12.93
Germain Tanguy,1,0,0,0,5,5,contributor,6481,5163,12.93
Cesar Arevalo,1,0,0,0,5,5,contributor,6481,5163,12.93
Alex Tomic,1,0,0,0,5,5,contributor,6481,5163,12.93
Yassine Marzougui,1,0,0,0,5,5,contributor,6481,5163,12.93
Giannis Tampakis,1,0,0,0,5,5,contributor,6481,5163,12.93
Donal Burns,1,0,0,0,5,5,contributor,6481,5163,12.93
Amit Talreja,1,0,0,0,5,5,contributor,6481,5163,12.93
Daniel Burkhardt Cerigo,1,0,0,0,5,5,contributor,6481,5163,12.93
Indrale Dnyaneshwar,1,0,0,0,5,5,contributor,6481,5163,12.93
Juhwi Lee,1,0,0,0,5,5,contributor,6481,5163,12.93
Saulius Grigaliunas,1,0,0,0,5,5,contributor,6481,5163,12.93
Aaron Mak,1,0,0,0,5,5,contributor,6481,5163,12.93
Daniel Saiz,1,0,0,0,5,5,contributor,6481,5163,12.93
Dave Cavaletto,1,0,0,0,5,5,contributor,6481,5163,12.93
Chuan Qiu,1,0,0,0,5,5,contributor,6481,5163,12.93
Luis Gustavo Couto Wacker,1,0,0,0,5,5,contributor,6481,5163,12.93
Hervé,1,0,0,0,5,5,contributor,6481,5163,12.93
Jannik F,1,0,0,0,5,5,contributor,6481,5163,12.93
Sasha Rudan,1,0,0,0,5,5,contributor,6481,5163,12.93
Morgan Racine,1,0,0,0,5,5,contributor,6481,5163,12.93
Farhan Syakir,1,0,0,0,5,5,contributor,6481,5163,12.93
Shuho Yoshida,1,0,0,0,5,5,contributor,6481,5163,12.93
Shubham Parekh,1,0,0,0,5,5,contributor,6481,5163,12.93
Kazuhito Osabe,1,0,0,0,5,5,contributor,6481,5163,12.93
nate contino,1,0,0,0,5,5,contributor,6481,5163,12.93
Artour,1,0,0,0,5,5,contributor,6481,5163,12.93
Christophoros Antoniades,1,0,0,0,5,5,contributor,6481,5163,12.93
Boris Tyukin,1,0,0,0,5,5,contributor,6481,5163,12.93
Deepchand Swami,1,0,0,0,5,5,contributor,6481,5163,12.93
Scott Liu,1,0,0,0,5,5,contributor,6481,5163,12.93
Hubert Pietroń,1,0,0,0,5,5,contributor,6481,5163,12.93
Kristen Malik,1,0,0,0,5,5,contributor,6481,5163,12.93
Nick Garanko,1,0,0,0,5,5,contributor,6481,5163,12.93
Skylar Payne,1,0,0,0,5,5,contributor,6481,5163,12.93
crazy-2020,1,0,0,0,5,5,contributor,6481,5163,12.93
Ivan Reche,1,0,0,0,5,5,contributor,6481,5163,12.93
Fernando Llaca,1,0,0,0,5,5,contributor,6481,5163,12.93
Hyunwoo (Jaden) Park,1,0,0,0,5,5,contributor,6481,5163,12.93
Wouter ten Brink,1,0,0,0,5,5,contributor,6481,5163,12.93
bingqinzhou,1,0,0,0,5,5,contributor,6481,5163,12.93
João Bernardo Oliveira,1,0,0,0,5,5,contributor,6481,5163,12.93
Juan Uicich,1,0,0,0,5,5,contributor,6481,5163,12.93
Joseph McCartin,1,0,0,0,5,5,contributor,6481,5163,12.93
Luke Rohde,1,0,0,0,5,5,contributor,6481,5163,12.93
Jisuk Byun,1,0,0,0,5,5,contributor,6481,5163,12.93
Adityan,1,0,0,0,5,5,contributor,6481,5163,12.93
Henry Hinnefeld,1,0,0,0,5,5,contributor,6481,5163,12.93
Eugene Wolfson,1,0,0,0,5,5,contributor,6481,5163,12.93
Francisco Fonseca,1,0,0,0,5,5,contributor,6481,5163,12.93
Sergio Hg,1,0,0,0,5,5,contributor,6481,5163,12.93
Christian Rehm,1,0,0,0,5,5,contributor,6481,5163,12.93
Jonathan Lynch,1,0,0,0,5,5,contributor,6481,5163,12.93
Kevin Lin,1,0,0,0,5,5,contributor,6481,5163,12.93
Larry,1,0,0,0,5,5,contributor,6481,5163,12.93
Victor Kwong,1,0,0,0,5,5,contributor,6481,5163,12.93
Kimyen Ladia,1,0,0,0,5,5,contributor,6481,5163,12.93
Liam Ormiston,1,0,0,0,5,5,contributor,6481,5163,12.93
Remy Suen,1,0,0,0,5,5,contributor,6481,5163,12.93
Emmanuel Roux,1,0,0,0,5,5,contributor,6481,5163,12.93
Gajo Petrovic,1,0,0,0,5,5,contributor,6481,5163,12.93
John Soo,1,0,0,0,5,5,contributor,6481,5163,12.93
Hamed Saljooghinejad,1,0,0,0,5,5,contributor,6481,5163,12.93
Radek Tomšej,1,0,0,0,5,5,contributor,6481,5163,12.93
Valentine,1,0,0,0,5,5,contributor,6481,5163,12.93
James Page,1,0,0,0,5,5,contributor,6481,5163,12.93
Balazs Keresztury,1,0,0,0,5,5,contributor,6481,5163,12.93
Damien Lejeune,1,0,0,0,5,5,contributor,6481,5163,12.93
Ryan Tam,1,0,0,0,5,5,contributor,6481,5163,12.93
Ultrabug,1,0,0,0,5,5,contributor,6481,5163,12.93
sherwian_williamson,1,0,0,0,5,5,contributor,6481,5163,12.93
Bill Crook,1,0,0,0,5,5,contributor,6481,5163,12.93
Pengyu Wang,1,0,0,0,5,5,contributor,6481,5163,12.93
Brian Phillips,1,0,0,0,5,5,contributor,6481,5163,12.93
Damian,1,0,0,0,5,5,contributor,6481,5163,12.93
Ali Cirik,1,0,0,0,5,5,contributor,6481,5163,12.93
Adam,1,0,0,0,5,5,contributor,6481,5163,12.93
Manu NALEPA,1,0,0,0,5,5,contributor,6481,5163,12.93
Camilo Martinez,1,0,0,0,5,5,contributor,6481,5163,12.93
Jan M Ientile,1,0,0,0,5,5,contributor,6481,5163,12.93
Kritsada Limpawatkul,1,0,0,0,5,5,contributor,6481,5163,12.93
Claudinei Callegari,1,0,0,0,5,5,contributor,6481,5163,12.93
Judit Novak,1,0,0,0,5,5,contributor,6481,5163,12.93
harry.shi,1,0,0,0,5,5,contributor,6481,5163,12.93
"Jiao, Hsu",1,0,0,0,5,5,contributor,6481,5163,12.93
Volodymyr Bakhur,1,0,0,0,5,5,contributor,6481,5163,12.93
nica,1,0,0,0,5,5,contributor,6481,5163,12.93
David Cecchini,1,0,0,0,5,5,contributor,6481,5163,12.93
Jaewook Oh,1,0,0,0,5,5,contributor,6481,5163,12.93
Roberth Kulbin,1,0,0,0,5,5,contributor,6481,5163,12.93
Jason Speck,1,0,0,0,5,5,contributor,6481,5163,12.93
Emmanuel S.,1,0,0,0,5,5,contributor,6481,5163,12.93
Ross,1,0,0,0,5,5,contributor,6481,5163,12.93
Abhishek Ray,1,0,0,0,5,5,contributor,6481,5163,12.93
Tyrell H,1,0,0,0,5,5,contributor,6481,5163,12.93
conqrean,1,0,0,0,5,5,contributor,6481,5163,12.93
Chang Yi Lun,1,0,0,0,5,5,contributor,6481,5163,12.93
Ekhtiar Syed,1,0,0,0,5,5,contributor,6481,5163,12.93
Daniel Debny,1,0,0,0,5,5,contributor,6481,5163,12.93
Michael Otte,1,0,0,0,5,5,contributor,6481,5163,12.93
Minh Mai,1,0,0,0,5,5,contributor,6481,5163,12.93
Huy Mạc Quang,1,0,0,0,5,5,contributor,6481,5163,12.93
Danish Amjad,1,0,0,0,5,5,contributor,6481,5163,12.93
Spencer Tollefson,1,0,0,0,5,5,contributor,6481,5163,12.93
Trinity Xia,1,0,0,0,5,5,contributor,6481,5163,12.93
Diego Álvarez,1,0,0,0,5,5,contributor,6481,5163,12.93
Wilson Lian,1,0,0,0,5,5,contributor,6481,5163,12.93
Pol Osei,1,0,0,0,5,5,contributor,6481,5163,12.93
Shane Glass,1,0,0,0,5,5,contributor,6481,5163,12.93
Cheun Hong,1,0,0,0,5,5,contributor,6481,5163,12.93
Marius van Niekerk,1,0,0,0,5,5,contributor,6481,5163,12.93
Ant Weiss,1,0,0,0,5,5,contributor,6481,5163,12.93
pendoks,1,0,0,0,5,5,contributor,6481,5163,12.93
Isaac A. Murchie,1,0,0,0,5,5,contributor,6481,5163,12.93
Tunde Alkemade,1,0,0,0,5,5,contributor,6481,5163,12.93
Michael Osthege,1,0,0,0,5,5,contributor,6481,5163,12.93
Sara Hamilton,1,0,0,0,5,5,contributor,6481,5163,12.93
Matt Triano,1,0,0,0,5,5,contributor,6481,5163,12.93
Nate Kupp,1,0,0,0,5,5,contributor,6481,5163,12.93
Roman Alekseev,1,0,0,0,5,5,contributor,6481,5163,12.93
Wolney Mello,1,0,0,0,5,5,contributor,6481,5163,12.93
Daniel Hegberg,1,0,0,0,5,5,contributor,6481,5163,12.93
Walkoss,1,0,0,0,5,5,contributor,6481,5163,12.93
Suiyi Fu,1,0,0,0,5,5,contributor,6481,5163,12.93
Marco Aguiar,1,0,0,0,5,5,contributor,6481,5163,12.93
Nikita Trush,1,0,0,0,5,5,contributor,6481,5163,12.93
Iuhos Zoltán,1,0,0,0,5,5,contributor,6481,5163,12.93
Akshith Kandivanam,1,0,0,0,5,5,contributor,6481,5163,12.93
Emilio García Orellana,1,0,0,0,5,5,contributor,6481,5163,12.93
Qifeng Zhou,1,0,0,0,5,5,contributor,6481,5163,12.93
nick,1,0,0,0,5,5,contributor,6481,5163,12.93
DataFusion4All,1,0,0,0,5,5,contributor,6481,5163,12.93
Jacob Turpin,1,0,0,0,5,5,contributor,6481,5163,12.93
Yongjun Park,1,0,0,0,5,5,contributor,6481,5163,12.93
Cameron Yick,1,0,0,0,5,5,contributor,6481,5163,12.93
Ashmeet Lamba,1,0,0,0,5,5,contributor,6481,5163,12.93
Bartosz Ługowski,1,0,0,0,5,5,contributor,6481,5163,12.93
Max Murashov,1,0,0,0,5,5,contributor,6481,5163,12.93
Artur Skarżyński,1,0,0,0,5,5,contributor,6481,5163,12.93
Saran,1,0,0,0,5,5,contributor,6481,5163,12.93
Mike Thoun,1,0,0,0,5,5,contributor,6481,5163,12.93
Namkyu Kim,1,0,0,0,5,5,contributor,6481,5163,12.93
Zack Shapiro,1,0,0,0,5,5,contributor,6481,5163,12.93
Marcus Moyses,1,0,0,0,5,5,contributor,6481,5163,12.93
Roberto Li,1,0,0,0,5,5,contributor,6481,5163,12.93
TomvandeLooij,1,0,0,0,5,5,contributor,6481,5163,12.93
Mandy Gu,1,0,0,0,5,5,contributor,6481,5163,12.93
Kannappan Sirchabesan,1,0,0,0,5,5,contributor,6481,5163,12.93
YI FU,1,0,0,0,5,5,contributor,6481,5163,12.93
SAI GANESH S,1,0,0,0,5,5,contributor,6481,5163,12.93
Gabriel Laden,1,0,0,0,5,5,contributor,6481,5163,12.93
Salikram Paudel,1,0,0,0,5,5,contributor,6481,5163,12.93
Xuan,1,0,0,0,5,5,contributor,6481,5163,12.93
vladislav doster,1,0,0,0,5,5,contributor,6481,5163,12.93
Luiz Armesto,1,0,0,0,5,5,contributor,6481,5163,12.93
Hernan Resnizky,1,0,0,0,5,5,contributor,6481,5163,12.93
Joshua Patchus,1,0,0,0,5,5,contributor,6481,5163,12.93
Olivier Van Goethem,1,0,0,0,5,5,contributor,6481,5163,12.93
Stefan Keidel,1,0,0,0,5,5,contributor,6481,5163,12.93
顏孜羲,1,0,0,0,5,5,contributor,6481,5163,12.93
ivor,1,0,0,0,5,5,contributor,6481,5163,12.93
PierreCORBEL,1,0,0,0,5,5,contributor,6481,5163,12.93
Edan Schwartz,1,0,0,0,5,5,contributor,6481,5163,12.93
Raphael Lopez Kaufman,1,0,0,0,5,5,contributor,6481,5163,12.93
Rajiv Bharadwaja,1,0,0,0,5,5,contributor,6481,5163,12.93
Brad Arndt,1,0,0,0,5,5,contributor,6481,5163,12.93
Liam Alsopp,1,0,0,0,5,5,contributor,6481,5163,12.93
Justyn Harriman,1,0,0,0,5,5,contributor,6481,5163,12.93
Benoît Hanotte,1,0,0,0,5,5,contributor,6481,5163,12.93
Venkat,1,0,0,0,5,5,contributor,6481,5163,12.93
Alif Ruksaithong,1,0,0,0,5,5,contributor,6481,5163,12.93
Luca Furrer,1,0,0,0,5,5,contributor,6481,5163,12.93
Chloe Sheasby,1,0,0,0,5,5,contributor,6481,5163,12.93
Andreas Schöneck,1,0,0,0,5,5,contributor,6481,5163,12.93
Adam Whitlock,1,0,0,0,5,5,contributor,6481,5163,12.93
Anton Erholt,1,0,0,0,5,5,contributor,6481,5163,12.93
Hao Li,1,0,0,0,5,5,contributor,6481,5163,12.93
Le Minh Thong,1,0,0,0,5,5,contributor,6481,5163,12.93
Alyssa Mhie M. Matila,1,0,0,0,5,5,contributor,6481,5163,12.93
Yeshwanth Balachander,1,0,0,0,5,5,contributor,6481,5163,12.93
lumen,1,0,0,0,5,5,contributor,6481,5163,12.93
Eric Pickup,1,0,0,0,5,5,contributor,6481,5163,12.93
Yuriy Badalyants,1,0,0,0,5,5,contributor,6481,5163,12.93
Tongbo Huang,1,0,0,0,5,5,contributor,6481,5163,12.93
Eric,1,0,0,0,5,5,contributor,6481,5163,12.93
Sooter Saalu,1,0,0,0,5,5,contributor,6481,5163,12.93
BRRC,1,0,0,0,5,5,contributor,6481,5163,12.93
Bingqin Zhou,1,0,0,0,5,5,contributor,6481,5163,12.93
Dustin Stansbury,1,0,0,0,5,5,contributor,6481,5163,12.93
Onur Sönmez,1,0,0,0,5,5,contributor,6481,5163,12.93
Amit Ran,1,0,0,0,5,5,contributor,6481,5163,12.93
Manuel Garrido,1,0,0,0,5,5,contributor,6481,5163,12.93
Lorenzo Caggioni,1,0,0,0,5,5,contributor,6481,5163,12.93
Tamer Abousoud,1,0,0,0,5,5,contributor,6481,5163,12.93
Pier-Luc Caron St-Pierre,1,0,0,0,5,5,contributor,6481,5163,12.93
Fredrik Håård,1,0,0,0,5,5,contributor,6481,5163,12.93
Luqman Abdul Mushawwir,1,0,0,0,5,5,contributor,6481,5163,12.93
Mayeul Kauffmann,1,0,0,0,5,5,contributor,6481,5163,12.93
Andrew LeBlanc,1,0,0,0,5,5,contributor,6481,5163,12.93
Omar A,1,0,0,0,5,5,contributor,6481,5163,12.93
Jack Danger,1,0,0,0,5,5,contributor,6481,5163,12.93
Riyas P K,1,0,0,0,5,5,contributor,6481,5163,12.93
Natasha Wilson,1,0,0,0,5,5,contributor,6481,5163,12.93
Arunvel Sriram,1,0,0,0,5,5,contributor,6481,5163,12.93
Rodrigo Chaparro Plata Hernandez,1,0,0,0,5,5,contributor,6481,5163,12.93
Adam Hopkinson,1,0,0,0,5,5,contributor,6481,5163,12.93
Mike Roest,1,0,0,0,5,5,contributor,6481,5163,12.93
Kyle Thatcher,1,0,0,0,5,5,contributor,6481,5163,12.93
Udit Chaudhary,1,0,0,0,5,5,contributor,6481,5163,12.93
V.Shkaberda,1,0,0,0,5,5,contributor,6481,5163,12.93
Javier Lorente del Castillo,1,0,0,0,5,5,contributor,6481,5163,12.93
Jeff Harrison,1,0,0,0,5,5,contributor,6481,5163,12.93
leonidas efrem,1,0,0,0,5,5,contributor,6481,5163,12.93
Daniel Marcous,1,0,0,0,5,5,contributor,6481,5163,12.93
Carl Krauss,1,0,0,0,5,5,contributor,6481,5163,12.93
Omar Eltomy,1,0,0,0,5,5,contributor,6481,5163,12.93
Kaibo Zhou,1,0,0,0,5,5,contributor,6481,5163,12.93
Gavin D'mello,1,0,0,0,5,5,contributor,6481,5163,12.93
Charles Morin,1,0,0,0,5,5,contributor,6481,5163,12.93
Kevin Mullen,1,0,0,0,5,5,contributor,6481,5163,12.93
Attila Tóth,1,0,0,0,5,5,contributor,6481,5163,12.93
Aayush Bisen,1,0,0,0,5,5,contributor,6481,5163,12.93
Krishnaveni Mettu,1,0,0,0,5,5,contributor,6481,5163,12.93
Jonathan de Bruin,1,0,0,0,5,5,contributor,6481,5163,12.93
JoshuaG,1,0,0,0,5,5,contributor,6481,5163,12.93
Brylie Christopher Oxley,1,0,0,0,5,5,contributor,6481,5163,12.93
Arati Nagmal,1,0,0,0,5,5,contributor,6481,5163,12.93
Varant Zanoyan,1,0,0,0,5,5,contributor,6481,5163,12.93
Bonnie Why,1,0,0,0,5,5,contributor,6481,5163,12.93
Rodrigo V. Del Monte,1,0,0,0,5,5,contributor,6481,5163,12.93
Geoffrey Wilson,1,0,0,0,5,5,contributor,6481,5163,12.93
Daniel Anya,1,0,0,0,5,5,contributor,6481,5163,12.93
Alex Sokolov,1,0,0,0,5,5,contributor,6481,5163,12.93
globaluser,1,0,0,0,5,5,contributor,6481,5163,12.93
Sandeep Mandal,1,0,0,0,5,5,contributor,6481,5163,12.93
Nathaniel Varona,1,0,0,0,5,5,contributor,6481,5163,12.93
al,1,0,0,0,5,5,contributor,6481,5163,12.93
Jun Jeong,1,0,0,0,5,5,contributor,6481,5163,12.93
Rounak Datta,1,0,0,0,5,5,contributor,6481,5163,12.93
Przemek Więch,1,0,0,0,5,5,contributor,6481,5163,12.93
Samit Maharjan,1,0,0,0,5,5,contributor,6481,5163,12.93
vishal,1,0,0,0,5,5,contributor,6481,5163,12.93
Andreas Albert,1,0,0,0,5,5,contributor,6481,5163,12.93
Olivier Morissette,1,0,0,0,5,5,contributor,6481,5163,12.93
Brian Charous,1,0,0,0,5,5,contributor,6481,5163,12.93
Felipe Sabino,1,0,0,0,5,5,contributor,6481,5163,12.93
voltaiq-austin-chou,1,0,0,0,5,5,contributor,6481,5163,12.93
Adrian Lazar,1,0,0,0,5,5,contributor,6481,5163,12.93
Tim Sanders,1,0,0,0,5,5,contributor,6481,5163,12.93
yyu,1,0,0,0,5,5,contributor,6481,5163,12.93
J,1,0,0,0,5,5,contributor,6481,5163,12.93
Hiroka Zaitsu,1,0,0,0,5,5,contributor,6481,5163,12.93
Martin Burch,1,0,0,0,5,5,contributor,6481,5163,12.93
Guy Maliar,1,0,0,0,5,5,contributor,6481,5163,12.93
Tamás Nyíri,1,0,0,0,5,5,contributor,6481,5163,12.93
Daniel Lavedonio de Lima,1,0,0,0,5,5,contributor,6481,5163,12.93
Ben Limmer,1,0,0,0,5,5,contributor,6481,5163,12.93
Rudison Lacerda,1,0,0,0,5,5,contributor,6481,5163,12.93
Lukas Biermann,1,0,0,0,5,5,contributor,6481,5163,12.93
Vasu Madaan,1,0,0,0,5,5,contributor,6481,5163,12.93
Sebastian Telsemeyer,1,0,0,0,5,5,contributor,6481,5163,12.93
gavinBeam,1,0,0,0,5,5,contributor,6481,5163,12.93
Issam Kalliath,1,0,0,0,5,5,contributor,6481,5163,12.93
Alan Wu,1,0,0,0,5,5,contributor,6481,5163,12.93
J. Daniel Medeiros,1,0,0,0,5,5,contributor,6481,5163,12.93
Timothy Hirzel,1,0,0,0,5,5,contributor,6481,5163,12.93
Matthias Vongerichten,1,0,0,0,5,5,contributor,6481,5163,12.93
Laerte Pereira,1,0,0,0,5,5,contributor,6481,5163,12.93
Dan Fowler,1,0,0,0,5,5,contributor,6481,5163,12.93
ChethanU,1,0,0,0,5,5,contributor,6481,5163,12.93
Lukasz Wyszomirski,1,0,0,0,5,5,contributor,6481,5163,12.93
Sadik Bakiu,1,0,0,0,5,5,contributor,6481,5163,12.93
deepinsight coder,1,0,0,0,5,5,contributor,6481,5163,12.93
Nicola Marangoni,1,0,0,0,5,5,contributor,6481,5163,12.93
Jacob Shao,1,0,0,0,5,5,contributor,6481,5163,12.93
Tornike Gurgenidze,1,0,0,0,5,5,contributor,6481,5163,12.93
Richard Baron Penman,1,0,0,0,5,5,contributor,6481,5163,12.93
Vladimiro Bellini,1,0,0,0,5,5,contributor,6481,5163,12.93
Mark Hopson,1,0,0,0,5,5,contributor,6481,5163,12.93
Huy Duong,1,0,0,0,5,5,contributor,6481,5163,12.93
matteo brancaleoni,1,0,0,0,5,5,contributor,6481,5163,12.93
Ken Lewerentz,1,0,0,0,5,5,contributor,6481,5163,12.93
Siva Pandeti,1,0,0,0,5,5,contributor,6481,5163,12.93
Sean Cronin,1,0,0,0,5,5,contributor,6481,5163,12.93
Shimoyama,1,0,0,0,5,5,contributor,6481,5163,12.93
Kevin Languasco,1,0,0,0,5,5,contributor,6481,5163,12.93
Andrew Sardone,1,0,0,0,5,5,contributor,6481,5163,12.93
Attila Szombati,1,0,0,0,5,5,contributor,6481,5163,12.93
Gleb,1,0,0,0,5,5,contributor,6481,5163,12.93
Vishal Gupta,1,0,0,0,5,5,contributor,6481,5163,12.93
Shashwat Pandey,1,0,0,0,5,5,contributor,6481,5163,12.93
Yoshiki Nagasaki,1,0,0,0,5,5,contributor,6481,5163,12.93
Nitai Bezerra da Silva,1,0,0,0,5,5,contributor,6481,5163,12.93
Piotr Milczarek,1,0,0,0,5,5,contributor,6481,5163,12.93
Vishnu,1,0,0,0,5,5,contributor,6481,5163,12.93
Mike Ascah,1,0,0,0,5,5,contributor,6481,5163,12.93
Martin Zlocha,1,0,0,0,5,5,contributor,6481,5163,12.93
안지훈,1,0,0,0,5,5,contributor,6481,5163,12.93
John Wang,1,0,0,0,5,5,contributor,6481,5163,12.93
Vincent Chantreau,1,0,0,0,5,5,contributor,6481,5163,12.93
Zion,1,0,0,0,5,5,contributor,6481,5163,12.93
Connor Ameres,1,0,0,0,5,5,contributor,6481,5163,12.93
Ross Lawley,1,0,0,0,5,5,contributor,6481,5163,12.93
Aldo Giambelluca,1,0,0,0,5,5,contributor,6481,5163,12.93
Blaine Elliott,1,0,0,0,5,5,contributor,6481,5163,12.93
HarryWu-CHN,1,0,0,0,5,5,contributor,6481,5163,12.93
Anum Sheraz,1,0,0,0,5,5,contributor,6481,5163,12.93
Benney Au,1,0,0,0,5,5,contributor,6481,5163,12.93
Jim Baldwin,1,0,0,0,5,5,contributor,6481,5163,12.93
Sudipto Das,1,0,0,0,5,5,contributor,6481,5163,12.93
Adrian Kuhn,1,0,0,0,5,5,contributor,6481,5163,12.93
Scott,1,0,0,0,5,5,contributor,6481,5163,12.93
Derek Flionis,1,0,0,0,5,5,contributor,6481,5163,12.93
Byeongmin Choi,1,0,0,0,5,5,contributor,6481,5163,12.93
Lenoj,1,0,0,0,5,5,contributor,6481,5163,12.93
Matt Traynham,1,0,0,0,5,5,contributor,6481,5163,12.93
Jose Sanchez Viloria,1,0,0,0,5,5,contributor,6481,5163,12.93
Charlie Marsh,1,0,0,0,5,5,contributor,6481,5163,12.93
Pablo Seibelt,1,0,0,0,5,5,contributor,6481,5163,12.93
Aaron Read,1,0,0,0,5,5,contributor,6481,5163,12.93
Fernando Paiva,1,0,0,0,5,5,contributor,6481,5163,12.93
Sarfaraz Soomro,1,0,0,0,5,5,contributor,6481,5163,12.93
T. Tanay,1,0,0,0,5,5,contributor,6481,5163,12.93
Dan Fuller,1,0,0,0,5,5,contributor,6481,5163,12.93
Danny,1,0,0,0,5,5,contributor,6481,5163,12.93
Erik Benoist,1,0,0,0,5,5,contributor,6481,5163,12.93
Kasper Juul Hermansen,1,0,0,0,5,5,contributor,6481,5163,12.93
Francis Lalonde,1,0,0,0,5,5,contributor,6481,5163,12.93
Daphna Shezaf,1,0,0,0,5,5,contributor,6481,5163,12.93
Cons Sh,1,0,0,0,5,5,contributor,6481,5163,12.93
William Tun,1,0,0,0,5,5,contributor,6481,5163,12.93
Luyao Yang,1,0,0,0,5,5,contributor,6481,5163,12.93
Rodrigo Formigone,1,0,0,0,5,5,contributor,6481,5163,12.93
Ji Wang,1,0,0,0,5,5,contributor,6481,5163,12.93
Paolo Facchinetti,1,0,0,0,5,5,contributor,6481,5163,12.93
aa1371,1,0,0,0,5,5,contributor,6481,5163,12.93
Arun Kumar,1,0,0,0,5,5,contributor,6481,5163,12.93
Alexandros Nafas,1,0,0,0,5,5,contributor,6481,5163,12.93
João Ramiro,1,0,0,0,5,5,contributor,6481,5163,12.93
James Cobb,1,0,0,0,5,5,contributor,6481,5163,12.93
Kevin Da Silva,1,0,0,0,5,5,contributor,6481,5163,12.93
Wesley,1,0,0,0,5,5,contributor,6481,5163,12.93
Eduardo Nicastro,1,0,0,0,5,5,contributor,6481,5163,12.93
Cody Rich,1,0,0,0,5,5,contributor,6481,5163,12.93
C.J. Collier,1,0,0,0,5,5,contributor,6481,5163,12.93
Philipp Großelfinger,1,0,0,0,5,5,contributor,6481,5163,12.93
djordje,1,0,0,0,5,5,contributor,6481,5163,12.93
Jo,1,0,0,0,5,5,contributor,6481,5163,12.93
Ethan Vizitei,1,0,0,0,5,5,contributor,6481,5163,12.93
Brandon Kaplan,1,0,0,0,5,5,contributor,6481,5163,12.93
Mathew Savage,1,0,0,0,5,5,contributor,6481,5163,12.93
Yu Wang 1,1,0,0,0,5,5,contributor,6481,5163,12.93
Josh Ferge,1,0,0,0,5,5,contributor,6481,5163,12.93
Himank Chaudhary,1,0,0,0,5,5,contributor,6481,5163,12.93
Anthony Panat,1,0,0,0,5,5,contributor,6481,5163,12.93
Guillaume Lostis,1,0,0,0,5,5,contributor,6481,5163,12.93
Matthew Weingarten,1,0,0,0,5,5,contributor,6481,5163,12.93
Scott Limmer,1,0,0,0,5,5,contributor,6481,5163,12.93
Maria Sumedre,1,0,0,0,5,5,contributor,6481,5163,12.93
Dmitry Raupov,1,0,0,0,5,5,contributor,6481,5163,12.93
Vincent Poulain,1,0,0,0,5,5,contributor,6481,5163,12.93
Thibault Clement,1,0,0,0,5,5,contributor,6481,5163,12.93
Ilai Gigi,1,0,0,0,5,5,contributor,6481,5163,12.93
Daniel-Lim,1,0,0,0,5,5,contributor,6481,5163,12.93
Kseniia Iashina,1,0,0,0,5,5,contributor,6481,5163,12.93
Jim Ntosas,1,0,0,0,5,5,contributor,6481,5163,12.93
Anton Yanchenko,1,0,0,0,5,5,contributor,6481,5163,12.93
Stas,1,0,0,0,5,5,contributor,6481,5163,12.93
Martin Gauthier,1,0,0,0,5,5,contributor,6481,5163,12.93
michlyon,1,0,0,0,5,5,contributor,6481,5163,12.93
Chetan Sharma,1,0,0,0,5,5,contributor,6481,5163,12.93
Thomas McKanna,1,0,0,0,5,5,contributor,6481,5163,12.93
Shaunak Sontakke,1,0,0,0,5,5,contributor,6481,5163,12.93
Willem van Asperen,1,0,0,0,5,5,contributor,6481,5163,12.93
Stefanos Mandalas,1,0,0,0,5,5,contributor,6481,5163,12.93
CarlosDutra,1,0,0,0,5,5,contributor,6481,5163,12.93
Babis,1,0,0,0,5,5,contributor,6481,5163,12.93
Max Arrich,1,0,0,0,5,5,contributor,6481,5163,12.93
silviu.surcica,1,0,0,0,5,5,contributor,6481,5163,12.93
Mike Kravtsov,1,0,0,0,5,5,contributor,6481,5163,12.93
Andrew Sheng,1,0,0,0,5,5,contributor,6481,5163,12.93
Derrick Ding,1,0,0,0,5,5,contributor,6481,5163,12.93
Gabriel TOUZALIN,1,0,0,0,5,5,contributor,6481,5163,12.93
Jacek Kołodziej,1,0,0,0,5,5,contributor,6481,5163,12.93
Joseph Max Morris,1,0,0,0,5,5,contributor,6481,5163,12.93
David Shur,1,0,0,0,5,5,contributor,6481,5163,12.93
Michael Permana,1,0,0,0,5,5,contributor,6481,5163,12.93
Poxxy,1,0,0,0,5,5,contributor,6481,5163,12.93
Hassan Shahid,1,0,0,0,5,5,contributor,6481,5163,12.93
Fatma Ali,1,0,0,0,5,5,contributor,6481,5163,12.93
Iaroslav,1,0,0,0,5,5,contributor,6481,5163,12.93
Hiro Dozono,1,0,0,0,5,5,contributor,6481,5163,12.93
Ariel Grosh,1,0,0,0,5,5,contributor,6481,5163,12.93
Berge Maxim,1,0,0,0,5,5,contributor,6481,5163,12.93
Vince Levey,1,0,0,0,5,5,contributor,6481,5163,12.93
Muhammad Aqeel,1,0,0,0,5,5,contributor,6481,5163,12.93
Ram Bhajan Mishra,1,0,0,0,5,5,contributor,6481,5163,12.93
ianbillett,1,0,0,0,5,5,contributor,6481,5163,12.93
Tadeh Alexani,1,0,0,0,5,5,contributor,6481,5163,12.93
Fernando Bugni,1,0,0,0,5,5,contributor,6481,5163,12.93
Juarez Rudsatz,1,0,0,0,5,5,contributor,6481,5163,12.93
Hippolyte Vergnol,1,0,0,0,5,5,contributor,6481,5163,12.93
Ryan Buckley,1,0,0,0,5,5,contributor,6481,5163,12.93
Aditya Trivedi,1,0,0,0,5,5,contributor,6481,5163,12.93
Clinton Boys,1,0,0,0,5,5,contributor,6481,5163,12.93
Tim Hsiung,1,0,0,0,5,5,contributor,6481,5163,12.93
İsa Kilikya,1,0,0,0,5,5,contributor,6481,5163,12.93
eyoiwuu,1,0,0,0,5,5,contributor,6481,5163,12.93
Pieter Mulder,1,0,0,0,5,5,contributor,6481,5163,12.93
Emily Richmond,1,0,0,0,5,5,contributor,6481,5163,12.93
İbrahim Ercan,1,0,0,0,5,5,contributor,6481,5163,12.93
Weston King-Leatham,1,0,0,0,5,5,contributor,6481,5163,12.93
Víctor Martín Molina,1,0,0,0,5,5,contributor,6481,5163,12.93
Dariusz Aniszewski,1,0,0,0,5,5,contributor,6481,5163,12.93
Aaron Mangum,1,0,0,0,5,5,contributor,6481,5163,12.93
Chirag,1,0,0,0,5,5,contributor,6481,5163,12.93
Jonathan Reimer,1,0,0,0,5,5,contributor,6481,5163,12.93
Tobias Feldhaus,1,0,0,0,5,5,contributor,6481,5163,12.93
Green Lei,1,0,0,0,5,5,contributor,6481,5163,12.93
Dmytro Usenko,1,0,0,0,5,5,contributor,6481,5163,12.93
Elad Galili,1,0,0,0,5,5,contributor,6481,5163,12.93
Arnau Villoro,1,0,0,0,5,5,contributor,6481,5163,12.93
Shamin Meerankutty,1,0,0,0,5,5,contributor,6481,5163,12.93
Rafał Grudowski,1,0,0,0,5,5,contributor,6481,5163,12.93
Neo Chien,1,0,0,0,5,5,contributor,6481,5163,12.93
Gabriel Pettier,1,0,0,0,5,5,contributor,6481,5163,12.93
Jose Thomas,1,0,0,0,5,5,contributor,6481,5163,12.93
Bijan Moudi,1,0,0,0,5,5,contributor,6481,5163,12.93
Diego Mora Cespedes,1,0,0,0,5,5,contributor,6481,5163,12.93
brookskd,1,0,0,0,5,5,contributor,6481,5163,12.93
Matt Potter,1,0,0,0,5,5,contributor,6481,5163,12.93
Yap Sok Ann,1,0,0,0,5,5,contributor,6481,5163,12.93
Patrick Ruoff,1,0,0,0,5,5,contributor,6481,5163,12.93
Daniel Singer,1,0,0,0,5,5,contributor,6481,5163,12.93
Diogo Costa,1,0,0,0,5,5,contributor,6481,5163,12.93
Brenda Pham,1,0,0,0,5,5,contributor,6481,5163,12.93
Gregory Foster,1,0,0,0,5,5,contributor,6481,5163,12.93
Yannick Weiss,1,0,0,0,5,5,contributor,6481,5163,12.93
Thees Gieselmann,1,0,0,0,5,5,contributor,6481,5163,12.93
Masselot Antoine,1,0,0,0,5,5,contributor,6481,5163,12.93
Pavel Shuvalov,1,0,0,0,5,5,contributor,6481,5163,12.93
sagman.sercan,1,0,0,0,5,5,contributor,6481,5163,12.93
Leah Cole,1,0,0,0,5,5,contributor,6481,5163,12.93
Naman Bhalla,1,0,0,0,5,5,contributor,6481,5163,12.93
Yang Wang,1,0,0,0,5,5,contributor,6481,5163,12.93
shekhar,1,0,0,0,5,5,contributor,6481,5163,12.93
Stephen Baynham,1,0,0,0,5,5,contributor,6481,5163,12.93
zzk-dev,1,0,0,0,5,5,contributor,6481,5163,12.93
Daniel,1,0,0,0,5,5,contributor,6481,5163,12.93
Hans Kristian Flaatten,1,0,0,0,5,5,contributor,6481,5163,12.93
Theodor,1,0,0,0,5,5,contributor,6481,5163,12.93
Stefan Wang,1,0,0,0,5,5,contributor,6481,5163,12.93
Étienne Tremblay,1,0,0,0,5,5,contributor,6481,5163,12.93
Sacha,1,0,0,0,5,5,contributor,6481,5163,12.93
Aldwyn Cabarrubias,1,0,0,0,5,5,contributor,6481,5163,12.93
Adam B,1,0,0,0,5,5,contributor,6481,5163,12.93
Steven Freed,1,0,0,0,5,5,contributor,6481,5163,12.93
Dana Assa,1,0,0,0,5,5,contributor,6481,5163,12.93
Nigel Millward,1,0,0,0,5,5,contributor,6481,5163,12.93
Detlev V,1,0,0,0,5,5,contributor,6481,5163,12.93
Lê Nam Khánh,1,0,0,0,5,5,contributor,6481,5163,12.93
Joel Ossher,1,0,0,0,5,5,contributor,6481,5163,12.93
Kian Ghodoussi,1,0,0,0,5,5,contributor,6481,5163,12.93
Brian Nutt,1,0,0,0,5,5,contributor,6481,5163,12.93
Willi Oktavega,1,0,0,0,5,5,contributor,6481,5163,12.93
Dinesh Sharma,1,0,0,0,5,5,contributor,6481,5163,12.93
Antonio Davide Calì,1,0,0,0,5,5,contributor,6481,5163,12.93
Constantino Schillebeeckx,1,0,0,0,5,5,contributor,6481,5163,12.93
Tom Augspurger,1,0,0,0,5,5,contributor,6481,5163,12.93
Jonathan Lange,1,0,0,0,5,5,contributor,6481,5163,12.93
Mingye Xia,1,0,0,0,5,5,contributor,6481,5163,12.93
Freyr Sævarsson,1,0,0,0,5,5,contributor,6481,5163,12.93
James Chaldecott,1,0,0,0,5,5,contributor,6481,5163,12.93
Shoma Okamoto,1,0,0,0,5,5,contributor,6481,5163,12.93
Martin Gustafsson,1,0,0,0,5,5,contributor,6481,5163,12.93
Maksim Zinal,1,0,0,0,5,5,contributor,6481,5163,12.93
Matt Creenan,1,0,0,0,5,5,contributor,6481,5163,12.93
Jayce Slesar,1,0,0,0,5,5,contributor,6481,5163,12.93
José Coto,1,0,0,0,5,5,contributor,6481,5163,12.93
Dante De Nigris,1,0,0,0,5,5,contributor,6481,5163,12.93
Andrew Hobson,1,0,0,0,5,5,contributor,6481,5163,12.93
Gregory Borodin,1,0,0,0,5,5,contributor,6481,5163,12.93
Will Douglas,1,0,0,0,5,5,contributor,6481,5163,12.93
Sathyaprakash Govindasamy,1,0,0,0,5,5,contributor,6481,5163,12.93
Elon Gliksberg,1,0,0,0,5,5,contributor,6481,5163,12.93
Hunter Blanks,1,0,0,0,5,5,contributor,6481,5163,12.93
Padhiyar Kuldeep,1,0,0,0,5,5,contributor,6481,5163,12.93
Denis Kokorin,1,0,0,0,5,5,contributor,6481,5163,12.93
Ahmad,1,0,0,0,5,5,contributor,6481,5163,12.93
Peter Pang,1,0,0,0,5,5,contributor,6481,5163,12.93
Yuri Niitsuma,1,0,0,0,5,5,contributor,6481,5163,12.93
Yevhen Lebid,1,0,0,0,5,5,contributor,6481,5163,12.93
Pascal Gula,1,0,0,0,5,5,contributor,6481,5163,12.93
Honza Stepanovsky,1,0,0,0,5,5,contributor,6481,5163,12.93
Sam Lendle,1,0,0,0,5,5,contributor,6481,5163,12.93
Jubeen Lee,1,0,0,0,5,5,contributor,6481,5163,12.93
Jonathan Schoonhoven,1,0,0,0,5,5,contributor,6481,5163,12.93
Eric Wang,1,0,0,0,5,5,contributor,6481,5163,12.93
Mutlu Polatcan,1,0,0,0,5,5,contributor,6481,5163,12.93
Tegar D Pratama,1,0,0,0,5,5,contributor,6481,5163,12.93
Rui Wang,1,0,0,0,5,5,contributor,6481,5163,12.93
Loic Benoit,1,0,0,0,5,5,contributor,6481,5163,12.93
Aleksandr Artemenkov,1,0,0,0,5,5,contributor,6481,5163,12.93
Andrei Serdiukov,1,0,0,0,5,5,contributor,6481,5163,12.93
Christophe Lecointe,1,0,0,0,5,5,contributor,6481,5163,12.93
Mohamed TOUMI,1,0,0,0,5,5,contributor,6481,5163,12.93
Daniel Gorelik,1,0,0,0,5,5,contributor,6481,5163,12.93
Jas Sohi,1,0,0,0,5,5,contributor,6481,5163,12.93
Fran,1,0,0,0,5,5,contributor,6481,5163,12.93
Jian Yuan Lee,1,0,0,0,5,5,contributor,6481,5163,12.93
Scotty Pate,1,0,0,0,5,5,contributor,6481,5163,12.93
Anike Arni,1,0,0,0,5,5,contributor,6481,5163,12.93
Haeseong Je,1,0,0,0,5,5,contributor,6481,5163,12.93
Maksim Syomochkin,1,0,0,0,5,5,contributor,6481,5163,12.93
Rania ZYANE,1,0,0,0,5,5,contributor,6481,5163,12.93
Sadan A,1,0,0,0,5,5,contributor,6481,5163,12.93
Wout,1,0,0,0,5,5,contributor,6481,5163,12.93
Arvind Abraham,1,0,0,0,5,5,contributor,6481,5163,12.93
Hung,1,0,0,0,5,5,contributor,6481,5163,12.93
Kyle Hayes,1,0,0,0,5,5,contributor,6481,5163,12.93
SeungMin,1,0,0,0,5,5,contributor,6481,5163,12.93
Brad Holmes,1,0,0,0,5,5,contributor,6481,5163,12.93
Hamed,1,0,0,0,5,5,contributor,6481,5163,12.93
Marc Lherbette,1,0,0,0,5,5,contributor,6481,5163,12.93
Jacob Lee,1,0,0,0,5,5,contributor,6481,5163,12.93
Hiroki.H,1,0,0,0,5,5,contributor,6481,5163,12.93
AquaRegia,1,0,0,0,5,5,contributor,6481,5163,12.93
Kanto(칸토),1,0,0,0,5,5,contributor,6481,5163,12.93
Lee KyeongJoon,1,0,0,0,5,5,contributor,6481,5163,12.93
Gregory Benison,1,0,0,0,5,5,contributor,6481,5163,12.93
AJ,1,0,0,0,5,5,contributor,6481,5163,12.93
Duy,1,0,0,0,5,5,contributor,6481,5163,12.93
Nicholas Jones,1,0,0,0,5,5,contributor,6481,5163,12.93
Purna Chander Dharam,1,0,0,0,5,5,contributor,6481,5163,12.93
Giulio Mazzanti,1,0,0,0,5,5,contributor,6481,5163,12.93
Troy Harvey,1,0,0,0,5,5,contributor,6481,5163,12.93
Jensen Yap,1,0,0,0,5,5,contributor,6481,5163,12.93
Ivan Ukhov,1,0,0,0,5,5,contributor,6481,5163,12.93
Vara Prasad Regani,1,0,0,0,5,5,contributor,6481,5163,12.93
Dan Brown,1,0,0,0,5,5,contributor,6481,5163,12.93
Quentin Gallet,1,0,0,0,5,5,contributor,6481,5163,12.93
Михаил Марюфич,1,0,0,0,5,5,contributor,6481,5163,12.93
Anderson Reyes,1,0,0,0,5,5,contributor,6481,5163,12.93
Aaditya Sharma,1,0,0,0,5,5,contributor,6481,5163,12.93
Mike Mwanje,1,0,0,0,5,5,contributor,6481,5163,12.93
Håvard Wall,1,0,0,0,5,5,contributor,6481,5163,12.93
Srivats S Raghavan,1,0,0,0,5,5,contributor,6481,5163,12.93
Jonas Strassel,1,0,0,0,5,5,contributor,6481,5163,12.93
Sanket,1,0,0,0,5,5,contributor,6481,5163,12.93
Sayed Mohammad Hossein Torabi,1,0,0,0,5,5,contributor,6481,5163,12.93
Gagan Bhullar,1,0,0,0,5,5,contributor,6481,5163,12.93
Michal Dziemianko,1,0,0,0,5,5,contributor,6481,5163,12.93
Jamie Lentin,1,0,0,0,5,5,contributor,6481,5163,12.93
Yao-Ching Huang,1,0,0,0,5,5,contributor,6481,5163,12.93
Alexis Rosuel,1,0,0,0,5,5,contributor,6481,5163,12.93
JohannesGuenther,1,0,0,0,5,5,contributor,6481,5163,12.93
Marcelo Trylesinski,1,0,0,0,5,5,contributor,6481,5163,12.93
Neil Bhandari,1,0,0,0,5,5,contributor,6481,5163,12.93
Prajyot Naik,1,0,0,0,5,5,contributor,6481,5163,12.93
Yax patel,1,0,0,0,5,5,contributor,6481,5163,12.93
김승훈,1,0,0,0,5,5,contributor,6481,5163,12.93
Justin Holmes,1,0,0,0,5,5,contributor,6481,5163,12.93
Tom Akita,1,0,0,0,5,5,contributor,6481,5163,12.93
Rodrigo Ganância,1,0,0,0,5,5,contributor,6481,5163,12.93
Alvin Ali Khaled,1,0,0,0,5,5,contributor,6481,5163,12.93
Marc Weil,1,0,0,0,5,5,contributor,6481,5163,12.93
Quentin Fortier,1,0,0,0,5,5,contributor,6481,5163,12.93
Mahendra Yadav,1,0,0,0,5,5,contributor,6481,5163,12.93
Stephen O'Kennedy,1,0,0,0,5,5,contributor,6481,5163,12.93
Natchapol Laowiwatkasem,1,0,0,0,5,5,contributor,6481,5163,12.93
SK,1,0,0,0,5,5,contributor,6481,5163,12.93
Omid Tourzan,1,0,0,0,5,5,contributor,6481,5163,12.93
Diego Solis,1,0,0,0,5,5,contributor,6481,5163,12.93
Denis Makarov,1,0,0,0,5,5,contributor,6481,5163,12.93
Filip L,1,0,0,0,5,5,contributor,6481,5163,12.93
Michael Musson,1,0,0,0,5,5,contributor,6481,5163,12.93
Ryo Okubo,1,0,0,0,5,5,contributor,6481,5163,12.93
James Hyphen,1,0,0,0,5,5,contributor,6481,5163,12.93
Andrzej,1,0,0,0,5,5,contributor,6481,5163,12.93
Andy Garfield,1,0,0,0,5,5,contributor,6481,5163,12.93
Luís Miranda,1,0,0,0,5,5,contributor,6481,5163,12.93
David Traina,1,0,0,0,5,5,contributor,6481,5163,12.93
Loïc Messal,1,0,0,0,5,5,contributor,6481,5163,12.93
Vedant Bhamare,1,0,0,0,5,5,contributor,6481,5163,12.93
Todd de Quincey,1,0,0,0,5,5,contributor,6481,5163,12.93
Fiyin,1,0,0,0,5,5,contributor,6481,5163,12.93
David Sharp,1,0,0,0,5,5,contributor,6481,5163,12.93
Pierre Penelon,1,0,0,0,5,5,contributor,6481,5163,12.93
Myles Hollowed,1,0,0,0,5,5,contributor,6481,5163,12.93
Ketan Bhatt,1,0,0,0,5,5,contributor,6481,5163,12.93
Akshay Chitneni,1,0,0,0,5,5,contributor,6481,5163,12.93
Midhun Rajendran,1,0,0,0,5,5,contributor,6481,5163,12.93
David van Leeuwen,1,0,0,0,5,5,contributor,6481,5163,12.93
Przemek Piórkowski,1,0,0,0,5,5,contributor,6481,5163,12.93
Christopher Grant,1,0,0,0,5,5,contributor,6481,5163,12.93
Zane Bartlett,1,0,0,0,5,5,contributor,6481,5163,12.93
Javier Herrer,1,0,0,0,5,5,contributor,6481,5163,12.93
Marcel Martinelli,1,0,0,0,5,5,contributor,6481,5163,12.93
Bruno P. Kinoshita,1,0,0,0,5,5,contributor,6481,5163,12.93
Agastiya S. Mohammad,1,0,0,0,5,5,contributor,6481,5163,12.93
Ian Carroll,1,0,0,0,5,5,contributor,6481,5163,12.93
Elena Sadler,1,0,0,0,5,5,contributor,6481,5163,12.93
Stas/Slava Bytsko,1,0,0,0,5,5,contributor,6481,5163,12.93
Charles Gorintin,1,0,0,0,5,5,contributor,6481,5163,12.93
Shama Shivaprasad,1,0,0,0,5,5,contributor,6481,5163,12.93
Oscar Carballo Puebla,1,0,0,0,5,5,contributor,6481,5163,12.93
Vinicius B. Bizarri,1,0,0,0,5,5,contributor,6481,5163,12.93
Yauheni Subota,1,0,0,0,5,5,contributor,6481,5163,12.93
Rob Caskey,1,0,0,0,5,5,contributor,6481,5163,12.93
Natalie Heer,1,0,0,0,5,5,contributor,6481,5163,12.93
Xianghu Zhao,1,0,0,0,5,5,contributor,6481,5163,12.93
Daniel Neaves,1,0,0,0,5,5,contributor,6481,5163,12.93
Takuya Sato,1,0,0,0,5,5,contributor,6481,5163,12.93
Chris Lieb,1,0,0,0,5,5,contributor,6481,5163,12.93
Sebastian Werner,1,0,0,0,5,5,contributor,6481,5163,12.93
Nguyễn Anh Bình,1,0,0,0,5,5,contributor,6481,5163,12.93
Moritz Rieger,1,0,0,0,5,5,contributor,6481,5163,12.93
Naoki Orii,1,0,0,0,5,5,contributor,6481,5163,12.93
Stéphanie Baltus,1,0,0,0,5,5,contributor,6481,5163,12.93
JohanW,1,0,0,0,5,5,contributor,6481,5163,12.93
Robert Saxby,1,0,0,0,5,5,contributor,6481,5163,12.93
Bagus Nurtomo,1,0,0,0,5,5,contributor,6481,5163,12.93
abhishek bafna,1,0,0,0,5,5,contributor,6481,5163,12.93
Błażej Tecław,1,0,0,0,5,5,contributor,6481,5163,12.93
José Cabeda,1,0,0,0,5,5,contributor,6481,5163,12.93
Bas van de Lustgraaf,1,0,0,0,5,5,contributor,6481,5163,12.93
Tristram Oaten,1,0,0,0,5,5,contributor,6481,5163,12.93
Zhiwei Zhao,1,0,0,0,5,5,contributor,6481,5163,12.93
Maksim Pecherskiy,1,0,0,0,5,5,contributor,6481,5163,12.93
Jake Gillberg,1,0,0,0,5,5,contributor,6481,5163,12.93
Adrien Boitreaud,1,0,0,0,5,5,contributor,6481,5163,12.93
Tyler Marrs,1,0,0,0,5,5,contributor,6481,5163,12.93
Mads Westberg,1,0,0,0,5,5,contributor,6481,5163,12.93
Aleksandar Milosevic,1,0,0,0,5,5,contributor,6481,5163,12.93
Namgung Chan,1,0,0,0,5,5,contributor,6481,5163,12.93
Geethanadh Padavala,1,0,0,0,5,5,contributor,6481,5163,12.93
Prabeesh K,1,0,0,0,5,5,contributor,6481,5163,12.93
Alexander Zhukov,1,0,0,0,5,5,contributor,6481,5163,12.93
Aman Gupta,1,0,0,0,5,5,contributor,6481,5163,12.93
Hengfeng Li,1,0,0,0,5,5,contributor,6481,5163,12.93
김영준,1,0,0,0,5,5,contributor,6481,5163,12.93
pierrejbrun,1,0,0,0,5,5,contributor,6481,5163,12.93
David Sabater,1,0,0,0,5,5,contributor,6481,5163,12.93
Eldar Kasmamytov,1,0,0,0,5,5,contributor,6481,5163,12.93
Chris Luedtke,1,0,0,0,5,5,contributor,6481,5163,12.93
Mohit Swain,1,0,0,0,5,5,contributor,6481,5163,12.93
David Lo,1,0,0,0,5,5,contributor,6481,5163,12.93
brian,1,0,0,0,5,5,contributor,6481,5163,12.93
Ian Truslove,1,0,0,0,5,5,contributor,6481,5163,12.93
Ming Wu,1,0,0,0,5,5,contributor,6481,5163,12.93
Wei-Hsiang (Matt) Wang,1,0,0,0,5,5,contributor,6481,5163,12.93
Marina Pereira,1,0,0,0,5,5,contributor,6481,5163,12.93
Aryeh Tiktinsky,1,0,0,0,5,5,contributor,6481,5163,12.93
Michael Holtzscher,1,0,0,0,5,5,contributor,6481,5163,12.93
Anmol Dhingra,1,0,0,0,5,5,contributor,6481,5163,12.93
Serhii Dimchenko,1,0,0,0,5,5,contributor,6481,5163,12.93
davideberdin,1,0,0,0,5,5,contributor,6481,5163,12.93
Bob Lee,1,0,0,0,5,5,contributor,6481,5163,12.93
Ian Doarn,1,0,0,0,5,5,contributor,6481,5163,12.93
Joe Beeson,1,0,0,0,5,5,contributor,6481,5163,12.93
Vansi Vallabhaneni,1,0,0,0,5,5,contributor,6481,5163,12.93
Kristian Jones,1,0,0,0,5,5,contributor,6481,5163,12.93
Ben Hoyt,1,0,0,0,5,5,contributor,6481,5163,12.93
Gregory Jones,1,0,0,0,5,5,contributor,6481,5163,12.93
Ken Kawamoto,1,0,0,0,5,5,contributor,6481,5163,12.93
Jenson Reggentin,1,0,0,0,5,5,contributor,6481,5163,12.93
not the droid you are looking for,1,0,0,0,5,5,contributor,6481,5163,12.93
Xtreak,1,0,0,0,5,5,contributor,6481,5163,12.93
Xiao Fu,1,0,0,0,5,5,contributor,6481,5163,12.93
Jakob Zahn,1,0,0,0,5,5,contributor,6481,5163,12.93
Yanshi,1,0,0,0,5,5,contributor,6481,5163,12.93
Santosh Pingale,1,0,0,0,5,5,contributor,6481,5163,12.93
Eugene Serdyuk,1,0,0,0,5,5,contributor,6481,5163,12.93
yongheng.liu,1,0,0,0,5,5,contributor,6481,5163,12.93
Peng Hou,1,0,0,0,5,5,contributor,6481,5163,12.93
Austin Gibbons,1,0,0,0,5,5,contributor,6481,5163,12.93
Cedric Koffeto,1,0,0,0,5,5,contributor,6481,5163,12.93
Ayush Sharma,1,0,0,0,5,5,contributor,6481,5163,12.93
Léni,1,0,0,0,5,5,contributor,6481,5163,12.93
ismail simsek,1,0,0,0,5,5,contributor,6481,5163,12.93
Arjun Sharda,1,0,0,0,5,5,contributor,6481,5163,12.93
Gonzalo Peci,1,0,0,0,5,5,contributor,6481,5163,12.93
Vioao,1,0,0,0,5,5,contributor,6481,5163,12.93
Robert Young,1,0,0,0,5,5,contributor,6481,5163,12.93
Septian Hari Nugroho and Yap Sok Ann,1,0,0,0,5,5,contributor,6481,5163,12.93
tom,1,0,0,0,5,5,contributor,6481,5163,12.93
Tamas Szuromi,1,0,0,0,5,5,contributor,6481,5163,12.93
Pranav Sharma,1,0,0,0,5,5,contributor,6481,5163,12.93
Davor Cubranic,1,0,0,0,5,5,contributor,6481,5163,12.93
Manish Untwal,1,0,0,0,5,5,contributor,6481,5163,12.93
Joseph Distler,1,0,0,0,5,5,contributor,6481,5163,12.93
Kobe Thuwis,1,0,0,0,5,5,contributor,6481,5163,12.93
Willy Morin,1,0,0,0,5,5,contributor,6481,5163,12.93
Seongbin Hong,1,0,0,0,5,5,contributor,6481,5163,12.93
Pedro Ortiz Monasterio,1,0,0,0,5,5,contributor,6481,5163,12.93
Ben Anderson,1,0,0,0,5,5,contributor,6481,5163,12.93
jingkai,1,0,0,0,5,5,contributor,6481,5163,12.93
Eduardo Orige,1,0,0,0,5,5,contributor,6481,5163,12.93
Dave Paola,1,0,0,0,5,5,contributor,6481,5163,12.93
Adrian Perea,1,0,0,0,5,5,contributor,6481,5163,12.93
Krzysztof Mioduszewski,1,0,0,0,5,5,contributor,6481,5163,12.93
iddo,1,0,0,0,5,5,contributor,6481,5163,12.93
Suraj Biyani,1,0,0,0,5,5,contributor,6481,5163,12.93
Jiasi Zeng,1,0,0,0,5,5,contributor,6481,5163,12.93
Kj Justin,1,0,0,0,5,5,contributor,6481,5163,12.93
Seth Wilson,1,0,0,0,5,5,contributor,6481,5163,12.93
Hari Selvarajan,1,0,0,0,5,5,contributor,6481,5163,12.93
Leon,1,0,0,0,5,5,contributor,6481,5163,12.93
Mayuresh Kedari,1,0,0,0,5,5,contributor,6481,5163,12.93
Lee Gaines,1,0,0,0,5,5,contributor,6481,5163,12.93
Mark Grover,1,0,0,0,5,5,contributor,6481,5163,12.93
John C. Merfeld,1,0,0,0,5,5,contributor,6481,5163,12.93
Abhijeet Prasad,1,0,0,0,5,5,contributor,6481,5163,12.93
Roel Hogervorst CB,1,0,0,0,5,5,contributor,6481,5163,12.93
Tien-Yang-Wu,1,0,0,0,5,5,contributor,6481,5163,12.93
Aravind Vijendra,1,0,0,0,5,5,contributor,6481,5163,12.93
Aditya Vishwakarma,1,0,0,0,5,5,contributor,6481,5163,12.93
Gyandeep Singh,1,0,0,0,5,5,contributor,6481,5163,12.93
Nguyen Nguyen Phuong,1,0,0,0,5,5,contributor,6481,5163,12.93
Reggie Gomez,1,0,0,0,5,5,contributor,6481,5163,12.93
Hyouka,1,0,0,0,5,5,contributor,6481,5163,12.93
Matt Davis,1,0,0,0,5,5,contributor,6481,5163,12.93
Sam Garrett,1,0,0,0,5,5,contributor,6481,5163,12.93
David Kegley,1,0,0,0,5,5,contributor,6481,5163,12.93
Javier Herrer Torres,1,0,0,0,5,5,contributor,6481,5163,12.93
Sam,1,0,0,0,5,5,contributor,6481,5163,12.93
Chris Nordqvist,1,0,0,0,5,5,contributor,6481,5163,12.93
Artem Kirillov,1,0,0,0,5,5,contributor,6481,5163,12.93
Diego Benedicto,1,0,0,0,5,5,contributor,6481,5163,12.93
Albert 理斯特,1,0,0,0,5,5,contributor,6481,5163,12.93
Velibor Zeli,1,0,0,0,5,5,contributor,6481,5163,12.93
DShi,1,0,0,0,5,5,contributor,6481,5163,12.93
Bryan Nix,1,0,0,0,5,5,contributor,6481,5163,12.93
Rikhil Raithatha,1,0,0,0,5,5,contributor,6481,5163,12.93
Baiyue Cao,1,0,0,0,5,5,contributor,6481,5163,12.93
Nishant Gupta,1,0,0,0,5,5,contributor,6481,5163,12.93
Mahesh Panati,1,0,0,0,5,5,contributor,6481,5163,12.93
Sin-Woo Bang,1,0,0,0,5,5,contributor,6481,5163,12.93
Pradyumna Rahul,1,0,0,0,5,5,contributor,6481,5163,12.93
Kevin P. Fleming,1,0,0,0,5,5,contributor,6481,5163,12.93
Firass,1,0,0,0,5,5,contributor,6481,5163,12.93
Vignana Vadloori,1,0,0,0,5,5,contributor,6481,5163,12.93
Almog Tavor,1,0,0,0,5,5,contributor,6481,5163,12.93
chao,1,0,0,0,5,5,contributor,6481,5163,12.93
Georgy Borodin,1,0,0,0,5,5,contributor,6481,5163,12.93
Warren Linam-Church,1,0,0,0,5,5,contributor,6481,5163,12.93
Ravi Makhija,1,0,0,0,5,5,contributor,6481,5163,12.93
周长林,1,0,0,0,5,5,contributor,6481,5163,12.93
koryd,1,0,0,0,5,5,contributor,6481,5163,12.93
Md Robiuddin Robi,1,0,0,0,5,5,contributor,6481,5163,12.93
Damian Kula,1,0,0,0,5,5,contributor,6481,5163,12.93
Robin Moffatt,1,0,0,0,5,5,contributor,6481,5163,12.93
Jay Zelenkov,1,0,0,0,5,5,contributor,6481,5163,12.93
Andreas Wiede,1,0,0,0,5,5,contributor,6481,5163,12.93
Seunghyeon Yang,1,0,0,0,5,5,contributor,6481,5163,12.93
Nils Werner,1,0,0,0,5,5,contributor,6481,5163,12.93
XiaoLiangSC,1,0,0,0,5,5,contributor,6481,5163,12.93
Harrold Mussa,1,0,0,0,5,5,contributor,6481,5163,12.93
Joseph Min,1,0,0,0,5,5,contributor,6481,5163,12.93
Kolmakov Alexey,1,0,0,0,5,5,contributor,6481,5163,12.93
Robb Wagoner,1,0,0,0,5,5,contributor,6481,5163,12.93
Casey Brown,1,0,0,0,5,5,contributor,6481,5163,12.93
Matthias Wirtz,1,0,0,0,5,5,contributor,6481,5163,12.93
aviDms,1,0,0,0,5,5,contributor,6481,5163,12.93
Yeachan Park,1,0,0,0,5,5,contributor,6481,5163,12.93
Charles Bournhonesque,1,0,0,0,5,5,contributor,6481,5163,12.93
EJ Kreinar,1,0,0,0,5,5,contributor,6481,5163,12.93
Alexander Chashnikov,1,0,0,0,5,5,contributor,6481,5163,12.93
Computer Network Investigation,1,0,0,0,5,5,contributor,6481,5163,12.93
aj,1,0,0,0,5,5,contributor,6481,5163,12.93
nyeganeh,1,0,0,0,5,5,contributor,6481,5163,12.93
iS2.co,1,0,0,0,5,5,contributor,6481,5163,12.93
Katarzyna Kałek,1,0,0,0,5,5,contributor,6481,5163,12.93
Maxim Logvinenko,1,0,0,0,5,5,contributor,6481,5163,12.93
Tom Chapin,1,0,0,0,5,5,contributor,6481,5163,12.93
Sami,1,0,0,0,5,5,contributor,6481,5163,12.93
Yohei Onishi,1,0,0,0,5,5,contributor,6481,5163,12.93
Elize Papineau,1,0,0,0,5,5,contributor,6481,5163,12.93
Bertrand Bossy,1,0,0,0,5,5,contributor,6481,5163,12.93
Shraddheya Shendre,1,0,0,0,5,5,contributor,6481,5163,12.93
Alex Strick van Linschoten,1,0,0,0,5,5,contributor,6481,5163,12.93
Jiyoung Hong,1,0,0,0,5,5,contributor,6481,5163,12.93
Tuan Hoang Minh,1,0,0,0,5,5,contributor,6481,5163,12.93
Michal Charemza,1,0,0,0,5,5,contributor,6481,5163,12.93
Lin Jiqiang,1,0,0,0,5,5,contributor,6481,5163,12.93
Florian Klink,1,0,0,0,5,5,contributor,6481,5163,12.93
Max,1,0,0,0,5,5,contributor,6481,5163,12.93
Andrii Yerko,1,0,0,0,5,5,contributor,6481,5163,12.93
Austin Letson,1,0,0,0,5,5,contributor,6481,5163,12.93
Dmitry Pustoshilov,1,0,0,0,5,5,contributor,6481,5163,12.93
Mocheng Guo,1,0,0,0,5,5,contributor,6481,5163,12.93
Saurabh Kumar,1,0,0,0,5,5,contributor,6481,5163,12.93
Erik de Jong,1,0,0,0,5,5,contributor,6481,5163,12.93
Alan Mai,1,0,0,0,5,5,contributor,6481,5163,12.93
Mark Doliner,1,0,0,0,5,5,contributor,6481,5163,12.93
Simon Sawicki,1,0,0,0,5,5,contributor,6481,5163,12.93
Pranjal Mittal,1,0,0,0,5,5,contributor,6481,5163,12.93
Mike Lay,1,0,0,0,5,5,contributor,6481,5163,12.93
Vincent Yang,1,0,0,0,5,5,contributor,6481,5163,12.93
Christos Soulios,1,0,0,0,5,5,contributor,6481,5163,12.93
Andrii Abramov,1,0,0,0,5,5,contributor,6481,5163,12.93
David Skoda,1,0,0,0,5,5,contributor,6481,5163,12.93
Gabriel Eckers,1,0,0,0,5,5,contributor,6481,5163,12.93
Favian Hazman,1,0,0,0,5,5,contributor,6481,5163,12.93
warthur,1,0,0,0,5,5,contributor,6481,5163,12.93
Alex Neal Albinda,1,0,0,0,5,5,contributor,6481,5163,12.93
"Zonghan, Xie",1,0,0,0,5,5,contributor,6481,5163,12.93
Jonathan Fernandes,1,0,0,0,5,5,contributor,6481,5163,12.93
sunweinan,1,0,0,0,5,5,contributor,6481,5163,12.93
Oyinkansola Awosan,1,0,0,0,5,5,contributor,6481,5163,12.93
Xiangrui Meng,1,0,0,0,5,5,contributor,6481,5163,12.93
Stefan Langwald,1,0,0,0,5,5,contributor,6481,5163,12.93
Adrien Marteau,1,0,0,0,5,5,contributor,6481,5163,12.93
Adam Best,1,0,0,0,5,5,contributor,6481,5163,12.93
Abhishek-Tiwari,1,0,0,0,5,5,contributor,6481,5163,12.93
Avocadomaster,1,0,0,0,5,5,contributor,6481,5163,12.93
Pascal GILLET,1,0,0,0,5,5,contributor,6481,5163,12.93
Paul Baecher,1,0,0,0,5,5,contributor,6481,5163,12.93
Brooke White,1,0,0,0,5,5,contributor,6481,5163,12.93
Ryan Matthews,1,0,0,0,5,5,contributor,6481,5163,12.93
Derek,1,0,0,0,5,5,contributor,6481,5163,12.93
Roel,1,0,0,0,5,5,contributor,6481,5163,12.93
Zohar Yahav,1,0,0,0,5,5,contributor,6481,5163,12.93
Yiming Liu,1,0,0,0,5,5,contributor,6481,5163,12.93
Rafael Passos,1,0,0,0,5,5,contributor,6481,5163,12.93
lusop,1,0,0,0,5,5,contributor,6481,5163,12.93
Tamas Palinkas,1,0,0,0,5,5,contributor,6481,5163,12.93
asb,1,0,0,0,5,5,contributor,6481,5163,12.93
Oliver Chen,1,0,0,0,5,5,contributor,6481,5163,12.93
Agraj Mangal,1,0,0,0,5,5,contributor,6481,5163,12.93
Ron van Weverwijk,1,0,0,0,5,5,contributor,6481,5163,12.93
Fedor Mutiev,1,0,0,0,5,5,contributor,6481,5163,12.93
Sunah Park,1,0,0,0,5,5,contributor,6481,5163,12.93
Nikos Chasiotis,1,0,0,0,5,5,contributor,6481,5163,12.93
Oleksandr Redko,1,0,0,0,5,5,contributor,6481,5163,12.93
Berk Sudan,1,0,0,0,5,5,contributor,6481,5163,12.93
Liu Xuesi,1,0,0,0,5,5,contributor,6481,5163,12.93
Jakob Homan,1,0,0,0,5,5,contributor,6481,5163,12.93
Yuen-Kuei Hsueh,1,0,0,0,5,5,contributor,6481,5163,12.93
Jonas Rocha Lima Amaro,1,0,0,0,5,5,contributor,6481,5163,12.93
David Cavaletto,1,0,0,0,5,5,contributor,6481,5163,12.93
Anwesha Chowdhury,1,0,0,0,5,5,contributor,6481,5163,12.93
Ning Xia,1,0,0,0,5,5,contributor,6481,5163,12.93
Federico Caselli,1,0,0,0,5,5,contributor,6481,5163,12.93
Sergey Lyapustin,1,0,0,0,5,5,contributor,6481,5163,12.93
Minh Son Nguyen,1,0,0,0,5,5,contributor,6481,5163,12.93
Rafael Leiniö,1,0,0,0,5,5,contributor,6481,5163,12.93
Enrique Rivero,1,0,0,0,5,5,contributor,6481,5163,12.93
Christoph Hösler,1,0,0,0,5,5,contributor,6481,5163,12.93
Joey Cumines,1,0,0,0,5,5,contributor,6481,5163,12.93
Keeon,1,0,0,0,5,5,contributor,6481,5163,12.93
sophie-ly,1,0,0,0,5,5,contributor,6481,5163,12.93
Max Gasner,1,0,0,0,5,5,contributor,6481,5163,12.93
Edward Wells,1,0,0,0,5,5,contributor,6481,5163,12.93
saurabh singh,1,0,0,0,5,5,contributor,6481,5163,12.93
Kumpan Anton,1,0,0,0,5,5,contributor,6481,5163,12.93
Joaquín L. Robles,1,0,0,0,5,5,contributor,6481,5163,12.93
Alkis Mavridis,1,0,0,0,5,5,contributor,6481,5163,12.93
Casey Ching,1,0,0,0,5,5,contributor,6481,5163,12.93
Rishabh Srivastava,1,0,0,0,5,5,contributor,6481,5163,12.93
Dr Martin Black,1,0,0,0,5,5,contributor,6481,5163,12.93
Jason Washburn,1,0,0,0,5,5,contributor,6481,5163,12.93
Martin Breining,1,0,0,0,5,5,contributor,6481,5163,12.93
1in3x,1,0,0,0,5,5,contributor,6481,5163,12.93
Itay Adler,1,0,0,0,5,5,contributor,6481,5163,12.93
James Ko,1,0,0,0,5,5,contributor,6481,5163,12.93
Jon Crall,1,0,0,0,5,5,contributor,6481,5163,12.93
Soloman Weng,1,0,0,0,5,5,contributor,6481,5163,12.93
Shpetny Eugene,1,0,0,0,5,5,contributor,6481,5163,12.93
Pavel Nikerov,1,0,0,0,5,5,contributor,6481,5163,12.93
Aviral Agrawal,1,0,0,0,5,5,contributor,6481,5163,12.93
Jeff Kao,1,0,0,0,5,5,contributor,6481,5163,12.93
Jacob Hayes,1,0,0,0,5,5,contributor,6481,5163,12.93
Sergey Serdyukov,1,0,0,0,5,5,contributor,6481,5163,12.93
Sachin Pasalkar,1,0,0,0,5,5,contributor,6481,5163,12.93
Martin Cozzi,1,0,0,0,5,5,contributor,6481,5163,12.93
Kyle Hamlin,1,0,0,0,5,5,contributor,6481,5163,12.93
Tom Kunc,1,0,0,0,5,5,contributor,6481,5163,12.93
Dmitri Kuksik,1,0,0,0,5,5,contributor,6481,5163,12.93
Will Yang,1,0,0,0,5,5,contributor,6481,5163,12.93
Zakaria EL Mesaoudi,1,0,0,0,5,5,contributor,6481,5163,12.93
Alek Storm,1,0,0,0,5,5,contributor,6481,5163,12.93
Lennox Stevenson,1,0,0,0,5,5,contributor,6481,5163,12.93
Tamara,1,0,0,0,5,5,contributor,6481,5163,12.93
Dan,1,0,0,0,5,5,contributor,6481,5163,12.93
Romain NIO,1,0,0,0,5,5,contributor,6481,5163,12.93
Ricardo Carlinix,1,0,0,0,5,5,contributor,6481,5163,12.93
Stephen Purcell,1,0,0,0,5,5,contributor,6481,5163,12.93
Bento,1,0,0,0,5,5,contributor,6481,5163,12.93
saurabh gulati,1,0,0,0,5,5,contributor,6481,5163,12.93
Jan Frederik Léger,1,0,0,0,5,5,contributor,6481,5163,12.93
Ivan Vergiliev,1,0,0,0,5,5,contributor,6481,5163,12.93
Sandy Ganz,1,0,0,0,5,5,contributor,6481,5163,12.93
Miłosz Szymczak,1,0,0,0,5,5,contributor,6481,5163,12.93
Ovidiu Calbajos,1,0,0,0,5,5,contributor,6481,5163,12.93
Mansu Kim,1,0,0,0,5,5,contributor,6481,5163,12.93
datamanbhavesh,1,0,0,0,5,5,contributor,6481,5163,12.93
Ivan Arozamena,1,0,0,0,5,5,contributor,6481,5163,12.93
Ankit Dobhal,1,0,0,0,5,5,contributor,6481,5163,12.93
Sungyun Hur,1,0,0,0,5,5,contributor,6481,5163,12.93
Joonas Venäläinen,1,0,0,0,5,5,contributor,6481,5163,12.93
Vara Bonthu,1,0,0,0,5,5,contributor,6481,5163,12.93
Eyal Zekaria,1,0,0,0,5,5,contributor,6481,5163,12.93
Sean McQueen,1,0,0,0,5,5,contributor,6481,5163,12.93
Vincent DOMINGUES,1,0,0,0,5,5,contributor,6481,5163,12.93
Venkat VJ,1,0,0,0,5,5,contributor,6481,5163,12.93
Vinícius Mello,1,0,0,0,5,5,contributor,6481,5163,12.93
Daniel Sakuma,1,0,0,0,5,5,contributor,6481,5163,12.93
Sergio Escalante,1,0,0,0,5,5,contributor,6481,5163,12.93
Mohammadreza Dehghanizadeh,1,0,0,0,5,5,contributor,6481,5163,12.93
William Tran,1,0,0,0,5,5,contributor,6481,5163,12.93
Clemens,1,0,0,0,5,5,contributor,6481,5163,12.93
Natsuki,1,0,0,0,5,5,contributor,6481,5163,12.93
Shreyas Joshi,1,0,0,0,5,5,contributor,6481,5163,12.93
Spencer Shadley,1,0,0,0,5,5,contributor,6481,5163,12.93
Santtu Järvi,1,0,0,0,5,5,contributor,6481,5163,12.93
Theodore Siu,1,0,0,0,5,5,contributor,6481,5163,12.93
Wojciech Smolak,1,0,0,0,5,5,contributor,6481,5163,12.93
Wyatt Shapiro,1,0,0,0,5,5,contributor,6481,5163,12.93
Matthew Housley,1,0,0,0,5,5,contributor,6481,5163,12.93
Damir Lampa,1,0,0,0,5,5,contributor,6481,5163,12.93
Eitan Shalev,1,0,0,0,5,5,contributor,6481,5163,12.93
Tereza Iofciu,1,0,0,0,5,5,contributor,6481,5163,12.93
Nitesh Kumar Dubey Samsung,1,0,0,0,5,5,contributor,6481,5163,12.93
HyunWoo Oh,1,0,0,0,5,5,contributor,6481,5163,12.93
Víctor Rincones,1,0,0,0,5,5,contributor,6481,5163,12.93
Robert Volkmann,1,0,0,0,5,5,contributor,6481,5163,12.93
Rajat Srivastava,1,0,0,0,5,5,contributor,6481,5163,12.93
Sasidharan Rathinam,1,0,0,0,5,5,contributor,6481,5163,12.93
Jt Miclat,1,0,0,0,5,5,contributor,6481,5163,12.93
Florian Ferreira,1,0,0,0,5,5,contributor,6481,5163,12.93
Chris Mitchell,1,0,0,0,5,5,contributor,6481,5163,12.93
Ori Popowski,1,0,0,0,5,5,contributor,6481,5163,12.93
Alejo Rodriguez,1,0,0,0,5,5,contributor,6481,5163,12.93
Nir Rosenthal,1,0,0,0,5,5,contributor,6481,5163,12.93
Philipp Hitzler,1,0,0,0,5,5,contributor,6481,5163,12.93
lindsey anne,1,0,0,0,5,5,contributor,6481,5163,12.93
Michael A. Gonzalez,1,0,0,0,5,5,contributor,6481,5163,12.93
Jake Witz,1,0,0,0,5,5,contributor,6481,5163,12.93
SaurabhhB,1,0,0,0,5,5,contributor,6481,5163,12.93
Ben Stuart,1,0,0,0,5,5,contributor,6481,5163,12.93
nihua,1,0,0,0,5,5,contributor,6481,5163,12.93
Hitesh Gupta,1,0,0,0,5,5,contributor,6481,5163,12.93
Rahul,1,0,0,0,5,5,contributor,6481,5163,12.93
Mike Dias,1,0,0,0,5,5,contributor,6481,5163,12.93
graben1437,1,0,0,0,5,5,contributor,6481,5163,12.93
Joseda Escribano,1,0,0,0,5,5,contributor,6481,5163,12.93
Bakyt Niiazaliev,1,0,0,0,5,5,contributor,6481,5163,12.93
Karthik Ravi,1,0,0,0,5,5,contributor,6481,5163,12.93
uti,1,0,0,0,5,5,contributor,6481,5163,12.93
Valera,1,0,0,0,5,5,contributor,6481,5163,12.93
Cameron Billy,1,0,0,0,5,5,contributor,6481,5163,12.93
Omer Ginosar,1,0,0,0,5,5,contributor,6481,5163,12.93
Pranshu Pandya,1,0,0,0,5,5,contributor,6481,5163,12.93
Jose Luis Ricon,1,0,0,0,5,5,contributor,6481,5163,12.93
João A Silva,1,0,0,0,5,5,contributor,6481,5163,12.93
José Neta,1,0,0,0,5,5,contributor,6481,5163,12.93
Mac,1,0,0,0,5,5,contributor,6481,5163,12.93
Kirill Tsukanov,1,0,0,0,5,5,contributor,6481,5163,12.93
João Pedro M Miguel,1,0,0,0,5,5,contributor,6481,5163,12.93
Namrata Sahu,1,0,0,0,5,5,contributor,6481,5163,12.93
milanvdmria,1,0,0,0,5,5,contributor,6481,5163,12.93
Sven Perkmann,1,0,0,0,5,5,contributor,6481,5163,12.93
Emin Can OGUZ,1,0,0,0,5,5,contributor,6481,5163,12.93
XiongJF,1,0,0,0,5,5,contributor,6481,5163,12.93
Flavia Nshemerirwe,1,0,0,0,5,5,contributor,6481,5163,12.93
Leonard Meerwood,1,0,0,0,5,5,contributor,6481,5163,12.93
Mathieu Montgomery,1,0,0,0,5,5,contributor,6481,5163,12.93
LDAP/arthur_wiedmer,1,0,0,0,5,5,contributor,6481,5163,12.93
Mark Zhang,1,0,0,0,5,5,contributor,6481,5163,12.93
larluo,1,0,0,0,5,5,contributor,6481,5163,12.93
Stan Dyro,1,0,0,0,5,5,contributor,6481,5163,12.93
Mihail Petkov,1,0,0,0,5,5,contributor,6481,5163,12.93
John Nason,1,0,0,0,5,5,contributor,6481,5163,12.93
Frank Breetz,1,0,0,0,5,5,contributor,6481,5163,12.93
Chris Nauroth,1,0,0,0,5,5,contributor,6481,5163,12.93
Marcin Sitnik,1,0,0,0,5,5,contributor,6481,5163,12.93
Zohaib Khalid,1,0,0,0,5,5,contributor,6481,5163,12.93
José Joaquín Virtudes Castro,1,0,0,0,5,5,contributor,6481,5163,12.93
Alex Shires,1,0,0,0,5,5,contributor,6481,5163,12.93
Dmitry Astankov,1,0,0,0,5,5,contributor,6481,5163,12.93
Satya Gopu,1,0,0,0,5,5,contributor,6481,5163,12.93
Soichiro Taga (Future),1,0,0,0,5,5,contributor,6481,5163,12.93
Artem Konovalov,1,0,0,0,5,5,contributor,6481,5163,12.93
Adam Whitney,1,0,0,0,5,5,contributor,6481,5163,12.93
Jean-Martin Archer,1,0,0,0,5,5,contributor,6481,5163,12.93
Ben Lee Rodgers,1,0,0,0,5,5,contributor,6481,5163,12.93
Tim Fiedler,1,0,0,0,5,5,contributor,6481,5163,12.93
Christopher Alcock,1,0,0,0,5,5,contributor,6481,5163,12.93
R3da,1,0,0,0,5,5,contributor,6481,5163,12.93
Ke Zhu,1,0,0,0,5,5,contributor,6481,5163,12.93
Andres Lowrie,1,0,0,0,5,5,contributor,6481,5163,12.93
Deepak Kumar,1,0,0,0,5,5,contributor,6481,5163,12.93
Charis-Nicolas Georgiou,1,0,0,0,5,5,contributor,6481,5163,12.93
Kim Bo Kyeong,1,0,0,0,5,5,contributor,6481,5163,12.93
ConnorLin,1,0,0,0,5,5,contributor,6481,5163,12.93
Chirag S,1,0,0,0,5,5,contributor,6481,5163,12.93
Matt Dupree,1,0,0,0,5,5,contributor,6481,5163,12.93
Kshira Saagar,1,0,0,0,5,5,contributor,6481,5163,12.93
Alex Vicol,1,0,0,0,5,5,contributor,6481,5163,12.93
Sanyam Satia,1,0,0,0,5,5,contributor,6481,5163,12.93
Simon O'Hanlon,1,0,0,0,5,5,contributor,6481,5163,12.93
Ivan Dunin,1,0,0,0,5,5,contributor,6481,5163,12.93
Velmira Georgieva,1,0,0,0,5,5,contributor,6481,5163,12.93
Stefan Wüthrich,1,0,0,0,5,5,contributor,6481,5163,12.93
Gabriel Freitas,1,0,0,0,5,5,contributor,6481,5163,12.93
Felipe F. Barral,1,0,0,0,5,5,contributor,6481,5163,12.93
Woong Seok Kang,1,0,0,0,5,5,contributor,6481,5163,12.93
David Jankoski,1,0,0,0,5,5,contributor,6481,5163,12.93
Yujia Yang,1,0,0,0,5,5,contributor,6481,5163,12.93
Vedant Mamgain,1,0,0,0,5,5,contributor,6481,5163,12.93
Maulik Soneji,1,0,0,0,5,5,contributor,6481,5163,12.93
John Zeringue,1,0,0,0,5,5,contributor,6481,5163,12.93
Rurui,1,0,0,0,5,5,contributor,6481,5163,12.93
Chenhaoyuan,1,0,0,0,5,5,contributor,6481,5163,12.93
Benjamin Sims,1,0,0,0,5,5,contributor,6481,5163,12.93
Mindaugas,1,0,0,0,5,5,contributor,6481,5163,12.93
starone,1,0,0,0,5,5,contributor,6481,5163,12.93
bu,1,0,0,0,5,5,contributor,6481,5163,12.93
Kallam Reddy,1,0,0,0,5,5,contributor,6481,5163,12.93
Varun Dhussa,1,0,0,0,5,5,contributor,6481,5163,12.93
Hiroki,1,0,0,0,5,5,contributor,6481,5163,12.93
Takuya Kitazawa,1,0,0,0,5,5,contributor,6481,5163,12.93
Yukiya Hayashi A.k.a morihaya,1,0,0,0,5,5,contributor,6481,5163,12.93
Fedor Kobak,1,0,0,0,5,5,contributor,6481,5163,12.93
Manitra RANAIVOHARISON,1,0,0,0,5,5,contributor,6481,5163,12.93
Daniel Moreno,1,0,0,0,5,5,contributor,6481,5163,12.93
Rachel Wigell,1,0,0,0,5,5,contributor,6481,5163,12.93
Michael Barrientos,1,0,0,0,5,5,contributor,6481,5163,12.93
Vivek,1,0,0,0,5,5,contributor,6481,5163,12.93
Max Mak,1,0,0,0,5,5,contributor,6481,5163,12.93
Miller Tracy,1,0,0,0,5,5,contributor,6481,5163,12.93
Andrew Maguire,1,0,0,0,5,5,contributor,6481,5163,12.93
Marcus,1,0,0,0,5,5,contributor,6481,5163,12.93
Bolgov Andrey,1,0,0,0,5,5,contributor,6481,5163,12.93
Bryan Corder,1,0,0,0,5,5,contributor,6481,5163,12.93
Jonathan Jin,1,0,0,0,5,5,contributor,6481,5163,12.93
Alex Grounds,1,0,0,0,5,5,contributor,6481,5163,12.93
Seunggabi Kim,1,0,0,0,5,5,contributor,6481,5163,12.93
Jon Davies,1,0,0,0,5,5,contributor,6481,5163,12.93
Vinay Kulkarni,1,0,0,0,5,5,contributor,6481,5163,12.93
Michał Konarski,1,0,0,0,5,5,contributor,6481,5163,12.93
Shitij Goyal,1,0,0,0,5,5,contributor,6481,5163,12.93
Vanilla,1,0,0,0,5,5,contributor,6481,5163,12.93
Riccardo Salamanna,1,0,0,0,5,5,contributor,6481,5163,12.93
Dylan Turnbull,1,0,0,0,5,5,contributor,6481,5163,12.93
HARSHITH GANDHE,1,0,0,0,5,5,contributor,6481,5163,12.93
Rubén Briones,1,0,0,0,5,5,contributor,6481,5163,12.93
Jessica Laughlin,1,0,0,0,5,5,contributor,6481,5163,12.93
Magnus Wahlberg,1,0,0,0,5,5,contributor,6481,5163,12.93
Fabrizio Milo,1,0,0,0,5,5,contributor,6481,5163,12.93
Luca Falsina,1,0,0,0,5,5,contributor,6481,5163,12.93
Ulises Ojeda,1,0,0,0,5,5,contributor,6481,5163,12.93
宋财礼,1,0,0,0,5,5,contributor,6481,5163,12.93
Grant Nicholas,1,0,0,0,5,5,contributor,6481,5163,12.93
Ghislain Antony Vaillant,1,0,0,0,5,5,contributor,6481,5163,12.93
Denis Boulas,1,0,0,0,5,5,contributor,6481,5163,12.93
Ori Moisis,1,0,0,0,5,5,contributor,6481,5163,12.93
Weiping He,1,0,0,0,5,5,contributor,6481,5163,12.93
Sean McIntyre,1,0,0,0,5,5,contributor,6481,5163,12.93
Davide Anastasia,1,0,0,0,5,5,contributor,6481,5163,12.93
SeongJun Shin,1,0,0,0,5,5,contributor,6481,5163,12.93
Nilo Freitas,1,0,0,0,5,5,contributor,6481,5163,12.93
David Katz,1,0,0,0,5,5,contributor,6481,5163,12.93
Sam Weston,1,0,0,0,5,5,contributor,6481,5163,12.93
Jeff Melching,1,0,0,0,5,5,contributor,6481,5163,12.93
Leon Yuan,1,0,0,0,5,5,contributor,6481,5163,12.93
Jason Smale,1,0,0,0,5,5,contributor,6481,5163,12.93
Frank Maritato,1,0,0,0,5,5,contributor,6481,5163,12.93
John McDowell,1,0,0,0,5,5,contributor,6481,5163,12.93
S. M. Mohiuddin Khan Shiam,1,0,0,0,5,5,contributor,6481,5163,12.93
Salih Göktuğ Köse,1,0,0,0,5,5,contributor,6481,5163,12.93
Vladimir Binshtok,1,0,0,0,5,5,contributor,6481,5163,12.93
aeongsseu,1,0,0,0,5,5,contributor,6481,5163,12.93
Mathieu Bouzard,1,0,0,0,5,5,contributor,6481,5163,12.93
Uladzimir Yushkevich,1,0,0,0,5,5,contributor,6481,5163,12.93
Nathan Toups,1,0,0,0,5,5,contributor,6481,5163,12.93
KUAN Hsuan-Tso,1,0,0,0,5,5,contributor,6481,5163,12.93
Wil Molina,1,0,0,0,5,5,contributor,6481,5163,12.93
Dan Jarratt,1,0,0,0,5,5,contributor,6481,5163,12.93
Junhwa Song,1,0,0,0,5,5,contributor,6481,5163,12.93
Dheerajkumar Solanki,1,0,0,0,5,5,contributor,6481,5163,12.93
Creative Ataraxia,1,0,0,0,5,5,contributor,6481,5163,12.93
Andrey Klochkov,1,0,0,0,5,5,contributor,6481,5163,12.93
Mike Clarke,1,0,0,0,5,5,contributor,6481,5163,12.93
Daniel Francis,1,0,0,0,5,5,contributor,6481,5163,12.93
Oliver Tosky,1,0,0,0,5,5,contributor,6481,5163,12.93
Tomáš Drtina,1,0,0,0,5,5,contributor,6481,5163,12.93
Vojtech Vondra,1,0,0,0,5,5,contributor,6481,5163,12.93
Andrew Lih,1,0,0,0,5,5,contributor,6481,5163,12.93
Kwon Soonmok,1,0,0,0,5,5,contributor,6481,5163,12.93
Saurabh Bajaj,1,0,0,0,5,5,contributor,6481,5163,12.93
Will,1,0,0,0,5,5,contributor,6481,5163,12.93
Jinhui Zhang,1,0,0,0,5,5,contributor,6481,5163,12.93
sarafonseca,1,0,0,0,5,5,contributor,6481,5163,12.93
Victor Jimenez,1,0,0,0,5,5,contributor,6481,5163,12.93
Pratyush Gupta,1,0,0,0,5,5,contributor,6481,5163,12.93
mmaia,1,0,0,0,5,5,contributor,6481,5163,12.93
Kevin Allen,1,0,0,0,5,5,contributor,6481,5163,12.93
Adam Savitzky,1,0,0,0,5,5,contributor,6481,5163,12.93
Pavan Sabnis,1,0,0,0,5,5,contributor,6481,5163,12.93
Nadim Younes,1,0,0,0,5,5,contributor,6481,5163,12.93
Dani Hodovic,1,0,0,0,5,5,contributor,6481,5163,12.93
Phi Nguyen,1,0,0,0,5,5,contributor,6481,5163,12.93
Maxime Kestemont,1,0,0,0,5,5,contributor,6481,5163,12.93
Sanjay M,1,0,0,0,5,5,contributor,6481,5163,12.93
Seo JiHyeong,1,0,0,0,5,5,contributor,6481,5163,12.93
Akash Srivastava,1,0,0,0,5,5,contributor,6481,5163,12.93
Shivam Rastogi,1,0,0,0,5,5,contributor,6481,5163,12.93
Robert Grizzell,1,0,0,0,5,5,contributor,6481,5163,12.93
Neil Kolban,1,0,0,0,5,5,contributor,6481,5163,12.93
Christian Gagnon,1,0,0,0,5,5,contributor,6481,5163,12.93
SatishChGit,1,0,0,0,5,5,contributor,6481,5163,12.93
José Francisco Molano-Pulido,1,0,0,0,5,5,contributor,6481,5163,12.93
Jetsada Machom,1,0,0,0,5,5,contributor,6481,5163,12.93
Anja Istenič,1,0,0,0,5,5,contributor,6481,5163,12.93
Joel Labes,1,0,0,0,5,5,contributor,6481,5163,12.93
Octávio Lage,1,0,0,0,5,5,contributor,6481,5163,12.93
Sunrin SHIMURA (keen),1,0,0,0,5,5,contributor,6481,5163,12.93
Zezae Oh,1,0,0,0,5,5,contributor,6481,5163,12.93
Omeed Musavi,1,0,0,0,5,5,contributor,6481,5163,12.93
ZhengYuan Loo,1,0,0,0,5,5,contributor,6481,5163,12.93
Miguel Carbajo Berrocal,1,0,0,0,5,5,contributor,6481,5163,12.93
Kevin Gao,1,0,0,0,5,5,contributor,6481,5163,12.93
Jeremy Monat,1,0,0,0,5,5,contributor,6481,5163,12.93
Thomas Hillyer,1,0,0,0,5,5,contributor,6481,5163,12.93
Mattia Bertorello,1,0,0,0,5,5,contributor,6481,5163,12.93
Wiktor Niesiobędzki,1,0,0,0,5,5,contributor,6481,5163,12.93
Yaming Zhang,1,0,0,0,5,5,contributor,6481,5163,12.93
Debdutto Chakraborty,1,0,0,0,5,5,contributor,6481,5163,12.93
Daniel RC,1,0,0,0,5,5,contributor,6481,5163,12.93
Gee,1,0,0,0,5,5,contributor,6481,5163,12.93
Angel Freire,1,0,0,0,5,5,contributor,6481,5163,12.93
Rytis Ulys,1,0,0,0,5,5,contributor,6481,5163,12.93
John Brandborg,1,0,0,0,5,5,contributor,6481,5163,12.93
Xiao Yu,1,0,0,0,5,5,contributor,6481,5163,12.93
Anoop Kunjuraman,1,0,0,0,5,5,contributor,6481,5163,12.93
Derrick Qin,1,0,0,0,5,5,contributor,6481,5163,12.93
Dmitry Dandykin,1,0,0,0,5,5,contributor,6481,5163,12.93
Anthony Brown,1,0,0,0,5,5,contributor,6481,5163,12.93
Ole Christian Langfjæran,1,0,0,0,5,5,contributor,6481,5163,12.93
Mario Rivera,1,0,0,0,5,5,contributor,6481,5163,12.93
Robin,1,0,0,0,5,5,contributor,6481,5163,12.93
Paul Stanton,1,0,0,0,5,5,contributor,6481,5163,12.93
"Keiji, Yoshimi",1,0,0,0,5,5,contributor,6481,5163,12.93
Nicholas Huang,1,0,0,0,5,5,contributor,6481,5163,12.93
Gaurav Sehgal,1,0,0,0,5,5,contributor,6481,5163,12.93
David Prieto Rivera,1,0,0,0,5,5,contributor,6481,5163,12.93
Anatoli Babenia,1,0,0,0,5,5,contributor,6481,5163,12.93
Kevin Mills,1,0,0,0,5,5,contributor,6481,5163,12.93
Vipul Pandey,1,0,0,0,5,5,contributor,6481,5163,12.93
Anton Protopopov,1,0,0,0,5,5,contributor,6481,5163,12.93
Chengzhi Zhao,1,0,0,0,5,5,contributor,6481,5163,12.93
Tamu,1,0,0,0,5,5,contributor,6481,5163,12.93
Bryant Larsen,1,0,0,0,5,5,contributor,6481,5163,12.93
Pablo Collado,1,0,0,0,5,5,contributor,6481,5163,12.93
John Thomas,1,0,0,0,5,5,contributor,6481,5163,12.93
Abhik Chakraborty,1,0,0,0,5,5,contributor,6481,5163,12.93
Ryan Williams,1,0,0,0,5,5,contributor,6481,5163,12.93
Jérôme Gurhem,1,0,0,0,5,5,contributor,6481,5163,12.93
Mark Scannell,1,0,0,0,5,5,contributor,6481,5163,12.93
Vuong Hoang,1,0,0,0,5,5,contributor,6481,5163,12.93
Vitalii Lazuka,1,0,0,0,5,5,contributor,6481,5163,12.93
Saheb Kanodia,1,0,0,0,5,5,contributor,6481,5163,12.93
Bedi Egilmez,1,0,0,0,5,5,contributor,6481,5163,12.93
Mohammad Ali Mehdizadeh,1,0,0,0,5,5,contributor,6481,5163,12.93
Yasen Petrov,1,0,0,0,5,5,contributor,6481,5163,12.93
Will Herrmann,1,0,0,0,5,5,contributor,6481,5163,12.93
David Vega Fontelos,1,0,0,0,5,5,contributor,6481,5163,12.93
Florian Maurer,1,0,0,0,5,5,contributor,6481,5163,12.93
Jeremy Bernier,1,0,0,0,5,5,contributor,6481,5163,12.93
Summit Suen,1,0,0,0,5,5,contributor,6481,5163,12.93
Wong Yong Jie,1,0,0,0,5,5,contributor,6481,5163,12.93
Danylo Baibak,1,0,0,0,5,5,contributor,6481,5163,12.93
Y.Yaswanth Raj Kumar,1,0,0,0,5,5,contributor,6481,5163,12.93
Gerson Scheffer,1,0,0,0,5,5,contributor,6481,5163,12.93
Toby Dacre,1,0,0,0,5,5,contributor,6481,5163,12.93
Joe,1,0,0,0,5,5,contributor,6481,5163,12.93
Louis Simoneau,1,0,0,0,5,5,contributor,6481,5163,12.93
Varun Taware,1,0,0,0,5,5,contributor,6481,5163,12.93
Wassim Touyar,1,0,0,0,5,5,contributor,6481,5163,12.93
nik-davis,0,0,2,0,4,4,observer,8386,74,1.52
rachthree,0,0,2,0,4,4,observer,8386,74,1.52
RickRen7575,0,0,2,0,4,4,observer,8386,74,1.52
pravo23,0,0,2,0,4,4,observer,8386,74,1.52
acazacu,0,0,2,0,4,4,observer,8386,74,1.52
dshvedchenko,0,0,2,0,4,4,observer,8386,74,1.52
alvinzhangdd,0,0,2,0,4,4,observer,8386,74,1.52
dvarrazzo,0,0,2,0,4,4,observer,8386,74,1.52
sungchun12,0,0,2,0,4,4,observer,8386,74,1.52
ccage-simp,0,0,2,0,4,4,observer,8386,74,1.52
michalmodras,0,0,2,0,4,4,observer,8386,74,1.52
TheRook,0,0,2,0,4,4,observer,8386,74,1.52
ChrisEverling,0,0,2,0,4,4,observer,8386,74,1.52
vaefremov95,0,0,2,0,4,4,observer,8386,74,1.52
drsantos20,0,0,2,0,4,4,observer,8386,74,1.52
thirtyseven,0,0,2,0,4,4,observer,8386,74,1.52
x42005e1f,0,0,2,0,4,4,observer,8386,74,1.52
fzhcary,0,0,2,0,4,4,observer,8386,74,1.52
xurror,0,0,2,0,4,4,observer,8386,74,1.52
aptenodytes-forsteri,0,0,2,0,4,4,observer,8386,74,1.52
pdeardorff-r7,0,0,2,0,4,4,observer,8386,74,1.52
luanmorenomaciel,0,0,2,0,4,4,observer,8386,74,1.52
nadavgross,0,0,2,0,4,4,observer,8386,74,1.52
sarahmaas,0,0,2,0,4,4,observer,8386,74,1.52
mbaeck5,0,0,2,0,4,4,observer,8386,74,1.52
netazvi,0,0,2,0,4,4,observer,8386,74,1.52
craigrosie,0,0,2,0,4,4,observer,8386,74,1.52
pingu1m,0,0,2,0,4,4,observer,8386,74,1.52
sethvargo,0,0,2,0,4,4,observer,8386,74,1.52
jrmccluskey,0,0,2,0,4,4,observer,8386,74,1.52
JorgenG,0,0,2,0,4,4,observer,8386,74,1.52
bblommers,0,0,2,0,4,4,observer,8386,74,1.52
joeyfreund,0,0,2,0,4,4,observer,8386,74,1.52
brandondtb,0,0,2,0,4,4,observer,8386,74,1.52
plaes,0,0,2,0,4,4,observer,8386,74,1.52
AXington,0,0,2,0,4,4,observer,8386,74,1.52
ei-grad,0,0,2,0,4,4,observer,8386,74,1.52
wind0r,0,0,2,0,4,4,observer,8386,74,1.52
tgmti,0,0,2,0,4,4,observer,8386,74,1.52
saurabh-net,0,0,2,0,4,4,observer,8386,74,1.52
spbail,0,0,2,0,4,4,observer,8386,74,1.52
Asciotti,0,0,2,0,4,4,observer,8386,74,1.52
subham611,0,0,2,0,4,4,observer,8386,74,1.52
jkmalek,0,0,2,0,4,4,observer,8386,74,1.52
ankit-gautam23,0,0,0,1,3,3,observer,8430,118,1.25
xrmr,0,0,1,0,2,2,observer,8431,119,0.63
skyboi1233,0,0,1,0,2,2,observer,8431,119,0.63
eRadical,0,0,1,0,2,2,observer,8431,119,0.63
mrveera,0,0,1,0,2,2,observer,8431,119,0.63
shaikhamaan,0,0,1,0,2,2,observer,8431,119,0.63
asafeunico,0,0,1,0,2,2,observer,8431,119,0.63
dujjwalr-aws,0,0,1,0,2,2,observer,8431,119,0.63
ssulca,0,0,1,0,2,2,observer,8431,119,0.63
dekmetzi,0,0,1,0,2,2,observer,8431,119,0.63
ayush-san,0,0,1,0,2,2,observer,8431,119,0.63
KevinYanes,0,0,1,0,2,2,observer,8431,119,0.63
davidcroda,0,0,1,0,2,2,observer,8431,119,0.63
dhruvmanila,0,0,1,0,2,2,observer,8431,119,0.63
ginger0207,0,0,1,0,2,2,observer,8431,119,0.63
luup2k,0,0,1,0,2,2,observer,8431,119,0.63
pysalt,0,0,1,0,2,2,observer,8431,119,0.63
CcLarryKomenda,0,0,1,0,2,2,observer,8431,119,0.63
zevaverbach,0,0,1,0,2,2,observer,8431,119,0.63
prakashsivan-deriv,0,0,1,0,2,2,observer,8431,119,0.63
staufferl16,0,0,1,0,2,2,observer,8431,119,0.63
pindge,0,0,1,0,2,2,observer,8431,119,0.63
danielpoonwj,0,0,1,0,2,2,observer,8431,119,0.63
ribeiromarilene,0,0,1,0,2,2,observer,8431,119,0.63
Hisoka-X,0,0,1,0,2,2,observer,8431,119,0.63
cjbj,0,0,1,0,2,2,observer,8431,119,0.63
mrrobby,0,0,1,0,2,2,observer,8431,119,0.63
shalberd,0,0,1,0,2,2,observer,8431,119,0.63
strictness,0,0,1,0,2,2,observer,8431,119,0.63
alan-rotenberg,0,0,1,0,2,2,observer,8431,119,0.63
sydney-runkle,0,0,1,0,2,2,observer,8431,119,0.63
ad-m-ss,0,0,1,0,2,2,observer,8431,119,0.63
yelbom,0,0,1,0,2,2,observer,8431,119,0.63
BMFH,0,0,1,0,2,2,observer,8431,119,0.63
richard-williamson,0,0,1,0,2,2,observer,8431,119,0.63
abhiips07,0,0,1,0,2,2,observer,8431,119,0.63
ektormak,0,0,1,0,2,2,observer,8431,119,0.63
sfc-gh-jpotiuk,0,0,1,0,2,2,observer,8431,119,0.63
dpgaspar,0,0,1,0,2,2,observer,8431,119,0.63
kenluck2001,0,0,1,0,2,2,observer,8431,119,0.63
fengsi,0,0,1,0,2,2,observer,8431,119,0.63
rebeccasg,0,0,1,0,2,2,observer,8431,119,0.63
TheNeuralBit,0,0,1,0,2,2,observer,8431,119,0.63
aladinoss,0,0,1,0,2,2,observer,8431,119,0.63
jtele2,0,0,1,0,2,2,observer,8431,119,0.63
shettyrag,0,0,1,0,2,2,observer,8431,119,0.63
jeffolsi,0,0,1,0,2,2,observer,8431,119,0.63
hongshaoyang,0,0,1,0,2,2,observer,8431,119,0.63
marclamberti,0,0,1,0,2,2,observer,8431,119,0.63
Rep1AI,0,0,1,0,2,2,observer,8431,119,0.63
zuk,0,0,1,0,2,2,observer,8431,119,0.63
sigmadream,0,0,1,0,2,2,observer,8431,119,0.63
sti0,0,0,1,0,2,2,observer,8431,119,0.63
sahil-walia,0,0,1,0,2,2,observer,8431,119,0.63
rickshapiroBetter,0,0,1,0,2,2,observer,8431,119,0.63
hamdanal,0,0,1,0,2,2,observer,8431,119,0.63
fhenrywells,0,0,1,0,2,2,observer,8431,119,0.63
sreevatsanraman,0,0,1,0,2,2,observer,8431,119,0.63
isaulv,0,0,1,0,2,2,observer,8431,119,0.63
SayakMukhopadhyay,0,0,1,0,2,2,observer,8431,119,0.63
simonvanderveldt,0,0,1,0,2,2,observer,8431,119,0.63
streetmapp,0,0,1,0,2,2,observer,8431,119,0.63
Frank-T-Johansen,0,0,1,0,2,2,observer,8431,119,0.63
bsdz,0,0,1,0,2,2,observer,8431,119,0.63
PavelKozakovskyy,0,0,1,0,2,2,observer,8431,119,0.63
shaofengshi,0,0,1,0,2,2,observer,8431,119,0.63
savingoyal,0,0,1,0,2,2,observer,8431,119,0.63
rohitnandi12,0,0,1,0,2,2,observer,8431,119,0.63
foresmac,0,0,1,0,2,2,observer,8431,119,0.63
arbass22,0,0,1,0,2,2,observer,8431,119,0.63
jared-martin,0,0,1,0,2,2,observer,8431,119,0.63
joonsan-kim-moloco,0,0,1,0,2,2,observer,8431,119,0.63
noamelf,0,0,1,0,2,2,observer,8431,119,0.63
matschaffer-roblox,0,0,1,0,2,2,observer,8431,119,0.63
jcrist,0,0,1,0,2,2,observer,8431,119,0.63
alex-brunshtein,0,0,1,0,2,2,observer,8431,119,0.63
HeroCC,0,0,1,0,2,2,observer,8431,119,0.63
alexsstock,0,0,1,0,2,2,observer,8431,119,0.63
mertozb,0,0,1,0,2,2,observer,8431,119,0.63
ulgens,0,0,1,0,2,2,observer,8431,119,0.63
bergerx,0,0,1,0,2,2,observer,8431,119,0.63
sbrundu,0,0,1,0,2,2,observer,8431,119,0.63
reganbaum,0,0,1,0,2,2,observer,8431,119,0.63
hasancatalgol,0,0,1,0,2,2,observer,8431,119,0.63
nradz,0,0,1,0,2,2,observer,8431,119,0.63
kiritdevda,0,0,1,0,2,2,observer,8431,119,0.63
boctorj,0,0,1,0,2,2,observer,8431,119,0.63
GezimSejdiu,0,0,1,0,2,2,observer,8431,119,0.63
injae-kim,0,0,1,0,2,2,observer,8431,119,0.63
alicj,0,0,1,0,2,2,observer,8431,119,0.63
brumi1024,0,0,1,0,2,2,observer,8431,119,0.63
lwbayes,0,0,1,0,2,2,observer,8431,119,0.63
aschutz01,0,0,1,0,2,2,observer,8431,119,0.63
NilsIrl,0,0,1,0,2,2,observer,8431,119,0.63
kien-truong,0,0,1,0,2,2,observer,8431,119,0.63
troxil,0,0,1,0,2,2,observer,8431,119,0.63
arjundevarajan,0,0,1,0,2,2,observer,8431,119,0.63
kiaradlf,0,0,1,0,2,2,observer,8431,119,0.63
paulsyl,0,0,1,0,2,2,observer,8431,119,0.63
laia-masdexaxars-king,0,0,1,0,2,2,observer,8431,119,0.63
VVRChilukoori,0,0,1,0,2,2,observer,8431,119,0.63
dakov,0,0,1,0,2,2,observer,8431,119,0.63
anselboero,0,0,1,0,2,2,observer,8431,119,0.63
sjhewitt,0,0,1,0,2,2,observer,8431,119,0.63
h30306,0,0,1,0,2,2,observer,8431,119,0.63
workingDice,0,0,1,0,2,2,observer,8431,119,0.63
werbolis,0,0,1,0,2,2,observer,8431,119,0.63